storm,basin,time,lat,lon,grade
1982-01,BOB,1982-05-01 03:00:00,14.0,82.5,D
1982-01,BOB,1982-05-01 06:00:00,14.5,82.5,DD
1982-01,BOB,1982-05-01 12:00:00,15.0,82.0,CS
1982-01,BOB,1982-05-01 18:00:00,15.5,82.5,CS
1982-01,BOB,1982-05-02 00:00:00,16.0,83.0,CS
1982-01,BOB,1982-05-02 03:00:00,16.5,83.5,CS
1982-01,BOB,1982-05-02 06:00:00,16.5,84.0,SCS
1982-01,BOB,1982-05-02 12:00:00,16.5,84.5,SCS
1982-01,BOB,1982-05-02 18:00:00,17.0,85.0,SCS
1982-01,BOB,1982-05-03 00:00:00,17.0,86.0,SCS
1982-01,BOB,1982-05-03 03:00:00,17.0,86.5,VSCS
1982-01,BOB,1982-05-03 06:00:00,17.5,87.5,VSCS
1982-01,BOB,1982-05-03 12:00:00,17.5,88.5,VSCS
1982-01,BOB,1982-05-03 18:00:00,17.5,90.0,VSCS
1982-01,BOB,1982-05-04 00:00:00,17.5,91.0,VSCS
1982-01,BOB,1982-05-04 03:00:00,17.5,91.5,VSCS
1982-01,BOB,1982-05-04 06:00:00,17.5,92.0,VSCS
1982-01,BOB,1982-05-04 12:00:00,17.5,93.5,VSCS
1982-01,BOB,1982-05-04 18:00:00,17.3,94.5,VSCS
1982-01,BOB,1982-05-05 03:00:00,17.2,98.5,DD
1982-02,BOB,1982-05-31 12:00:00,14.5,91.5,D
1982-02,BOB,1982-05-31 18:00:00,19.0,91.3,DD
1982-02,BOB,1982-06-01 00:00:00,15.5,91.0,CS
1982-02,BOB,1982-06-01 03:00:00,16.0,91.0,CS
1982-02,BOB,1982-06-01 06:00:00,16.5,91.0,CS
1982-02,BOB,1982-06-01 12:00:00,16.5,90.5,CS
1982-02,BOB,1982-06-01 18:00:00,17.0,90.0,CS
1982-02,BOB,1982-06-02 00:00:00,19.0,88.5,CS
1982-02,BOB,1982-06-02 03:00:00,17.5,89.5,CS
1982-02,BOB,1982-06-02 06:00:00,17.5,89.5,CS
1982-02,BOB,1982-06-02 12:00:00,18.0,89.0,SCS
1982-02,BOB,1982-06-02 18:00:00,18.5,88.5,SCS
1982-02,BOB,1982-06-03 00:00:00,19.0,88.5,SCS
1982-02,BOB,1982-06-03 03:00:00,19.0,88.0,VSCS
1982-02,BOB,1982-06-03 06:00:00,19.5,87.5,VSCS
1982-02,BOB,1982-06-03 09:00:00,19.5,87.5,VSCS
1982-02,BOB,1982-06-03 12:00:00,20.0,87.0,VSCS
1982-02,BOB,1982-06-03 18:00:00,21.0,86.5,VSCS
1982-02,BOB,1982-06-04 00:00:00,21.5,86.0,VSCS
1982-02,BOB,1982-06-04 03:00:00,22.0,85.5,CS
1982-02,BOB,1982-06-04 06:00:00,22.5,85.0,CS
1982-02,BOB,1982-06-04 12:00:00,23.0,84.0,DD
1982-02,BOB,1982-06-04 18:00:00,24.0,82.5,DD
1982-02,BOB,1982-06-05 00:00:00,24.5,81.0,D
1982-02,BOB,1982-06-05 03:00:00,25.0,81.5,D
1982-03,BOB,1982-07-18 03:00:00,18.0,88.0,D
1982-03,BOB,1982-07-18 12:00:00,18.3,87.0,DD
1982-03,BOB,1982-07-18 18:00:00,18.4,86.5,DD
1982-03,BOB,1982-07-19 00:00:00,18.5,86.0,DD
1982-03,BOB,1982-07-19 03:00:00,18.5,86.0,DD
1982-03,BOB,1982-07-19 06:00:00,18.7,85.8,DD
1982-03,BOB,1982-07-19 12:00:00,19.0,85.5,D
1982-03,BOB,1982-07-20 00:00:00,19.5,85.0,D
1982-04,BOB,1982-08-12 03:00:00,20.0,88.5,D
1982-04,BOB,1982-08-12 12:00:00,20.5,87.5,D
1982-04,BOB,1982-08-12 18:00:00,20.5,87.0,D
1982-04,BOB,1982-08-18 03:00:00,21.0,88.0,D
1982-04,BOB,1982-08-18 12:00:00,21.5,87.5,D
1982-04,BOB,1982-08-19 03:00:00,22.0,86.5,D
1982-04,BOB,1982-08-19 12:00:00,22.2,86.0,D
1982-06,BOB,1982-08-27 03:00:00,19.0,88.5,D
1982-06,BOB,1982-08-27 12:00:00,20.0,88.0,D
1982-06,BOB,1982-08-28 03:00:00,21.0,88.0,D
1982-06,BOB,1982-08-28 12:00:00,21.2,87.7,D
1982-06,BOB,1982-08-29 03:00:00,20.5,85.5,D
1982-06,BOB,1982-08-29 12:00:00,21.0,85.0,D
1982-06,BOB,1982-08-30 03:00:00,22.0,85.0,D
1982-06,BOB,1982-08-30 12:00:00,23.0,85.0,D
1982-06,BOB,1982-08-31 03:00:00,24.0,84.5,D
1982-06,BOB,1982-08-31 12:00:00,25.0,82.0,D
1982-06,BOB,1982-09-01 03:00:00,25.0,81.5,D
1982-06,BOB,1982-09-01 12:00:00,25.0,81.3,D
1982-06,BOB,1982-09-02 03:00:00,25.0,81.0,D
1982-06,BOB,1982-09-02 12:00:00,25.5,80.0,D
1982-07,BOB,1982-09-09 03:00:00,18.0,89.0,D
1982-07,BOB,1982-09-09 12:00:00,18.5,87.0,D
1982-07,BOB,1982-09-10 03:00:00,20.5,85.5,D
1982-08,BOB,1982-09-29 00:00:00,22.0,91.5,DD
1982-08,BOB,1982-09-29 03:00:00,22.5,92.0,DD
1982-09,BOB,1982-10-15 03:00:00,15.5,86.5,DD
1982-09,BOB,1982-10-15 12:00:00,16.0,85.5,CS
1982-09,BOB,1982-10-15 18:00:00,16.3,84.5,CS
1982-09,BOB,1982-10-16 00:00:00,16.5,83.5,SCS
1982-09,BOB,1982-10-16 03:00:00,16.5,83.0,SCS
1982-09,BOB,1982-10-16 12:00:00,17.0,82.5,CS
1982-09,BOB,1982-10-16 18:00:00,17.1,82.5,DD
1982-10,BOB,1982-10-16 12:00:00,9.4,84.0,D
1982-10,BOB,1982-10-17 12:00:00,11.0,82.5,DD
1982-10,BOB,1982-10-17 18:00:00,12.0,82.0,CS
1982-10,BOB,1982-10-18 00:00:00,12.5,81.5,SCS
1982-10,BOB,1982-10-18 03:00:00,12.7,81.5,SCS
1982-10,BOB,1982-10-18 12:00:00,14.0,80.5,SCS
1982-10,BOB,1982-10-18 18:00:00,14.5,80.0,SCS
1982-10,BOB,1982-10-19 00:00:00,15.0,79.5,DD
1982-10,BOB,1982-10-19 03:00:00,15.0,79.0,DD
1982-10,BOB,1982-10-19 12:00:00,16.0,78.5,D
1982-10,BOB,1982-10-20 03:00:00,17.0,78.5,D
1982-10,BOB,1982-10-20 12:00:00,18.0,78.3,D
1982-10,BOB,1982-10-21 03:00:00,19.0,79.2,D
1982-10,BOB,1982-10-21 12:00:00,21.0,81.0,D
1982-11,BOB,1982-11-28 03:00:00,7.0,88.0,D
1982-11,BOB,1982-11-28 12:00:00,7.5,85.5,DD
1982-11,BOB,1982-11-29 03:00:00,8.5,83.5,D
1982-12,BOB,1982-12-02 12:00:00,7.5,84.0,
1982-12,BOB,1982-12-03 03:00:00,9.0,82.0,
1982-12,BOB,1982-12-03 12:00:00,9.5,79.5,
1982-12,BOB,1982-12-04 00:00:00,9.7,79.0,
1982-13,BOB,1982-07-15 03:00:00,20.5,69.0,D
1982-13,BOB,1982-07-15 12:00:00,21.0,68.0,D
1982-13,BOB,1982-07-16 03:00:00,22.5,67.0,D
1982-14,BOB,1982-10-01 03:00:00,13.5,71.0,D
1982-14,BOB,1982-10-01 12:00:00,14.0,70.0,DD
1982-14,BOB,1982-10-02 03:00:00,14.5,69.0,D
1982-15,BOB,1982-11-04 12:00:00,11.5,66.0,D
1982-15,BOB,1982-11-05 00:00:00,11.7,65.7,DD
1982-15,BOB,1982-11-05 03:00:00,12.5,65.0,CS
1982-15,BOB,1982-11-05 12:00:00,13.0,65.0,CS
1982-15,BOB,1982-11-06 00:00:00,13.5,65.3,CS
1982-15,BOB,1982-11-06 03:00:00,14.0,65.5,SCS
1982-15,BOB,1982-11-06 12:00:00,14.5,66.0,SCS
1982-15,BOB,1982-11-07 03:00:00,15.5,66.5,SCS
1982-15,BOB,1982-11-07 12:00:00,16.5,67.5,VSCS
1982-15,BOB,1982-11-08 03:00:00,18.5,70.0,VSCS
1982-15,BOB,1982-11-08 12:00:00,20.5,70.5,ESCS
1982-15,BOB,1982-11-09 00:00:00,22.5,73.0,SCS
1982-15,BOB,1982-11-09 03:00:00,23.0,73.5,CS
1982-15,BOB,1982-11-09 12:00:00,23.5,75.0,D
1982-16,BOB,1982-11-28 12:00:00,9.0,67.0,D
1982-16,BOB,1982-11-29 03:00:00,11.0,67.5,DD
1982-16,BOB,1982-11-29 06:00:00,11.5,68.0,D
1982-17,LAND,1982-06-17 03:00:00,23.0,90.0,D
1982-17,LAND,1982-06-17 12:00:00,23.5,90.5,D
1982-17,LAND,1982-06-18 03:00:00,25.0,92.0,D
1982-18,LAND,1982-08-02 03:00:00,23.0,90.0,D
1982-18,LAND,1982-08-02 12:00:00,23.0,90.0,D
1982-18,LAND,1982-08-03 03:00:00,25.0,90.0,D
1982-18,LAND,1982-08-03 12:00:00,25.5,90.5,D
1982-18,LAND,1982-08-04 03:00:00,25.7,89.5,D
1982-19,LAND,1982-08-25 03:00:00,26.0,80.0,D
1983-01,,1983-06-20 03:00:00,20.5,71.0,D
1983-01,,1983-06-20 12:00:00,21.0,70.0,D
1983-01,,1983-06-20 18:00:00,21.5,70.0,D
1983-01,,1983-06-21 03:00:00,22.0,70.5,D
1983-01,,1983-06-22 03:00:00,22.5,71.0,D
1983-01,,1983-06-22 12:00:00,23.0,71.5,D
1983-02,BOB,1983-06-24 03:00:00,18.0,87.0,DD
1983-02,BOB,1983-06-24 12:00:00,18.0,86.5,DD
1983-02,BOB,1983-06-24 18:00:00,18.5,86.0,DD
1983-02,BOB,1983-06-25 03:00:00,19.0,85.5,DD
1983-02,BOB,1983-06-25 12:00:00,19.5,85.0,DD
1983-02,BOB,1983-06-25 18:00:00,19.5,84.5,DD
1983-02,BOB,1983-06-26 03:00:00,20.0,83.5,D
1983-02,BOB,1983-06-26 12:00:00,21.0,83.0,D
1983-02,BOB,1983-06-27 03:00:00,22.0,81.0,D
1983-02,BOB,1983-06-27 12:00:00,23.5,78.0,D
1983-03,LAND,1983-08-04 00:00:00,23.0,87.5,D
1983-03,LAND,1983-08-04 03:00:00,23.5,87.5,D
1983-03,LAND,1983-08-04 06:00:00,24.0,88.0,D
1983-03,LAND,1983-08-04 12:00:00,24.0,89.0,D
1983-03,LAND,1983-08-04 18:00:00,23.0,89.0,D
1983-03,LAND,1983-08-05 03:00:00,22.5,88.5,DD
1983-03,LAND,1983-08-05 12:00:00,23.0,87.0,DD
1983-03,LAND,1983-08-06 03:00:00,22.5,86.0,DD
1983-03,LAND,1983-08-06 12:00:00,22.5,84.5,DD
1983-03,LAND,1983-08-07 03:00:00,21.0,81.5,DD
1983-03,LAND,1983-08-07 12:00:00,21.0,80.0,D
1983-03,LAND,1983-08-08 00:00:00,21.5,72.5,D
1983-03,LAND,1983-08-08 03:00:00,21.5,72.5,D
1983-03,LAND,1983-08-08 06:00:00,21.5,72.0,D
1983-03,LAND,1983-08-08 12:00:00,22.0,70.5,DD
1983-03,LAND,1983-08-08 18:00:00,22.0,69.5,DD
1983-03,LAND,1983-08-09 03:00:00,22.5,66.5,DD
1983-03,LAND,1983-08-09 12:00:00,22.5,62.0,DD
1983-03,LAND,1983-08-09 18:00:00,22.0,61.0,DD
1983-03,LAND,1983-08-10 03:00:00,21.5,60.0,DD
1983-03,LAND,1983-08-10 12:00:00,21.5,59.0,D
1983-03,LAND,1983-08-10 18:00:00,21.5,57.5,D
1983-04,LAND,1983-09-09 00:00:00,25.0,82.5,D
1983-04,LAND,1983-09-09 03:00:00,24.5,82.0,D
1983-04,LAND,1983-09-09 06:00:00,24.5,81.0,D
1983-04,LAND,1983-09-09 12:00:00,24.5,80.0,D
1983-04,LAND,1983-09-09 18:00:00,25.0,79.5,D
1983-04,LAND,1983-09-10 00:00:00,25.5,79.5,D
1983-04,LAND,1983-09-10 03:00:00,27.0,80.0,D
1983-04,LAND,1983-09-10 06:00:00,27.5,80.0,D
1983-04,LAND,1983-09-10 12:00:00,28.0,79.5,D
1983-04,BOB,1983-10-14 03:00:00,19.0,91.0,D
1983-04,BOB,1983-10-14 12:00:00,19.5,90.5,CS
1983-04,BOB,1983-10-15 03:00:00,21.5,91.5,CS
1983-04,BOB,1983-10-15 12:00:00,21.5,91.5,CS
1983-04,BOB,1983-11-06 03:00:00,12.0,88.5,D
1983-04,BOB,1983-11-06 12:00:00,13.0,87.5,DD
1983-04,BOB,1983-11-07 03:00:00,15.5,88.5,CS
1983-04,BOB,1983-11-07 12:00:00,15.5,88.5,CS
1983-04,BOB,1983-11-08 03:00:00,17.0,89.0,SCS
1983-04,BOB,1983-11-08 12:00:00,18.5,90.0,SCS
1983-04,BOB,1983-11-09 03:00:00,19.5,91.0,SCS
1983-04,LAND,1983-12-21 12:00:00,7.5,81.0,D
1983-04,LAND,1983-12-22 03:00:00,8.5,80.5,D
1983-04,LAND,1983-12-22 12:00:00,9.5,79.5,D
1984-01,,1984-06-05 12:00:00,18.5,67.5,D
1984-01,,1984-06-06 03:00:00,20.0,67.5,D
1984-01,,1984-06-06 12:00:00,21.5,67.5,D
1984-02,BOB,1984-07-31 03:00:00,20.0,88.5,D
1984-02,BOB,1984-07-31 12:00:00,20.0,86.5,D
1984-02,BOB,1984-08-01 03:00:00,20.5,85.0,D
1984-02,BOB,1984-08-01 12:00:00,21.0,84.0,D
1984-02,BOB,1984-08-02 03:00:00,22.0,82.0,D
1984-02,BOB,1984-08-02 12:00:00,23.0,80.5,D
1984-02,BOB,1984-08-03 03:00:00,23.5,79.0,D
1984-02,BOB,1984-08-03 12:00:00,24.0,77.0,D
1984-02,BOB,1984-08-03 18:00:00,24.5,76.0,D
1984-02,BOB,1984-08-04 03:00:00,25.0,75.0,D
1984-02,BOB,1984-08-04 12:00:00,26.0,73.0,D
1984-02,BOB,1984-08-05 03:00:00,25.5,71.5,D
1984-02,BOB,1984-08-05 12:00:00,25.5,70.5,D
1984-02,BOB,1984-08-06 03:00:00,25.5,69.0,D
1984-02,BOB,1984-08-06 12:00:00,25.0,67.0,D
1984-02,BOB,1984-08-07 03:00:00,25.5,69.0,D
1984-02,BOB,1984-08-07 12:00:00,25.0,67.0,D
1984-02,BOB,1984-08-07 18:00:00,25.0,67.0,D
1984-03,BOB,1984-08-15 00:00:00,19.5,90.5,D
1984-03,BOB,1984-08-15 03:00:00,20.0,90.0,D
1984-03,BOB,1984-08-15 12:00:00,21.0,87.0,D
1984-03,BOB,1984-08-16 03:00:00,21.7,86.5,D
1984-03,BOB,1984-08-16 12:00:00,22.0,85.5,D
1984-03,BOB,1984-08-17 03:00:00,23.0,84.0,D
1984-03,BOB,1984-08-17 12:00:00,24.0,82.5,D
1984-03,BOB,1984-08-18 03:00:00,23.5,80.5,D
1984-03,BOB,1984-08-18 12:00:00,23.5,78.5,D
1984-03,BOB,1984-08-19 03:00:00,24.5,78.5,D
1984-03,BOB,1984-08-19 12:00:00,25.5,78.5,D
1984-04,BOB,1984-10-13 00:00:00,19.0,88.0,D
1984-04,BOB,1984-10-13 03:00:00,19.5,87.5,D
1984-04,BOB,1984-10-13 12:00:00,20.5,87.5,SCS
1984-04,BOB,1984-10-14 03:00:00,20.7,86.8,SCS
1984-04,BOB,1984-10-14 12:00:00,21.5,86.0,CS
1984-04,BOB,1984-10-15 03:00:00,22.5,85.0,D
1984-04,BOB,1984-10-15 12:00:00,23.5,84.5,D
1984-05,BOB,1984-11-09 12:00:00,9.5,87.5,D
1984-05,BOB,1984-11-10 03:00:00,9.5,87.5,DD
1984-05,BOB,1984-11-10 12:00:00,10.0,86.0,DD
1984-05,BOB,1984-11-10 18:00:00,10.0,84.0,DD
1984-05,BOB,1984-11-11 03:00:00,10.5,82.5,DD
1984-05,BOB,1984-11-11 06:00:00,10.8,82.0,DD
1984-05,BOB,1984-11-11 12:00:00,11.0,81.5,CS
1984-05,BOB,1984-11-12 03:00:00,12.0,80.5,SCS
1984-05,BOB,1984-11-12 12:00:00,12.5,80.5,SCS
1984-05,BOB,1984-11-13 03:00:00,13.5,80.5,SCS
1984-05,BOB,1984-11-13 12:00:00,13.5,80.3,SCS
1984-05,BOB,1984-11-13 18:00:00,13.5,80.0,SCS
1984-05,BOB,1984-11-14 03:00:00,13.5,80.0,SCS
1984-05,BOB,1984-11-14 12:00:00,13.5,79.5,CS
1984-06,BOB,1984-11-27 12:00:00,8.5,85.5,D
1984-06,BOB,1984-11-28 03:00:00,9.0,85.0,D
1984-06,BOB,1984-11-28 12:00:00,9.5,84.5,DD
1984-06,BOB,1984-11-28 15:00:00,9.5,84.5,DD
1984-06,BOB,1984-11-29 09:00:00,9.5,84.5,CS
1984-06,BOB,1984-11-30 00:00:00,9.5,84.5,CS
1984-06,BOB,1984-11-30 03:00:00,9.5,84.5,SCS
1984-06,BOB,1984-12-01 03:00:00,10.8,80.5,SCS
1984-06,BOB,1984-12-01 12:00:00,11.0,79.0,CS
1984-06,BOB,1984-12-01 18:00:00,11.5,77.5,DD
1984-06,BOB,1984-12-02 03:00:00,11.5,74.0,D
1984-06,BOB,1984-12-04 00:00:00,11.5,68.5,D
1984-06,BOB,1984-12-04 03:00:00,11.0,65.0,DD
1984-06,BOB,1984-12-04 12:00:00,10.0,62.5,DD
1984-06,BOB,1984-12-05 03:00:00,9.5,60.0,DD
1984-06,BOB,1984-12-05 06:00:00,9.0,59.0,D
1984-06,BOB,1984-12-05 12:00:00,8.5,57.0,D
1985-01,BOB,1985-05-21 21:00:00,16.0,89.0,D
1985-01,BOB,1985-05-22 03:00:00,16.0,89.0,D
1985-01,BOB,1985-05-22 03:30:00,16.0,89.0,D
1985-01,BOB,1985-05-22 12:00:00,16.0,89.0,CS
1985-01,BOB,1985-05-23 03:00:00,16.5,87.5,CS
1985-01,BOB,1985-05-23 06:00:00,16.5,87.5,CS
1985-01,BOB,1985-05-24 03:00:00,19.0,89.0,CS
1985-01,BOB,1985-05-24 12:00:00,20.5,90.0,SCS
1985-01,BOB,1985-05-24 18:00:00,20.5,90.0,SCS
1985-01,BOB,1985-05-24 20:00:00,20.5,90.0,SCS
1985-01,BOB,1985-05-24 22:00:00,20.5,90.0,VSCS
1985-01,BOB,1985-05-25 03:00:00,23.0,91.5,SCS
1985-01,BOB,1985-05-25 12:00:00,24.0,92.6,CS
1985-01,BOB,1985-05-25 18:00:00,25.0,92.6,D
1985-02,BOB,1985-05-28 03:00:00,15.0,67.0,D
1985-02,BOB,1985-05-28 12:00:00,16.5,67.0,DD
1985-02,BOB,1985-05-29 03:00:00,17.5,67.5,DD
1985-02,BOB,1985-05-29 12:00:00,18.0,68.0,CS
1985-02,BOB,1985-05-30 03:00:00,20.0,68.0,CS
1985-02,BOB,1985-05-30 12:00:00,21.5,67.5,CS
1985-03,BOB,1985-08-01 03:00:00,20.0,88.0,D
1985-03,BOB,1985-08-01 12:00:00,20.5,87.5,D
1985-03,BOB,1985-08-01 18:00:00,20.5,87.5,D
1985-03,BOB,1985-08-02 00:00:00,20.5,87.5,D
1985-04,BOB,1985-08-06 03:00:00,20.5,88.0,D
1985-04,BOB,1985-08-06 06:00:00,21.5,87.0,D
1985-04,BOB,1985-08-06 12:00:00,22.5,86.0,D
1985-04,BOB,1985-08-07 03:00:00,23.0,84.5,D
1985-04,BOB,1985-08-07 12:00:00,23.5,83.5,D
1985-04,BOB,1985-08-08 03:00:00,23.5,82.0,D
1985-04,BOB,1985-08-08 12:00:00,24.0,81.0,D
1985-04,BOB,1985-08-09 03:00:00,24.0,79.0,D
1985-05,BOB,1985-08-14 03:00:00,18.5,88.0,D
1985-05,BOB,1985-08-14 06:00:00,19.0,87.5,D
1985-05,BOB,1985-08-14 12:00:00,19.5,87.0,D
1985-05,BOB,1985-08-15 00:00:00,20.5,86.5,D
1985-06,BOB,1985-09-19 03:00:00,17.5,90.0,D
1985-06,BOB,1985-09-19 12:00:00,18.5,88.5,D
1985-06,BOB,1985-09-19 18:00:00,18.5,88.0,DD
1985-06,BOB,1985-09-20 00:00:00,21.9,87.5,DD
1985-06,BOB,1985-09-20 03:00:00,19.5,87.0,CS
1985-06,BOB,1985-09-20 06:00:00,19.5,86.5,CS
1985-06,BOB,1985-09-20 12:00:00,19.8,86.2,CS
1985-06,BOB,1985-09-20 18:00:00,20.5,85.5,CS
1985-06,BOB,1985-09-21 00:00:00,21.0,84.0,DD
1985-06,BOB,1985-09-21 03:00:00,21.5,83.0,DD
1985-06,BOB,1985-09-21 12:00:00,22.0,82.0,D
1985-07,BOB,1985-10-01 03:00:00,14.0,83.5,D
1985-07,BOB,1985-10-01 12:00:00,14.5,82.0,D
1985-07,BOB,1985-10-02 03:00:00,15.5,80.5,D
1985-08,BOB,1985-10-06 03:00:00,19.5,71.5,D
1985-08,BOB,1985-10-06 12:00:00,20.0,71.5,D
1985-08,BOB,1985-10-07 03:00:00,21.5,72.0,D
1985-08,BOB,1985-10-07 12:00:00,21.0,72.0,D
1985-08,BOB,1985-10-08 03:00:00,20.5,72.2,D
1985-08,BOB,1985-10-08 12:00:00,22.0,75.0,D
1985-08,BOB,1985-10-09 03:00:00,24.0,77.0,D
1985-09,BOB,1985-10-09 03:00:00,12.5,90.0,D
1985-09,BOB,1985-10-09 18:00:00,14.0,87.5,DD
1985-09,BOB,1985-10-10 03:00:00,16.0,85.5,DD
1985-09,BOB,1985-10-10 12:00:00,16.5,84.5,CS
1985-09,BOB,1985-10-10 15:00:00,16.5,84.5,CS
1985-09,BOB,1985-10-10 21:00:00,16.5,84.5,CS
1985-09,BOB,1985-10-11 03:00:00,18.0,83.0,CS
1985-09,BOB,1985-10-12 12:00:00,19.3,81.5,DD
1985-09,BOB,1985-10-13 12:00:00,22.0,79.0,DD
1985-10,BOB,1985-10-13 12:00:00,13.5,93.0,D
1985-10,BOB,1985-10-14 03:00:00,16.0,89.5,DD
1985-10,BOB,1985-10-14 12:00:00,17.5,89.0,DD
1985-10,BOB,1985-10-14 15:00:00,17.5,89.0,CS
1985-10,BOB,1985-10-15 03:00:00,19.5,87.5,CS
1985-10,BOB,1985-10-15 12:00:00,20.5,87.5,SCS
1985-10,BOB,1985-10-16 03:00:00,21.6,86.8,CS
1985-10,BOB,1985-10-17 03:00:00,24.5,85.5,DD
1985-11,BOB,1985-11-12 03:00:00,12.5,81.0,D
1985-11,BOB,1985-11-12 12:00:00,12.5,80.1,D
1985-12,BOB,1985-11-15 03:00:00,13.0,86.0,D
1985-12,BOB,1985-11-15 12:00:00,13.5,85.5,DD
1985-12,BOB,1985-11-16 12:00:00,13.5,84.0,CS
1985-12,BOB,1985-11-17 01:00:00,13.5,84.0,CS
1985-12,BOB,1985-11-17 03:00:00,14.0,82.5,CS
1985-12,BOB,1985-11-17 12:00:00,15.0,81.5,D
1985-13,BOB,1985-12-11 12:00:00,8.0,88.0,DD
1985-13,BOB,1985-12-12 03:00:00,8.5,87.0,DD
1985-13,BOB,1985-12-12 12:00:00,10.0,84.5,CS
1985-13,BOB,1985-12-13 03:00:00,11.5,82.5,CS
1985-13,BOB,1985-12-13 12:00:00,13.0,81.0,CS
1985-13,BOB,1985-12-14 03:00:00,14.0,79.5,D
1985-14,LAND,1985-08-05 03:00:00,29.5,74.5,D
1985-14,LAND,1985-08-05 12:00:00,30.2,75.0,D
1985-14,LAND,1985-08-06 03:00:00,30.5,75.0,D
1985-15,LAND,1985-09-23 03:00:00,25.0,77.0,D
1985-15,LAND,1985-09-23 12:00:00,26.0,78.0,D
1985-15,LAND,1985-09-24 03:00:00,26.5,78.5,D
1985-15,LAND,1985-09-24 12:00:00,27.0,78.0,D
1986-01,BOB,1986-01-07 12:00:00,5.5,83.0,DD
1986-01,BOB,1986-01-08 03:00:00,6.0,82.5,DD
1986-01,BOB,1986-01-08 12:00:00,6.0,82.5,D
1986-01,LAND,1986-07-22 03:00:00,22.7,82.8,D
1986-01,LAND,1986-07-22 12:00:00,22.8,82.3,D
1986-01,LAND,1986-07-23 03:00:00,22.8,79.4,D
1986-01,LAND,1986-08-08 03:00:00,21.9,73.1,D
1986-01,LAND,1986-08-08 12:00:00,22.0,71.5,D
1986-01,LAND,1986-08-09 03:00:00,22.0,70.0,D
1986-01,LAND,1986-08-09 06:00:00,22.2,69.0,D
1986-01,LAND,1986-08-09 12:00:00,22.5,68.0,
1986-01,LAND,1986-08-10 03:00:00,23.0,66.5,
1986-01,LAND,1986-08-10 12:00:00,23.5,66.5,
1986-01,BOB,1986-08-11 03:00:00,18.0,86.5,D
1986-01,BOB,1986-08-11 12:00:00,18.0,85.5,D
1986-01,BOB,1986-08-12 03:00:00,18.0,84.5,D
1986-01,BOB,1986-08-12 12:00:00,18.7,84.0,DD
1986-01,BOB,1986-08-13 03:00:00,19.4,83.4,DD
1986-01,BOB,1986-08-13 12:00:00,20.4,82.7,D
1986-01,BOB,1986-08-14 03:00:00,21.3,81.9,D
1986-01,BOB,1986-08-14 12:00:00,22.3,80.8,D
1986-01,BOB,1986-08-19 03:00:00,21.2,88.0,D
1986-01,BOB,1986-08-19 12:00:00,21.3,87.3,D
1986-01,BOB,1986-08-20 03:00:00,21.5,86.1,D
1986-01,BOB,1986-08-20 12:00:00,22.1,85.4,D
1986-01,BOB,1986-09-24 03:00:00,20.5,88.0,D
1986-01,BOB,1986-09-25 03:00:00,21.0,87.5,D
1986-01,BOB,1986-09-25 12:00:00,21.5,86.7,D
1986-01,BOB,1986-09-26 03:00:00,22.3,87.2,D
1986-01,BOB,1986-09-26 12:00:00,23.5,86.5,D
1986-01,BOB,1986-11-07 03:00:00,14.0,82.0,D
1986-01,BOB,1986-11-07 12:00:00,15.0,82.0,D
1986-01,BOB,1986-11-08 03:00:00,18.5,85.0,D
1986-01,BOB,1986-11-08 12:00:00,19.5,86.0,DD
1986-01,BOB,1986-11-09 03:00:00,21.7,89.5,CS
1986-01,BOB,1986-11-09 12:00:00,23.1,90.9,D
1986-01,BOB,1986-11-10 03:00:00,11.5,65.0,DD
1986-01,BOB,1986-11-10 12:00:00,12.0,63.0,D
1987-01,BOB,1987-01-30 03:00:00,5.5,88.5,D
1987-01,BOB,1987-01-30 12:00:00,6.0,88.5,D
1987-01,BOB,1987-01-31 00:00:00,6.5,87.5,DD
1987-01,BOB,1987-01-31 03:00:00,7.0,87.0,DD
1987-01,BOB,1987-01-31 06:00:00,7.0,86.5,CS
1987-01,BOB,1987-01-31 12:00:00,7.5,86.0,CS
1987-01,BOB,1987-02-01 00:00:00,8.0,85.5,SCS
1987-01,BOB,1987-02-01 03:00:00,8.0,85.5,SCS
1987-01,BOB,1987-02-01 06:00:00,8.5,85.5,VSCS
1987-01,BOB,1987-02-01 12:00:00,10.0,86.0,VSCS
1987-01,BOB,1987-02-02 00:00:00,12.5,87.0,VSCS
1987-01,BOB,1987-02-02 06:00:00,13.5,88.0,VSCS
1987-01,BOB,1987-02-02 12:00:00,14.5,88.5,VSCS
1987-01,BOB,1987-02-02 18:00:00,15.0,89.0,SCS
1987-01,BOB,1987-02-03 00:00:00,15.5,89.5,SCS
1987-01,BOB,1987-02-03 03:00:00,16.0,89.5,CS
1987-01,BOB,1987-02-03 12:00:00,17.0,90.0,DD
1987-01,BOB,1987-02-04 00:00:00,19.0,90.5,DD
1987-01,BOB,1987-02-04 03:00:00,19.5,91.0,D
1987-01,BOB,1987-02-04 06:00:00,20.0,91.0,D
1987-01,BOB,1987-02-04 12:00:00,21.0,91.0,D
1987-02,BOB,1987-06-01 03:00:00,16.0,92.0,D
1987-02,BOB,1987-06-01 12:00:00,16.0,91.0,D
1987-02,BOB,1987-06-02 03:00:00,16.5,90.0,D
1987-02,BOB,1987-06-02 06:00:00,16.5,89.0,D
1987-02,BOB,1987-06-02 12:00:00,17.0,88.0,DD
1987-02,BOB,1987-06-03 03:00:00,18.0,87.7,DD
1987-02,BOB,1987-06-03 12:00:00,19.0,88.0,DD
1987-02,BOB,1987-06-04 00:00:00,20.0,90.0,CS
1987-02,BOB,1987-06-04 03:00:00,20.5,90.5,CS
1987-02,BOB,1987-06-04 06:00:00,21.0,90.5,CS
1987-02,BOB,1987-06-04 12:00:00,22.0,90.5,CS
1987-02,BOB,1987-06-05 03:00:00,24.0,91.5,DD
1987-02,BOB,1987-06-05 06:00:00,24.5,92.0,D
1987-03,BOB,1987-08-26 03:00:00,24.0,90.0,D
1987-03,BOB,1987-08-26 12:00:00,24.5,88.5,D
1987-03,BOB,1987-08-27 03:00:00,24.5,87.5,D
1987-03,BOB,1987-08-27 12:00:00,24.8,85.5,D
1987-03,BOB,1987-08-28 03:00:00,23.5,84.0,D
1987-03,BOB,1987-08-28 12:00:00,24.0,82.0,D
1987-03,BOB,1987-08-29 03:00:00,24.0,79.5,D
1987-03,BOB,1987-08-29 12:00:00,25.0,78.5,D
1987-04,BOB,1987-09-11 12:00:00,23.0,85.5,D
1987-04,BOB,1987-09-12 03:00:00,23.5,84.5,D
1987-04,BOB,1987-09-12 12:00:00,24.0,84.5,D
1987-05,BOB,1987-09-15 03:00:00,23.0,82.0,D
1987-05,BOB,1987-09-15 12:00:00,23.5,81.5,D
1987-05,BOB,1987-09-16 03:00:00,23.7,80.0,D
1987-05,BOB,1987-09-16 12:00:00,24.5,78.5,D
1987-06,BOB,1987-10-14 03:00:00,13.0,87.5,D
1987-06,BOB,1987-10-14 12:00:00,14.0,86.5,DD
1987-06,BOB,1987-10-15 03:00:00,14.5,83.0,CS
1987-06,BOB,1987-10-15 12:00:00,15.0,82.0,CS
1987-06,BOB,1987-10-16 00:00:00,15.7,80.5,CS
1987-06,BOB,1987-10-16 03:00:00,16.0,80.0,DD
1987-06,BOB,1987-10-16 12:00:00,16.5,78.0,D
1987-06,BOB,1987-10-17 03:00:00,17.5,76.0,D
1987-06,BOB,1987-10-17 12:00:00,19.0,75.0,D
1987-06,BOB,1987-10-18 03:00:00,20.5,74.5,D
1987-06,BOB,1987-10-18 12:00:00,22.0,76.0,D
1987-06,BOB,1987-10-19 03:00:00,24.5,80.0,D
1987-06,BOB,1987-10-19 12:00:00,25.5,84.0,D
1987-07,BOB,1987-10-31 03:00:00,11.5,86.5,D
1987-07,BOB,1987-10-31 06:00:00,12.0,86.0,DD
1987-07,BOB,1987-10-31 12:00:00,12.5,85.5,CS
1987-07,BOB,1987-10-31 18:00:00,13.0,85.5,CS
1987-07,BOB,1987-11-01 00:00:00,13.5,85.0,CS
1987-07,BOB,1987-11-01 03:00:00,13.5,85.0,CS
1987-07,BOB,1987-11-01 12:00:00,13.5,84.0,CS
1987-07,BOB,1987-11-01 18:00:00,13.5,83.5,CS
1987-07,BOB,1987-11-02 00:00:00,13.5,82.5,SCS
1987-07,BOB,1987-11-02 03:00:00,13.5,82.0,SCS
1987-07,BOB,1987-11-02 06:00:00,14.0,81.5,SCS
1987-07,BOB,1987-11-02 12:00:00,14.5,81.0,SCS
1987-07,BOB,1987-11-02 18:00:00,14.5,80.5,SCS
1987-07,BOB,1987-11-03 00:00:00,14.5,79.5,SCS
1987-07,BOB,1987-11-03 03:00:00,14.5,79.0,CS
1987-07,BOB,1987-11-03 06:00:00,15.0,78.5,CS
1987-07,BOB,1987-11-03 12:00:00,15.5,78.0,D
1987-08,BOB,1987-11-11 06:00:00,14.5,89.0,D
1987-08,BOB,1987-11-11 12:00:00,14.5,88.0,D
1987-08,BOB,1987-11-11 18:00:00,14.5,86.5,DD
1987-08,BOB,1987-11-12 00:00:00,14.5,85.0,DD
1987-08,BOB,1987-11-12 03:00:00,14.5,84.5,CS
1987-08,BOB,1987-11-12 06:00:00,15.0,83.0,CS
1987-08,BOB,1987-11-12 12:00:00,15.5,82.0,SCS
1987-08,BOB,1987-11-12 18:00:00,15.7,81.5,SCS
1987-08,BOB,1987-11-13 00:00:00,16.0,81.0,CS
1987-08,BOB,1987-11-13 03:00:00,16.5,80.5,DD
1987-08,BOB,1987-11-13 06:00:00,17.0,80.0,D
1987-09,BOB,1987-12-19 12:00:00,10.5,82.0,D
1987-09,BOB,1987-12-19 18:00:00,10.5,82.0,D
1987-09,BOB,1987-12-20 00:00:00,10.5,82.0,D
1987-09,BOB,1987-12-20 03:00:00,10.5,82.0,D
1987-09,BOB,1987-12-20 12:00:00,11.0,82.5,D
1987-09,BOB,1987-12-20 18:00:00,11.5,83.5,D
1987-09,BOB,1987-12-21 00:00:00,12.0,84.0,D
1987-09,BOB,1987-12-21 03:00:00,12.0,84.5,DD
1987-09,BOB,1987-12-21 06:00:00,12.0,89.5,DD
1987-09,BOB,1987-12-21 12:00:00,12.0,84.5,DD
1987-09,BOB,1987-12-21 18:00:00,11.5,84.0,DD
1987-09,BOB,1987-12-22 00:00:00,10.5,83.0,DD
1987-09,BOB,1987-12-22 03:00:00,10.0,82.0,D
1987-09,BOB,1987-12-22 06:00:00,10.0,82.0,D
1987-09,BOB,1987-12-22 12:00:00,10.0,81.5,D
1987-09,BOB,1987-12-22 18:00:00,10.0,81.0,D
1988-??,BOB,1988-06-08 12:00:00,21.0,88.5,D
1988-??,BOB,1988-06-09 03:00:00,22.0,87.6,DD
1988-??,BOB,1988-06-09 12:00:00,22.4,86.8,DD
1988-??,BOB,1988-06-10 03:00:00,23.1,85.4,D
1988-??,BOB,1988-06-10 12:00:00,17.5,70.0,DD
1988-??,BOB,1988-06-11 03:00:00,17.0,69.5,DD
1988-??,BOB,1988-06-11 12:00:00,17.0,70.0,DD
1988-??,BOB,1988-06-12 03:00:00,17.0,71.0,DD
1988-??,BOB,1989-06-12 12:00:00,17.5,71.0,DD
1988-??,BOB,1988-06-13 00:00:00,17.5,71.0,D
1988-??,BOB,1988-07-17 03:00:00,18.0,86.0,D
1988-??,BOB,1988-07-17 12:00:00,18.3,85.9,D
1988-??,BOB,1988-07-18 03:00:00,19.4,84.2,D
1988-??,BOB,1988-07-18 12:00:00,22.1,79.3,D
1988-??,BOB,1988-08-02 00:00:00,21.5,89.6,D
1988-??,BOB,1988-08-02 03:00:00,21.6,89.2,D
1988-??,BOB,1988-08-02 12:00:00,21.5,88.5,D
1988-??,BOB,1988-08-03 03:00:00,22.2,85.6,D
1988-??,BOB,1988-08-03 12:00:00,22.9,83.4,D
1988-??,BOB,1988-08-04 03:00:00,24.1,79.8,D
1988-??,BOB,1988-08-04 12:00:00,24.4,78.0,D
1988-??,BOB,1988-08-05 03:00:00,25.0,75.1,DD
1988-??,BOB,1988-08-05 12:00:00,25.6,75.3,DD
1988-??,BOB,1988-08-06 03:00:00,26.5,75.6,D
1988-??,BOB,1988-10-01 03:00:00,17.5,84.5,DD
1988-??,BOB,1988-10-01 12:00:00,18.3,82.9,D
1988-??,BOB,1988-10-02 03:00:00,19.6,80.1,D
1988-??,BOB,1988-10-02 12:00:00,19.9,78.4,D
1988-??,BOB,1988-10-03 03:00:00,20.4,75.5,D
1988-??,BOB,1988-10-18 18:00:00,21.0,89.5,D
1988-??,BOB,1988-10-19 00:00:00,21.5,89.7,CS
1988-??,BOB,1988-10-19 12:00:00,23.5,91.0,DD
1988-??,BOB,1988-10-20 03:00:00,25.6,91.0,D
1988-??,BOB,1988-11-15 03:00:00,9.5,87.0,D
1988-??,BOB,1988-11-15 12:00:00,10.0,87.5,DD
1988-??,BOB,1988-11-16 03:00:00,10.5,88.5,DD
1988-??,BOB,1988-11-16 12:00:00,11.7,90.7,CS
1988-??,BOB,1988-11-17 06:00:00,16.0,91.0,SCS
1988-??,BOB,1988-11-17 18:00:00,17.1,91.1,CS
1988-??,BOB,1988-11-18 03:00:00,19.8,91.2,CS
1988-??,BOB,1988-11-18 12:00:00,18.3,92.0,DD
1988-??,BOB,1988-11-23 12:00:00,9.0,94.0,D
1988-??,BOB,1988-11-24 03:00:00,10.0,94.0,D
1988-??,BOB,1988-11-24 12:00:00,11.0,93.5,DD
1988-??,BOB,1988-11-25 03:00:00,11.5,92.0,CS
1988-??,BOB,1988-11-25 06:00:00,11.5,92.0,SCS
1988-??,BOB,1988-11-25 12:00:00,11.5,90.5,SCS
1988-??,BOB,1988-11-26 06:00:00,11.5,90.5,SCS
1988-??,BOB,1988-11-26 12:00:00,12.5,88.0,SCS
1988-??,BOB,1988-11-27 03:00:00,13.5,87.5,SCS
1988-??,BOB,1988-11-28 03:00:00,19.0,85.8,SCS
1988-??,BOB,1988-11-28 09:00:00,19.3,86.2,SCS
1988-??,BOB,1988-11-29 03:00:00,19.6,87.8,SCS
1988-??,BOB,1988-11-29 20:00:00,22.5,89.4,SCS
1988-??,BOB,1988-11-30 00:00:00,23.4,90.3,CS
1988-??,BOB,1988-12-06 12:00:00,8.0,90.0,D
1988-??,BOB,1988-12-07 03:00:00,10.0,88.5,D
1988-??,BOB,1988-12-07 12:00:00,11.0,89.5,D
1988-??,BOB,1988-12-08 03:00:00,11.5,90.0,DD
1988-??,BOB,1988-12-08 12:00:00,12.5,91.0,D
1989-??,BOB,1989-05-23 03:00:00,17.5,90.6,D
1989-??,BOB,1989-05-23 12:00:00,18.8,90.4,DD
1989-??,BOB,1989-05-24 03:00:00,19.5,89.7,CS
1989-??,BOB,1989-05-24 12:00:00,19.5,89.1,CS
1989-??,BOB,1989-05-25 03:00:00,19.6,88.1,CS
1989-??,BOB,1989-05-26 03:00:00,20.6,87.5,SCS
1989-??,BOB,1989-05-26 12:00:00,21.5,87.2,SCS
1989-??,BOB,1989-05-27 03:00:00,23.5,86.8,CS
1989-??,BOB,1989-05-27 12:00:00,24.6,87.8,D
1989-??,BOB,1989-06-09 03:00:00,20.0,69.5,D
1989-??,BOB,1989-06-09 12:00:00,20.5,70.0,D
1989-??,BOB,1989-06-10 03:00:00,22.1,70.6,DD
1989-??,BOB,1989-06-10 12:00:00,22.6,70.2,DD
1989-??,BOB,1989-06-11 03:00:00,28.6,77.5,DD
1989-??,BOB,1989-06-11 12:00:00,28.9,76.9,DD
1989-??,BOB,1989-06-12 03:00:00,22.5,67.0,DD
1989-??,BOB,1989-06-12 12:00:00,22.5,67.0,D
1989-??,BOB,1989-06-13 03:00:00,20.0,86.9,D
1989-??,BOB,1989-06-13 12:00:00,21.4,86.9,DD
1989-??,BOB,1989-06-14 03:00:00,22.9,87.9,DD
1989-??,BOB,1989-06-14 12:00:00,25.0,87.2,D
1989-??,BOB,1989-06-20 03:00:00,11.2,88.2,D
1989-??,BOB,1989-07-21 12:00:00,18.0,86.7,D
1989-??,BOB,1989-07-22 03:00:00,18.0,86.0,DD
1989-??,BOB,1989-07-22 12:00:00,18.0,85.0,CS
1989-??,BOB,1989-07-23 03:00:00,18.6,82.0,DD
1989-??,BOB,1989-07-23 12:00:00,19.5,78.0,DD
1989-??,BOB,1989-07-24 03:00:00,20.5,77.0,DD
1989-??,BOB,1989-07-24 12:00:00,22.3,74.1,DD
1989-??,BOB,1989-07-25 03:00:00,23.6,72.6,D
1989-??,BOB,1989-07-25 12:00:00,24.8,70.9,D
1989-??,BOB,1989-08-16 03:00:00,16.5,86.0,D
1989-??,BOB,1989-08-16 12:00:00,17.0,85.0,D
1989-??,BOB,1989-08-17 03:00:00,18.0,84.5,DD
1989-??,BOB,1989-08-17 12:00:00,19.2,83.3,D
1989-??,BOB,1989-10-17 03:00:00,17.5,89.5,D
1989-??,BOB,1989-10-17 12:00:00,20.0,88.0,D
1989-??,BOB,1989-10-18 03:00:00,23.2,89.7,D
1989-??,BOB,1989-11-01 03:00:00,8.0,103.0,D
1989-??,BOB,1989-11-01 12:00:00,8.0,102.5,D
1989-??,BOB,1989-11-02 03:00:00,8.5,102.5,CS
1989-??,BOB,1989-11-02 12:00:00,9.0,102.0,CS
1989-??,BOB,1989-11-03 03:00:00,9.5,101.5,CS
1989-??,BOB,1989-11-04 03:00:00,11.0,99.5,SCS
1989-??,BOB,1989-11-04 12:00:00,11.0,98.0,SCS
1989-??,BOB,1989-11-05 12:00:00,40.8,74.6,SCS
1989-??,BOB,1989-11-06 03:00:00,13.0,92.0,SCS
1989-??,BOB,1989-11-08 03:00:00,14.5,83.4,SCS
1989-??,BOB,1989-11-08 12:00:00,14.7,81.3,SCS
1989-??,BOB,1989-11-09 03:00:00,15.2,78.8,D
1989-??,BOB,1989-11-11 03:00:00,10.5,84.0,D
1989-??,BOB,1989-11-16 12:00:00,10.5,85.0,D
1989-??,BOB,1989-11-17 03:00:00,10.5,84.5,DD
1989-??,BOB,1989-11-17 12:00:00,10.0,84.0,DD
1989-??,BOB,1989-11-18 03:00:00,10.0,84.0,DD
1989-??,BOB,1989-11-18 12:00:00,9.0,83.5,DD
1989-??,BOB,1989-11-19 03:00:00,9.0,83.0,DD
1989-??,BOB,1989-11-19 12:00:00,9.5,83.5,DD
1989-??,BOB,1989-11-20 03:00:00,9.5,85.0,DD
1990-01,BOB,1990-05-04 06:00:00,8.5,87.0,D
1990-01,BOB,1990-05-04 12:00:00,9.5,87.0,D
1990-01,BOB,1990-05-04 18:00:00,9.5,86.0,D
1990-01,BOB,1990-05-05 00:00:00,10.0,85.5,DD
1990-01,BOB,1990-05-05 06:00:00,10.0,85.0,CS
1990-01,BOB,1990-05-05 12:00:00,10.1,84.7,CS
1990-01,BOB,1990-05-05 18:00:00,10.3,83.9,SCS
1990-01,BOB,1990-05-06 00:00:00,10.3,83.3,SCS
1990-01,BOB,1990-05-06 06:00:00,10.0,83.2,VSCS
1990-01,BOB,1990-05-06 12:00:00,10.2,82.9,VSCS
1990-01,BOB,1990-05-06 18:00:00,10.3,82.5,VSCS
1990-01,BOB,1990-05-07 00:00:00,11.3,82.3,ESCS
1990-01,BOB,1990-05-07 06:00:00,11.3,81.8,ESCS
1990-01,BOB,1990-05-07 12:00:00,11.4,81.7,ESCS
1990-01,BOB,1990-05-07 18:00:00,14.5,80.8,ESCS
1990-01,BOB,1990-05-08 00:00:00,13.3,81.8,SUCS
1990-01,BOB,1990-05-08 06:00:00,13.6,81.4,SUCS
1990-01,BOB,1990-05-08 12:00:00,13.9,81.1,SUCS
1990-01,BOB,1990-05-08 18:00:00,14.5,80.8,ESCS
1990-01,BOB,1990-05-09 00:00:00,15.1,81.0,ESCS
1990-01,BOB,1990-05-09 06:00:00,15.4,80.9,ESCS
1990-01,BOB,1990-05-09 12:00:00,15.9,81.0,ESCS
1990-01,BOB,1990-05-09 18:00:00,16.0,80.5,VSCS
1990-01,BOB,1990-05-10 00:00:00,16.5,80.0,VSCS
1990-01,BOB,1990-05-10 06:00:00,16.5,79.5,SCS
1990-01,BOB,1990-05-10 12:00:00,17.0,79.0,D
1990-02,BOB,1990-06-13 12:00:00,21.0,89.0,D
1990-02,BOB,1990-06-13 18:00:00,21.5,88.5,D
1990-02,BOB,1990-06-14 00:00:00,21.5,88.0,D
1990-02,BOB,1990-06-14 06:00:00,22.0,87.0,D
1990-02,BOB,1990-06-14 12:00:00,22.0,87.0,DD
1990-02,BOB,1990-06-14 18:00:00,22.0,86.0,D
1990-02,BOB,1990-06-15 00:00:00,22.0,85.0,D
1990-02,BOB,1990-06-15 06:00:00,22.0,84.0,D
1990-03,BOB,1990-08-14 12:00:00,19.0,87.5,D
1990-03,BOB,1990-08-14 18:00:00,19.0,86.5,D
1990-03,BOB,1990-08-15 00:00:00,19.0,86.0,D
1990-03,BOB,1990-08-15 06:00:00,19.5,85.0,D
1990-03,BOB,1990-08-15 12:00:00,20.5,83.5,D
1990-03,BOB,1990-08-15 18:00:00,21.5,82.5,D
1990-03,BOB,1990-08-16 00:00:00,21.5,81.5,D
1990-03,BOB,1990-08-16 06:00:00,22.0,80.5,D
1990-03,BOB,1990-08-16 12:00:00,22.0,79.0,D
1990-03,BOB,1990-08-16 18:00:00,22.5,77.5,D
1990-03,BOB,1990-08-17 00:00:00,23.0,77.5,D
1990-04,BOB,1990-08-20 06:00:00,20.0,88.5,D
1990-04,BOB,1990-08-20 12:00:00,20.5,88.5,D
1990-04,BOB,1990-08-20 18:00:00,20.5,87.5,D
1990-04,BOB,1990-08-21 00:00:00,20.5,86.0,D
1990-04,BOB,1990-08-21 06:00:00,20.5,86.0,D
1990-04,BOB,1990-08-21 12:00:00,20.5,84.0,D
1990-04,BOB,1990-08-21 18:00:00,20.5,83.0,D
1990-04,BOB,1990-08-22 00:00:00,21.0,82.0,D
1990-04,BOB,1990-08-22 06:00:00,21.5,81.0,D
1990-04,BOB,1990-08-22 12:00:00,21.5,80.5,D
1990-04,BOB,1990-08-22 18:00:00,22.0,79.0,D
1990-04,BOB,1990-08-23 00:00:00,22.5,77.5,D
1990-04,BOB,1990-08-23 06:00:00,23.0,77.5,D
1990-04,BOB,1990-08-23 12:00:00,23.5,77.0,D
1990-04,BOB,1990-08-23 18:00:00,24.0,75.0,D
1990-04,BOB,1990-08-24 00:00:00,24.0,73.5,D
1990-04,BOB,1990-08-24 06:00:00,25.0,72.5,D
1990-04,BOB,1990-08-24 12:00:00,25.5,72.5,D
1990-05,BOB,1990-09-03 06:00:00,22.5,88.2,D
1990-05,BOB,1990-09-03 12:00:00,22.5,87.0,D
1990-05,BOB,1990-09-03 18:00:00,22.5,86.0,D
1990-05,BOB,1990-09-04 00:00:00,22.5,85.0,D
1990-05,BOB,1990-09-04 06:00:00,22.5,84.5,D
1990-05,BOB,1990-09-04 12:00:00,22.5,84.0,D
1990-05,BOB,1990-09-04 18:00:00,23.0,83.0,D
1990-06,BOB,1990-10-06 18:00:00,18.0,90.0,D
1990-06,BOB,1990-10-07 00:00:00,20.0,88.5,DD
1990-06,BOB,1990-10-07 06:00:00,20.5,88.0,DD
1990-06,BOB,1990-10-07 12:00:00,21.0,87.5,D
1990-06,BOB,1990-10-07 18:00:00,21.0,87.0,D
1990-06,BOB,1990-10-08 00:00:00,21.5,87.5,D
1990-06,BOB,1990-10-08 06:00:00,22.0,87.5,D
1990-06,BOB,1990-10-08 12:00:00,22.5,87.5,D
1990-07,BOB,1990-10-31 12:00:00,10.5,87.5,D
1990-07,BOB,1990-10-31 18:00:00,10.5,87.0,D
1990-07,BOB,1990-11-01 00:00:00,12.0,86.5,D
1990-07,BOB,1990-11-01 06:00:00,13.5,86.0,D
1990-07,BOB,1990-11-01 12:00:00,14.0,86.5,D
1990-07,BOB,1990-11-01 18:00:00,16.0,85.5,DD
1990-07,BOB,1990-11-02 00:00:00,16.0,85.0,DD
1990-07,BOB,1990-11-02 06:00:00,17.0,84.5,DD
1990-07,BOB,1990-11-02 12:00:00,17.0,84.5,DD
1990-07,BOB,1990-11-02 18:00:00,17.5,84.0,DD
1990-07,BOB,1990-11-03 00:00:00,18.0,84.5,DD
1990-07,BOB,1990-11-03 06:00:00,17.5,84.5,DD
1990-07,BOB,1990-11-03 12:00:00,18.5,84.5,D
1990-07,BOB,1990-11-03 18:00:00,18.5,85.0,D
1990-07,BOB,1990-11-04 00:00:00,19.0,84.5,D
1990-07,BOB,1990-11-04 06:00:00,19.0,84.5,D
1990-08,BOB,1990-11-14 00:00:00,14.0,82.0,D
1990-08,BOB,1990-11-14 06:00:00,14.0,81.0,D
1990-08,BOB,1990-11-14 12:00:00,14.0,80.5,D
1990-08,BOB,1990-11-14 18:00:00,14.5,80.0,D
1990-01,BOB,1990-11-16 06:00:00,14.5,73.5,D
1990-01,BOB,1990-11-16 12:00:00,14.5,73.5,D
1990-01,BOB,1990-11-16 18:00:00,14.5,73.5,D
1990-01,BOB,1990-11-17 00:00:00,14.5,73.0,D
1990-01,BOB,1990-11-17 06:00:00,14.0,72.0,D
1990-01,BOB,1990-11-17 12:00:00,14.8,72.0,DD
1990-01,BOB,1990-11-17 18:00:00,15.0,72.0,DD
1990-01,BOB,1990-11-18 00:00:00,15.5,72.5,D
1990-09,BOB,1990-12-14 12:00:00,8.0,88.0,D
1990-09,BOB,1990-12-14 18:00:00,8.5,87.5,D
1990-09,BOB,1990-12-15 00:00:00,9.0,87.0,DD
1990-09,BOB,1990-12-15 06:00:00,9.8,86.5,DD
1990-09,BOB,1990-12-15 12:00:00,10.5,86.0,DD
1990-09,BOB,1990-12-15 18:00:00,11.0,85.5,CS
1990-09,BOB,1990-12-16 00:00:00,12.0,85.0,CS
1990-09,BOB,1990-12-16 06:00:00,13.0,85.5,CS
1990-09,BOB,1990-12-16 12:00:00,14.0,85.5,CS
1990-09,BOB,1990-12-16 18:00:00,14.5,86.0,CS
1990-09,BOB,1990-12-17 00:00:00,15.5,86.0,CS
1990-09,BOB,1990-12-17 06:00:00,17.0,86.5,SCS
1990-09,BOB,1990-12-17 12:00:00,18.0,87.0,SCS
1990-09,BOB,1990-12-17 18:00:00,19.5,89.0,SCS
1990-09,BOB,1990-12-18 00:00:00,20.5,90.5,CS
1990-09,BOB,1990-12-18 06:00:00,21.0,91.0,CS
1990-09,BOB,1990-12-18 12:00:00,20.0,92.0,D
1991-01,BOB,1991-04-24 12:00:00,9.5,89.0,D
1991-01,BOB,1991-04-24 18:00:00,10.0,89.0,D
1991-01,BOB,1991-04-25 00:00:00,10.5,89.0,D
1991-01,BOB,1991-04-25 06:00:00,11.0,88.5,DD
1991-01,BOB,1991-04-25 12:00:00,11.0,88.0,CS
1991-01,BOB,1991-04-25 18:00:00,11.0,88.0,CS
1991-01,BOB,1991-04-26 00:00:00,11.0,87.5,CS
1991-01,BOB,1991-04-26 06:00:00,11.0,87.5,SCS
1991-01,BOB,1991-04-26 12:00:00,11.5,87.5,SCS
1991-01,BOB,1991-04-26 18:00:00,11.5,87.0,SCS
1991-01,BOB,1991-04-27 00:00:00,12.0,87.0,SCS
1991-01,BOB,1991-04-27 06:00:00,13.5,87.0,VSCS
1991-01,BOB,1991-04-27 12:00:00,14.5,87.0,VSCS
1991-01,BOB,1991-04-27 18:00:00,14.5,87.0,VSCS
1991-01,BOB,1991-04-28 00:00:00,15.0,87.2,VSCS
1991-01,BOB,1991-04-28 06:00:00,16.0,87.8,ESCS
1991-01,BOB,1991-04-28 12:00:00,16.5,88.0,ESCS
1991-01,BOB,1991-04-28 18:00:00,17.5,88.5,ESCS
1991-01,BOB,1991-04-29 00:00:00,18.5,89.0,SUCS
1991-01,BOB,1991-04-29 06:00:00,20.0,90.0,SUCS
1991-01,BOB,1991-04-29 12:00:00,20.5,90.5,SUCS
1991-01,BOB,1991-04-29 18:00:00,22.0,91.5,SUCS
1991-01,BOB,1991-04-30 00:00:00,23.7,92.7,DD
1991-02,BOB,1991-05-31 06:00:00,15.0,89.5,D
1991-02,BOB,1991-05-31 12:00:00,16.0,89.0,DD
1991-02,BOB,1991-05-31 18:00:00,16.5,88.7,DD
1991-02,BOB,1991-06-01 00:00:00,17.0,88.5,CS
1991-02,BOB,1991-06-01 06:00:00,19.0,89.0,CS
1991-02,BOB,1991-06-01 12:00:00,19.5,89.5,CS
1991-02,BOB,1991-06-01 18:00:00,20.0,89.5,CS
1991-02,BOB,1991-06-02 00:00:00,22.5,91.0,CS
1991-02,BOB,1991-06-02 06:00:00,25.0,93.0,D
1991-03,BOB,1991-07-27 06:00:00,20.5,89.0,D
1991-03,BOB,1991-07-27 12:00:00,20.5,88.8,D
1991-03,BOB,1991-07-27 18:00:00,20.5,88.5,D
1991-03,BOB,1991-07-28 00:00:00,20.5,88.2,D
1991-03,BOB,1991-07-28 06:00:00,20.5,87.8,D
1991-03,BOB,1991-07-28 12:00:00,20.5,87.5,DD
1991-03,BOB,1991-07-28 18:00:00,21.0,87.0,DD
1991-03,BOB,1991-07-29 00:00:00,21.5,86.5,DD
1991-03,BOB,1991-07-29 06:00:00,21.5,84.2,DD
1991-03,BOB,1991-07-29 12:00:00,22.0,82.0,DD
1991-03,BOB,1991-07-29 18:00:00,22.2,81.0,DD
1991-03,BOB,1991-07-30 00:00:00,22.5,80.0,DD
1991-03,BOB,1991-07-30 06:00:00,22.7,79.0,DD
1991-03,BOB,1991-07-30 12:00:00,23.0,78.0,DD
1991-03,BOB,1991-07-30 18:00:00,24.0,77.5,DD
1991-03,BOB,1991-07-31 00:00:00,24.5,77.0,D
1991-03,BOB,1991-07-31 06:00:00,24.5,76.5,D
1991-03,BOB,1991-07-31 12:00:00,25.2,76.3,D
1991-03,BOB,1991-07-31 18:00:00,26.0,76.7,D
1991-04,BOB,1991-08-22 00:00:00,20.7,88.2,D
1991-04,BOB,1991-08-22 06:00:00,21.3,87.5,D
1991-04,BOB,1991-08-22 12:00:00,22.5,86.0,D
1991-04,BOB,1991-08-22 18:00:00,22.5,84.0,D
1991-04,BOB,1991-08-23 00:00:00,22.7,83.0,D
1991-04,BOB,1991-08-23 06:00:00,23.0,81.5,D
1991-04,BOB,1991-08-23 12:00:00,23.8,80.2,D
1991-04,BOB,1991-08-23 18:00:00,24.0,80.0,D
1991-04,BOB,1991-08-24 00:00:00,24.5,79.8,D
1991-04,BOB,1991-08-24 06:00:00,24.5,79.8,D
1991-04,BOB,1991-08-24 12:00:00,24.5,79.8,D
1991-04,BOB,1991-08-24 18:00:00,25.0,78.6,D
1991-04,BOB,1991-08-25 00:00:00,26.2,78.5,D
1991-04,BOB,1991-08-25 06:00:00,26.8,78.5,D
1991-04,BOB,1991-08-25 12:00:00,27.0,78.5,D
1991-04,BOB,1991-08-25 18:00:00,27.5,78.5,D
1991-04,BOB,1991-08-26 00:00:00,27.5,78.5,D
1991-05,BOB,1991-09-21 06:00:00,15.5,83.5,D
1991-05,BOB,1991-09-21 12:00:00,16.0,82.5,D
1991-05,BOB,1991-09-21 18:00:00,16.5,81.5,D
1991-05,BOB,1991-09-22 00:00:00,17.0,81.0,D
1991-05,BOB,1991-09-22 06:00:00,18.0,80.5,D
1991-06,BOB,1991-10-12 12:00:00,18.0,87.0,D
1991-06,BOB,1991-10-12 18:00:00,18.5,87.0,D
1991-06,BOB,1991-10-13 00:00:00,19.5,88.0,D
1991-06,BOB,1991-10-13 06:00:00,20.5,88.7,D
1991-06,BOB,1991-10-13 12:00:00,21.0,89.5,D
1991-06,BOB,1991-10-13 18:00:00,21.5,89.7,D
1991-06,BOB,1991-10-14 00:00:00,22.0,90.0,D
1991-07,BOB,1991-10-28 06:00:00,10.5,82.0,D
1991-07,BOB,1991-10-28 12:00:00,11.0,81.5,D
1991-07,BOB,1991-10-28 18:00:00,11.5,81.0,D
1991-07,BOB,1991-10-29 00:00:00,12.0,80.5,D
1991-07,BOB,1991-10-29 06:00:00,12.5,79.5,D
1991-07,BOB,1991-10-29 12:00:00,12.5,79.0,D
1991-07,BOB,1991-10-29 18:00:00,13.0,78.5,D
1991-07,BOB,1991-10-30 00:00:00,13.0,78.0,D
1991-07,BOB,1991-10-30 06:00:00,13.0,77.5,D
1991-08,BOB,1991-11-11 12:00:00,11.0,87.5,D
1991-08,BOB,1991-11-11 18:00:00,11.0,87.5,D
1991-08,BOB,1991-11-12 00:00:00,11.0,87.0,D
1991-08,BOB,1991-11-12 06:00:00,11.0,86.5,D
1991-08,BOB,1991-11-12 12:00:00,11.0,86.0,D
1991-08,BOB,1991-11-12 18:00:00,11.0,85.0,D
1991-08,BOB,1991-11-13 00:00:00,11.0,84.5,D
1991-08,BOB,1991-11-13 06:00:00,11.0,83.5,DD
1991-08,BOB,1991-11-13 12:00:00,11.0,83.0,CS
1991-08,BOB,1991-11-13 18:00:00,11.0,82.0,CS
1991-08,BOB,1991-11-14 00:00:00,11.0,81.0,CS
1991-08,BOB,1991-11-14 06:00:00,10.5,80.5,CS
1991-08,BOB,1991-11-14 12:00:00,11.0,80.5,CS
1991-08,BOB,1991-11-14 18:00:00,11.2,80.0,CS
1991-08,BOB,1991-11-15 00:00:00,11.5,79.7,CS
1991-08,BOB,1991-11-15 06:00:00,12.0,79.3,DD
1991-08,BOB,1991-11-15 12:00:00,12.5,79.0,D
1992-01,BOB,1992-05-16 06:00:00,11.5,87.5,D
1992-01,BOB,1992-05-16 12:00:00,12.0,87.0,D
1992-01,BOB,1992-05-16 18:00:00,12.5,87.0,D
1992-01,BOB,1992-05-17 00:00:00,12.5,87.0,D
1992-01,BOB,1992-05-17 06:00:00,14.0,87.0,DD
1992-01,BOB,1992-05-17 12:00:00,14.5,87.5,DD
1992-01,BOB,1992-05-17 18:00:00,14.5,88.0,DD
1992-01,BOB,1992-05-18 00:00:00,14.5,88.0,DD
1992-01,BOB,1992-05-18 06:00:00,15.5,89.5,CS
1992-01,BOB,1992-05-18 12:00:00,16.5,91.0,CS
1992-01,BOB,1992-05-18 18:00:00,17.0,91.5,CS
1992-01,BOB,1992-05-19 00:00:00,17.5,92.5,CS
1992-01,BOB,1992-05-19 06:00:00,19.0,94.0,CS
1992-01,BOB,1992-05-19 12:00:00,19.5,94.5,D
1992-01,BOB,1992-06-08 12:00:00,11.5,60.0,D
1992-01,BOB,1992-06-08 18:00:00,11.5,60.0,D
1992-01,BOB,1992-06-09 00:00:00,11.5,60.0,D
1992-01,BOB,1992-06-09 06:00:00,12.0,60.0,DD
1992-01,BOB,1992-06-09 12:00:00,12.0,60.0,DD
1992-01,BOB,1992-06-09 18:00:00,12.0,60.0,DD
1992-01,BOB,1992-06-10 00:00:00,12.5,60.0,DD
1992-01,BOB,1992-06-10 06:00:00,12.5,59.5,DD
1992-01,BOB,1992-06-10 12:00:00,12.5,60.0,DD
1992-01,BOB,1992-06-10 18:00:00,13.0,59.0,DD
1992-01,BOB,1992-06-11 00:00:00,13.0,58.5,DD
1992-01,BOB,1992-06-11 06:00:00,13.0,57.0,CS
1992-01,BOB,1992-06-11 12:00:00,13.5,56.0,CS
1992-01,BOB,1992-06-11 18:00:00,13.5,55.5,CS
1992-01,BOB,1992-06-12 00:00:00,14.0,55.0,CS
1992-01,BOB,1992-06-12 06:00:00,14.0,53.0,D
1992-01,BOB,1992-06-12 12:00:00,14.0,52.5,D
1992-02,BOB,1992-06-17 00:00:00,19.0,89.0,D
1992-02,BOB,1992-06-17 06:00:00,19.5,88.0,DD
1992-02,BOB,1992-06-17 12:00:00,19.5,87.0,DD
1992-02,BOB,1992-06-17 18:00:00,20.0,86.5,DD
1992-02,BOB,1992-06-18 00:00:00,21.0,86.0,DD
1992-02,BOB,1992-06-18 06:00:00,21.0,84.5,D
1992-02,BOB,1992-06-18 12:00:00,21.0,83.5,D
1992-02,BOB,1992-06-18 18:00:00,21.0,83.0,D
1992-02,BOB,1992-06-19 00:00:00,21.0,82.5,D
1992-02,BOB,1992-06-19 06:00:00,21.0,81.0,D
1992-02,BOB,1992-06-19 12:00:00,21.0,80.0,D
1992-02,BOB,1992-06-19 18:00:00,21.0,79.5,D
1992-02,BOB,1992-06-20 00:00:00,21.0,79.0,D
1992-02,BOB,1992-06-20 06:00:00,21.0,77.5,D
1992-02,BOB,1992-06-20 12:00:00,21.5,76.5,
1992-03,BOB,1992-07-26 00:00:00,20.0,88.5,D
1992-03,BOB,1992-07-26 06:00:00,20.5,87.5,DD
1992-03,BOB,1992-07-26 12:00:00,20.5,87.5,DD
1992-03,BOB,1992-07-26 18:00:00,20.5,87.0,DD
1992-03,BOB,1992-07-27 00:00:00,21.0,86.0,DD
1992-03,BOB,1992-07-27 06:00:00,21.5,85.0,DD
1992-03,BOB,1992-07-27 12:00:00,22.0,83.5,DD
1992-03,BOB,1992-07-27 18:00:00,22.0,83.0,DD
1992-03,BOB,1992-07-28 00:00:00,22.0,83.0,DD
1992-03,BOB,1992-07-28 06:00:00,22.5,82.5,DD
1992-03,BOB,1992-07-28 12:00:00,23.0,80.0,DD
1992-03,BOB,1992-07-28 18:00:00,23.5,79.0,DD
1992-03,BOB,1992-07-29 00:00:00,23.5,78.0,DD
1992-03,BOB,1992-07-29 06:00:00,24.5,76.5,DD
1992-03,BOB,1992-07-29 12:00:00,25.0,76.0,D
1992-03,BOB,1992-07-29 18:00:00,25.5,75.0,D
1992-03,BOB,1992-07-30 00:00:00,26.0,74.0,D
1992-03,BOB,1992-07-30 06:00:00,26.5,72.5,D
1992-03,BOB,1992-07-30 12:00:00,27.0,71.0,
1992-02,BOB,1992-10-01 00:00:00,16.0,67.0,D
1992-02,BOB,1992-10-01 06:00:00,17.0,66.0,DD
1992-02,BOB,1992-10-01 12:00:00,17.5,65.0,CS
1992-02,BOB,1992-10-01 18:00:00,17.5,64.0,CS
1992-02,BOB,1992-10-02 00:00:00,17.5,63.0,CS
1992-02,BOB,1992-10-02 06:00:00,17.5,62.0,CS
1992-02,BOB,1992-10-02 12:00:00,18.5,60.5,CS
1992-02,BOB,1992-10-02 18:00:00,19.5,59.5,CS
1992-02,BOB,1992-10-03 00:00:00,19.5,58.5,CS
1992-02,BOB,1992-10-03 06:00:00,20.0,56.5,CS
1992-02,BOB,1992-10-03 12:00:00,20.5,56.0,CS
1992-04,BOB,1992-07-10 00:00:00,14.0,87.0,
1992-04,BOB,1992-07-10 06:00:00,14.0,87.0,
1992-04,BOB,1992-07-10 12:00:00,14.0,85.5,D
1992-04,BOB,1992-07-10 18:00:00,14.0,85.0,DD
1992-04,BOB,1992-08-10 00:00:00,14.5,83.5,DD
1992-04,BOB,1992-08-10 06:00:00,15.0,82.5,DD
1992-04,BOB,1992-08-10 12:00:00,15.5,82.0,DD
1992-04,BOB,1992-08-10 18:00:00,15.5,81.5,DD
1992-04,BOB,1992-09-10 00:00:00,16.5,81.0,DD
1992-04,BOB,1992-09-10 06:00:00,17.5,80.5,D
1992-05,BOB,1992-10-20 12:00:00,19.0,89.0,D
1992-05,BOB,1992-10-20 18:00:00,19.5,89.0,D
1992-05,BOB,1992-10-21 00:00:00,19.5,89.5,DD
1992-05,BOB,1992-10-21 06:00:00,20.5,90.5,CS
1992-05,BOB,1992-10-21 12:00:00,21.0,91.5,CS
1992-05,BOB,1992-10-21 18:00:00,21.0,92.0,CS
1992-05,BOB,1992-10-22 00:00:00,22.0,94.0,D
1992-06,BOB,1992-11-03 06:00:00,15.0,90.0,DD
1992-06,BOB,1992-11-03 12:00:00,15.5,89.5,DD
1992-06,BOB,1992-11-03 18:00:00,15.5,89.0,DD
1992-06,BOB,1992-11-04 00:00:00,15.5,89.0,CS
1992-06,BOB,1992-11-04 06:00:00,15.5,87.5,CS
1992-06,BOB,1992-11-04 12:00:00,15.5,87.5,CS
1992-06,BOB,1992-11-04 18:00:00,15.5,87.5,CS
1992-06,BOB,1992-11-05 00:00:00,16.0,86.5,CS
1992-06,BOB,1992-11-05 06:00:00,16.0,86.0,CS
1992-06,BOB,1992-11-05 12:00:00,16.0,86.0,CS
1992-06,BOB,1992-11-05 18:00:00,16.0,86.0,CS
1992-06,BOB,1992-11-06 00:00:00,16.5,85.5,CS
1992-06,BOB,1992-11-06 06:00:00,16.5,85.5,CS
1992-06,BOB,1992-11-06 12:00:00,16.5,85.5,CS
1992-06,BOB,1992-11-06 18:00:00,16.5,84.5,DD
1992-06,BOB,1992-11-07 00:00:00,16.0,83.0,DD
1992-07,BOB,1992-11-11 06:00:00,7.5,85.5,DD
1992-07,BOB,1992-11-11 12:00:00,7.5,84.5,CS
1992-07,BOB,1992-11-11 18:00:00,7.5,83.5,CS
1992-07,BOB,1992-11-12 00:00:00,7.0,82.5,CS
1992-07,BOB,1992-11-12 06:00:00,7.0,81.5,CS
1992-07,BOB,1992-11-12 12:00:00,7.5,80.0,CS
1992-07,BOB,1992-11-12 18:00:00,7.5,79.5,CS
1992-07,BOB,1992-11-13 00:00:00,7.5,79.0,CS
1992-07,BOB,1992-11-13 06:00:00,8.0,78.5,SCS
1992-07,BOB,1992-11-13 12:00:00,9.0,77.5,CS
1992-07,BOB,1992-11-13 18:00:00,9.5,77.5,DD
1992-07,BOB,1992-11-14 00:00:00,9.8,77.0,DD
1992-07,BOB,1992-11-14 06:00:00,10.5,76.5,D
1992-07,BOB,1992-11-14 12:00:00,10.5,76.0,D
1992-07,BOB,1992-11-14 18:00:00,10.5,75.5,D
1992-07,BOB,1992-11-15 00:00:00,10.5,75.0,D
1992-07,BOB,1992-11-15 06:00:00,11.0,74.5,DD
1992-07,BOB,1992-11-15 12:00:00,11.5,74.5,DD
1992-07,BOB,1992-11-15 18:00:00,12.0,74.5,DD
1992-07,BOB,1992-11-16 00:00:00,12.5,74.5,DD
1992-07,BOB,1992-11-16 06:00:00,12.5,74.5,DD
1992-07,BOB,1992-11-16 12:00:00,13.5,74.5,DD
1992-07,BOB,1992-11-16 18:00:00,13.5,74.5,DD
1992-07,BOB,1992-11-17 00:00:00,14.0,74.5,DD
1992-07,BOB,1992-11-17 06:00:00,14.5,74.5,D
1992-08,BOB,1992-11-16 06:00:00,9.5,95.5,D
1992-08,BOB,1992-11-16 12:00:00,9.5,94.5,D
1992-08,BOB,1992-11-16 18:00:00,9.5,93.5,DD
1992-08,BOB,1992-11-17 00:00:00,9.5,92.0,CS
1992-08,BOB,1992-11-17 06:00:00,9.5,90.5,CS
1992-08,BOB,1992-11-17 12:00:00,10.0,90.0,SCS
1992-08,BOB,1992-11-17 18:00:00,10.5,89.5,VSCS
1992-08,BOB,1992-11-18 00:00:00,11.0,88.5,VSCS
1992-08,BOB,1992-11-18 06:00:00,12.0,87.8,VSCS
1992-08,BOB,1992-11-18 12:00:00,13.5,87.5,VSCS
1992-08,BOB,1992-11-18 18:00:00,14.5,87.5,VSCS
1992-08,BOB,1992-11-19 00:00:00,16.0,87.5,ESCS
1992-08,BOB,1992-11-19 06:00:00,16.5,87.5,ESCS
1992-08,BOB,1992-11-19 12:00:00,17.5,88.5,ESCS
1992-08,BOB,1992-11-19 18:00:00,18.0,88.5,ESCS
1992-08,BOB,1992-11-20 00:00:00,18.5,89.0,ESCS
1992-08,BOB,1992-11-20 06:00:00,19.0,89.5,ESCS
1992-08,BOB,1992-11-20 12:00:00,19.5,90.0,ESCS
1992-08,BOB,1992-11-20 18:00:00,19.5,91.0,ESCS
1992-08,BOB,1992-11-21 00:00:00,20.0,91.5,ESCS
1992-08,BOB,1992-11-21 06:00:00,20.0,92.5,CS
1992-08,BOB,1992-11-21 12:00:00,20.5,93.5,CS
1992-03,BOB,1992-01-12 00:00:00,6.0,76.5,D
1992-03,BOB,1992-01-12 06:00:00,6.0,76.5,D
1992-03,BOB,1992-01-12 12:00:00,5.5,76.5,D
1992-03,BOB,1992-01-12 18:00:00,5.5,76.5,D
1992-03,BOB,1992-02-12 00:00:00,5.5,76.5,D
1992-04,BOB,1992-02-12 00:00:00,5.5,69.0,-
1992-04,BOB,1992-02-12 06:00:00,5.5,67.0,DD
1992-04,BOB,1992-02-12 12:00:00,5.5,65.5,DD
1992-04,BOB,1992-02-12 18:00:00,5.7,64.0,DD
1993-01,,1993-11-12 03:00:00,11.5,69.0,D
1993-01,,1993-11-12 06:00:00,12.0,68.5,D
1993-01,,1993-11-12 12:00:00,14.0,67.5,DD
1993-01,,1993-11-12 18:00:00,14.0,66.5,DD
1993-01,,1993-11-13 00:00:00,15.0,65.5,CS
1993-01,,1993-11-13 03:00:00,16.0,65.0,CS
1993-01,,1993-11-13 06:00:00,16.5,64.5,CS
1993-01,,1993-11-13 12:00:00,17.5,64.5,CS
1993-01,,1993-11-13 18:00:00,18.5,64.5,CS
1993-01,,1993-11-14 00:00:00,19.5,64.5,CS
1993-01,,1993-11-14 03:00:00,20.0,64.5,CS
1993-01,,1993-11-14 06:00:00,20.0,64.5,SCS
1993-01,,1993-11-14 12:00:00,20.5,64.5,VSCS
1993-01,,1993-11-14 18:00:00,21.5,65.5,VSCS
1993-01,,1993-11-15 00:00:00,22.5,67.0,SCS
1993-01,,1993-11-15 03:00:00,23.5,67.5,CS
1993-01,,1993-11-15 06:00:00,23.5,67.5,CS
1993-01,,1993-11-15 12:00:00,23.5,67.5,CS
1993-01,,1993-11-15 18:00:00,23.5,67.5,CS
1993-02,,1993-11-08 03:00:00,6.5,78.5,D
1993-02,,1993-11-08 06:00:00,6.5,78.5,D
1993-02,,1993-11-08 12:00:00,7.0,78.5,D
1993-02,,1993-11-08 18:00:00,7.5,78.5,D
1993-02,,1993-11-09 00:00:00,8.5,78.5,D
1993-02,,1993-11-09 03:00:00,9.0,78.5,D
1993-02,,1993-11-09 06:00:00,9.0,78.0,D
1993-02,,1993-11-09 12:00:00,9.0,77.5,D
1993-02,,1993-11-09 18:00:00,9.0,77.0,D
1993-01,BOB,1993-12-01 06:00:00,7.0,91.0,D
1993-01,BOB,1993-12-01 12:00:00,8.0,89.0,DD
1993-01,BOB,1993-12-01 18:00:00,8.0,88.0,DD
1993-01,BOB,1993-12-02 00:00:00,8.0,87.5,DD
1993-01,BOB,1993-12-02 03:00:00,8.0,87.0,DD
1993-01,BOB,1993-12-02 06:00:00,8.5,86.5,DD
1993-01,BOB,1993-12-02 12:00:00,9.0,85.5,CS
1993-01,BOB,1993-12-02 18:00:00,9.0,85.0,CS
1993-01,BOB,1993-12-03 00:00:00,9.5,84.5,CS
1993-01,BOB,1993-12-03 03:00:00,9.5,83.5,SCS
1993-01,BOB,1993-12-03 06:00:00,9.5,83.0,SCS
1993-01,BOB,1993-12-03 12:00:00,10.0,82.0,VSCS
1993-01,BOB,1993-12-03 18:00:00,10.5,81.5,VSCS
1993-01,BOB,1993-12-04 00:00:00,10.8,80.8,VSCS
1993-01,BOB,1993-12-04 03:00:00,11.0,80.0,VSCS
1993-01,BOB,1993-12-04 06:00:00,11.5,79.0,ESCS
1993-01,BOB,1993-12-04 12:00:00,12.0,78.5,DD
1993-02,BOB,1993-12-19 00:00:00,8.5,83.5,D
1993-02,BOB,1993-12-19 03:00:00,8.5,83.5,D
1993-02,BOB,1993-12-19 06:00:00,9.0,82.5,D
1993-02,BOB,1993-12-19 12:00:00,9.5,82.0,DD
1993-02,BOB,1993-12-19 18:00:00,10.0,81.0,DD
1993-02,BOB,1993-12-20 00:00:00,10.5,80.5,D
1993-02,BOB,1993-12-20 03:00:00,11.0,80.5,D
1993-02,BOB,1993-12-20 06:00:00,11.0,80.5,D
1993-02,BOB,1993-12-20 09:00:00,11.0,80.5,D
1994-01,BOB,1994-03-21 12:00:00,9.0,90.5,
1994-01,BOB,1994-03-21 18:00:00,10.0,90.0,
1994-01,BOB,1994-03-22 00:00:00,11.5,89.5,
1994-01,BOB,1994-03-22 06:00:00,12.5,90.5,
1994-01,BOB,1994-03-22 12:00:00,13.0,90.5,
1994-01,BOB,1994-03-22 18:00:00,13.0,90.5,
1994-01,BOB,1994-03-23 00:00:00,13.5,91.0,
1994-01,BOB,1994-03-23 06:00:00,13.5,91.0,
1994-01,BOB,1994-03-23 12:00:00,13.5,91.5,
1994-01,BOB,1994-03-23 18:00:00,13.5,91.5,
1994-01,BOB,1994-03-24 00:00:00,14.0,92.0,
1994-01,BOB,1994-03-24 06:00:00,14.0,92.5,
1994-02,BOB,1994-04-29 00:00:00,8.5,92.0,D
1994-02,BOB,1994-04-29 03:00:00,9.0,91.5,DD
1994-02,BOB,1994-04-29 06:00:00,9.3,91.3,DD
1994-02,BOB,1994-04-29 12:00:00,10.0,91.0,CS
1994-02,BOB,1994-04-29 18:00:00,10.4,90.7,CS
1994-02,BOB,1994-04-30 00:00:00,10.8,90.6,CS
1994-02,BOB,1994-04-30 03:00:00,11.0,90.5,CS
1994-02,BOB,1994-04-30 06:00:00,11.5,90.4,CS
1994-02,BOB,1994-04-30 12:00:00,12.0,90.5,SCS
1994-02,BOB,1994-04-30 18:00:00,13.0,90.2,SCS
1994-02,BOB,1994-05-01 00:00:00,13.5,90.1,VSCS
1994-02,BOB,1994-05-01 03:00:00,14.0,90.0,VSCS
1994-02,BOB,1994-05-01 06:00:00,15.0,90.1,VSCS
1994-02,BOB,1994-05-01 12:00:00,16.0,90.4,VSCS
1994-02,BOB,1994-05-01 18:00:00,17.0,90.5,ESCS
1994-02,BOB,1994-05-02 00:00:00,18.5,91.2,ESCS
1994-02,BOB,1994-05-02 03:00:00,19.0,91.4,ESCS
1994-02,BOB,1994-05-02 06:00:00,19.5,91.5,ESCS
1994-02,BOB,1994-05-02 12:00:00,20.6,92.0,ESCS
1994-02,BOB,1994-05-02 17:00:00,21.5,92.5,
1994-01,BOB,1994-06-05 18:00:00,16.0,72.5,D
1994-01,BOB,1994-06-06 00:00:00,16.5,72.0,D
1994-01,BOB,1994-06-06 03:00:00,17.5,71.5,DD
1994-01,BOB,1994-06-06 06:00:00,17.5,71.5,DD
1994-01,BOB,1994-06-06 12:00:00,18.0,70.5,CS
1994-01,BOB,1994-06-06 18:00:00,19.0,69.0,CS
1994-01,BOB,1994-06-07 00:00:00,19.5,67.4,CS
1994-01,BOB,1994-06-07 03:00:00,19.5,66.5,CS
1994-01,BOB,1994-06-07 06:00:00,19.5,65.0,CS
1994-01,BOB,1994-06-07 12:00:00,19.5,64.0,SCS
1994-01,BOB,1994-06-07 18:00:00,19.5,63.0,CS
1994-01,BOB,1994-06-08 00:00:00,19.5,62.0,CS
1994-01,BOB,1994-06-08 03:00:00,19.5,61.5,CS
1994-01,BOB,1994-06-08 06:00:00,19.5,61.5,CS
1994-01,BOB,1994-06-08 12:00:00,19.5,61.0,DD
1994-01,BOB,1994-06-08 18:00:00,19.5,60.5,DD
1994-01,BOB,1994-06-09 00:00:00,19.5,60.0,D
1994-01,BOB,1994-06-09 03:00:00,19.5,59.5,D
1994-01,BOB,1994-06-09 06:00:00,20.0,59.0,D
1994-03,BOB,1994-10-29 03:00:00,9.5,85.0,D
1994-03,BOB,1994-10-29 06:00:00,10.0,84.5,D
1994-03,BOB,1994-10-29 12:00:00,10.5,84.5,DD
1994-03,BOB,1994-10-29 18:00:00,11.0,84.0,DD
1994-03,BOB,1994-10-30 00:00:00,11.5,83.0,DD
1994-03,BOB,1994-10-30 03:00:00,12.0,82.0,CS
1994-03,BOB,1994-10-30 06:00:00,12.2,81.5,CS
1994-03,BOB,1994-10-30 12:00:00,12.3,81.0,SCS
1994-03,BOB,1994-10-30 18:00:00,12.7,80.5,SCS
1994-03,BOB,1994-10-31 00:00:00,13.0,80.3,SCS
1994-03,BOB,1994-10-31 03:00:00,13.2,80.0,SCS
1994-03,BOB,1994-10-31 06:00:00,13.6,79.5,CS
1994-03,BOB,1994-10-31 12:00:00,14.0,78.5,DD
1994-03,BOB,1994-10-31 18:00:00,14.5,78.0,
1994-02,BOB,1994-11-15 03:00:00,9.0,65.5,D
1994-02,BOB,1994-11-15 06:00:00,9.0,65.5,D
1994-02,BOB,1994-11-15 12:00:00,9.0,65.5,D
1994-02,BOB,1994-11-15 18:00:00,9.2,65.0,D
1994-02,BOB,1994-11-16 00:00:00,9.5,64.5,D
1994-02,BOB,1994-11-16 03:00:00,9.5,64.0,DD
1994-02,BOB,1994-11-16 06:00:00,9.5,64.0,DD
1994-02,BOB,1994-11-16 12:00:00,9.5,64.0,CS
1994-02,BOB,1994-11-16 18:00:00,9.5,64.0,CS
1994-02,BOB,1994-11-17 00:00:00,9.5,63.5,CS
1994-02,BOB,1994-11-17 03:00:00,9.0,63.0,CS
1994-02,BOB,1994-11-17 06:00:00,9.0,62.0,CS
1994-02,BOB,1994-11-17 12:00:00,8.5,61.0,CS
1994-02,BOB,1994-11-17 18:00:00,8.0,60.5,CS
1994-02,BOB,1994-11-18 00:00:00,8.0,60.0,CS
1994-02,BOB,1994-11-18 03:00:00,8.0,60.0,CS
1994-02,BOB,1994-11-18 06:00:00,8.0,58.0,CS
1994-02,BOB,1994-11-18 12:00:00,8.0,57.0,CS
1994-02,BOB,1994-11-18 18:00:00,8.0,56.5,CS
1994-02,BOB,1994-11-19 00:00:00,8.0,54.5,SCS
1994-02,BOB,1994-11-19 03:00:00,8.0,54.0,VSCS
1994-02,BOB,1994-11-19 06:00:00,8.0,53.0,VSCS
1994-02,BOB,1994-11-19 12:00:00,8.0,51.0,SCS
1994-02,BOB,1994-11-19 18:00:00,8.0,50.5,CS
1994-02,BOB,1994-11-20 00:00:00,8.0,50.0,CS
1994-02,BOB,1994-11-20 03:00:00,8.0,49.5,CS
1995-01,BOB,1995-05-05 21:00:00,11.0,80.5,D
1995-01,BOB,1995-05-06 00:00:00,11.5,80.5,D
1995-01,BOB,1995-05-06 03:00:00,11.5,80.5,D
1995-01,BOB,1995-05-06 06:00:00,11.5,80.5,D
1995-01,BOB,1995-05-06 09:00:00,11.5,80.0,DD
1995-01,BOB,1995-05-06 12:00:00,12.0,79.5,D
1995-01,BOB,1995-05-06 18:00:00,12.5,78.5,D
1995-02,BOB,1995-05-08 09:00:00,14.5,81.5,D
1995-02,BOB,1995-05-08 12:00:00,15.0,81.5,D
1995-02,BOB,1995-05-08 18:00:00,15.5,81.5,D
1995-02,BOB,1995-05-09 00:00:00,15.5,81.5,D
1995-02,BOB,1995-05-09 03:00:00,16.0,82.5,D
1995-02,BOB,1995-05-09 06:00:00,16.5,82.5,D
1995-02,BOB,1995-05-09 09:00:00,16.5,82.5,DD
1995-02,BOB,1995-05-09 12:00:00,16.5,82.5,DD
1995-02,BOB,1995-05-09 18:00:00,17.5,82.5,DD
1995-02,BOB,1995-05-10 00:00:00,18.0,82.5,D
1995-02,BOB,1995-05-10 03:00:00,18.5,82.5,D
1995-02,BOB,1995-05-10 06:00:00,19.0,82.5,D
1995-02,BOB,1995-05-10 09:00:00,19.0,83.5,D
1995-03,BOB,1995-05-14 18:00:00,19.5,86.5,D
1995-03,BOB,1995-05-15 00:00:00,20.0,86.8,D
1995-03,BOB,1995-05-15 03:00:00,20.5,87.0,DD
1995-03,BOB,1995-05-15 06:00:00,21.0,87.3,DD
1995-03,BOB,1995-05-15 12:00:00,21.5,87.5,DD
1995-03,BOB,1995-05-15 18:00:00,21.5,88.0,DD
1995-03,BOB,1995-05-16 00:00:00,22.0,88.5,DD
1995-03,BOB,1995-05-16 03:00:00,22.0,88.5,DD
1995-03,BOB,1995-05-16 06:00:00,22.5,89.5,DD
1995-03,BOB,1995-05-16 12:00:00,23.0,89.5,DD
1995-03,BOB,1995-05-16 18:00:00,23.7,90.5,DD
1995-03,BOB,1995-05-17 00:00:00,24.0,91.0,DD
1995-03,BOB,1995-05-17 03:00:00,24.5,91.5,DD
1995-03,BOB,1995-05-17 06:00:00,25.0,92.0,D
1995-03,BOB,1995-05-17 12:00:00,25.5,92.5,D
1995-03,BOB,1995-05-17 18:00:00,26.0,93.0,D
1995-03,BOB,1995-05-18 00:00:00,26.0,93.0,D
1995-04,BOB,1995-09-16 03:00:00,19.0,90.0,D
1995-04,BOB,1995-09-16 06:00:00,19.5,89.5,D
1995-04,BOB,1995-09-16 12:00:00,20.0,89.0,D
1995-04,BOB,1995-09-16 18:00:00,21.0,88.0,D
1995-04,BOB,1995-09-17 00:00:00,21.0,87.5,D
1995-04,BOB,1995-09-17 03:00:00,21.8,86.8,D Over   land
1995-04,BOB,1995-09-17 06:00:00,22.0,86.5,D Over   land
1995-04,BOB,1995-09-17 12:00:00,23.4,85.3,D Over   land
1995-05,BOB,1995-09-26 03:00:00,21.5,87.5,D
1995-05,BOB,1995-09-26 06:00:00,21.8,87.0,D Over    land
1995-05,BOB,1995-09-26 12:00:00,22.0,86.5,D Over   land
1995-05,BOB,1995-09-26 18:00:00,22.5,86.0,D Over   land
1995-05,BOB,1995-09-27 00:00:00,23.0,86.0,D Over   land
1995-05,BOB,1995-09-27 03:00:00,23.0,86.0,D Over   land
1995-05,BOB,1995-09-27 06:00:00,23.5,86.5,D Over   land
1995-05,BOB,1995-09-27 12:00:00,24.0,87.0,D Over   land
1995-05,BOB,1995-09-27 18:00:00,24.0,87.0,D Over   land
1995-05,BOB,1995-09-28 00:00:00,24.0,87.0,D Over   land
1995-05,BOB,1995-09-28 03:00:00,24.0,87.0,D Over   land
1995-06,BOB,1995-10-12 12:00:00,16.5,70.0,D
1995-06,BOB,1995-10-12 18:00:00,16.7,69.5,D
1995-06,BOB,1995-10-13 00:00:00,17.0,69.0,D
1995-06,BOB,1995-10-13 03:00:00,17.0,69.0,D
1995-06,BOB,1995-10-13 06:00:00,17.0,69.0,D
1995-06,BOB,1995-10-13 12:00:00,17.0,68.5,DD
1995-06,BOB,1995-10-13 18:00:00,17.3,68.0,DD
1995-06,BOB,1995-10-14 00:00:00,17.5,67.5,CS
1995-06,BOB,1995-10-14 03:00:00,17.5,67.5,CS
1995-06,BOB,1995-10-14 06:00:00,18.0,67.0,CS
1995-06,BOB,1995-10-14 12:00:00,18.0,67.0,CS
1995-06,BOB,1995-10-14 18:00:00,18.0,67.0,CS
1995-06,BOB,1995-10-15 00:00:00,18.0,67.0,CS
1995-06,BOB,1995-10-15 03:00:00,18.0,67.0,CS
1995-06,BOB,1995-10-15 06:00:00,18.0,67.0,CS
1995-06,BOB,1995-10-15 12:00:00,18.5,66.0,CS
1995-06,BOB,1995-10-15 18:00:00,18.5,66.0,CS
1995-06,BOB,1995-10-16 00:00:00,19.0,66.0,CS
1995-06,BOB,1995-10-16 03:00:00,19.0,65.5,CS
1995-06,BOB,1995-10-16 06:00:00,19.0,65.5,CS
1995-06,BOB,1995-10-16 12:00:00,19.5,65.0,DD
1995-06,BOB,1995-10-16 18:00:00,19.5,65.0,DD
1995-06,BOB,1995-10-17 00:00:00,19.5,65.0,DD
1995-06,BOB,1995-10-17 03:00:00,19.5,64.5,D
1995-06,BOB,1995-10-17 06:00:00,19.5,64.0,D
1995-06,BOB,1995-10-17 12:00:00,19.5,63.5,D
1995-07,BOB,1995-11-07 03:00:00,11.0,91.5,D
1995-07,BOB,1995-11-07 06:00:00,11.5,91.0,D
1995-07,BOB,1995-11-07 12:00:00,12.5,89.5,DD
1995-07,BOB,1995-11-07 18:00:00,13.0,89.0,DD
1995-07,BOB,1995-11-08 00:00:00,13.0,88.5,CS
1995-07,BOB,1995-11-08 03:00:00,13.5,87.5,CS
1995-07,BOB,1995-11-08 06:00:00,14.0,86.5,CS
1995-07,BOB,1995-11-08 12:00:00,15.5,85.5,SCS
1995-07,BOB,1995-11-08 18:00:00,17.0,85.2,VSCS
1995-07,BOB,1995-11-09 00:00:00,18.0,85.1,VSCS
1995-07,BOB,1995-11-09 03:00:00,19.0,85.0,VSCS
1995-07,BOB,1995-11-09 06:00:00,19.5,85.0,SCS
1995-07,BOB,1995-11-09 12:00:00,21.0,85.0,CS
1995-07,BOB,1995-11-09 18:00:00,22.5,85.0,CS
1995-07,BOB,1995-11-10 00:00:00,24.0,85.0,CS
1995-07,BOB,1995-11-10 03:00:00,24.5,85.0,DD
1995-07,BOB,1995-11-10 06:00:00,25.5,85.0,DD
1995-07,BOB,1995-11-10 09:00:00,26.5,85.0,D
1995-08,BOB,1995-11-21 12:00:00,6.5,91.0,D
1995-08,BOB,1995-11-21 18:00:00,7.0,90.5,D
1995-08,BOB,1995-11-22 00:00:00,7.5,90.0,D
1995-08,BOB,1995-11-22 03:00:00,7.5,90.0,DD
1995-08,BOB,1995-11-22 06:00:00,8.0,89.0,DD
1995-08,BOB,1995-11-22 12:00:00,8.5,88.5,CS
1995-08,BOB,1995-11-22 18:00:00,9.5,87.5,CS
1995-08,BOB,1995-11-23 00:00:00,10.0,86.5,CS
1995-08,BOB,1995-11-23 03:00:00,10.0,86.0,SCS
1995-08,BOB,1995-11-23 06:00:00,10.5,85.5,SCS
1995-08,BOB,1995-11-23 12:00:00,11.0,85.0,SCS
1995-08,BOB,1995-11-23 18:00:00,12.0,85.0,VSCS
1995-08,BOB,1995-11-24 00:00:00,13.5,85.0,VSCS
1995-08,BOB,1995-11-24 03:00:00,14.5,85.0,ESCS
1995-08,BOB,1995-11-24 06:00:00,15.0,85.0,ESCS
1995-08,BOB,1995-11-24 12:00:00,16.5,86.5,ESCS
1995-08,BOB,1995-11-24 18:00:00,18.0,88.8,ESCS
1995-08,BOB,1995-11-25 00:00:00,19.0,89.0,VSCS
1995-08,BOB,1995-11-25 03:00:00,20.0,90.5,VSCS
1995-08,BOB,1995-11-25 06:00:00,21.0,92.0,SCS
1995-08,BOB,1995-11-25 09:00:00,21.5,93.5,-
1996-01,BOB,1996-05-07 03:00:00,19.0,89.0,D
1996-01,BOB,1996-05-07 06:00:00,19.0,89.0,D
1996-01,BOB,1996-05-07 12:00:00,20.0,89.5,D
1996-01,BOB,1996-05-07 18:00:00,20.5,90.5,DD
1996-01,BOB,1996-05-08 00:00:00,21.5,92.5,DD
1996-02,BOB,1996-06-12 12:00:00,11.0,86.0,D
1996-02,BOB,1996-06-12 18:00:00,11.5,85.0,D
1996-02,BOB,1996-06-13 00:00:00,12.0,84.0,D
1996-02,BOB,1996-06-13 03:00:00,12.5,83.0,DD
1996-02,BOB,1996-06-13 06:00:00,12.7,83.0,DD
1996-02,BOB,1996-06-13 12:00:00,13.0,82.0,DD
1996-02,BOB,1996-06-13 18:00:00,13.5,81.0,DD
1996-02,BOB,1996-06-14 00:00:00,13.5,80.5,CS
1996-02,BOB,1996-06-14 03:00:00,14.0,80.5,CS
1996-02,BOB,1996-06-14 06:00:00,14.5,80.8,CS
1996-02,BOB,1996-06-14 12:00:00,15.0,81.0,CS
1996-02,BOB,1996-06-14 18:00:00,16.0,82.0,CS
1996-02,BOB,1996-06-15 00:00:00,16.5,82.5,CS
1996-02,BOB,1996-06-15 03:00:00,16.5,82.5,CS
1996-02,BOB,1996-06-15 06:00:00,16.8,83.0,CS
1996-02,BOB,1996-06-15 12:00:00,17.0,83.5,CS
1996-02,BOB,1996-06-15 18:00:00,17.0,83.5,CS
1996-02,BOB,1996-06-16 00:00:00,17.3,83.5,CS
1996-02,BOB,1996-06-16 03:00:00,17.5,83.5,CS
1996-02,BOB,1996-06-16 06:00:00,17.7,83.4,CS
1996-03,BOB,1996-06-17 09:00:00,17.5,69.5,D
1996-03,BOB,1996-06-17 12:00:00,18.0,69.5,D
1996-03,BOB,1996-06-17 18:00:00,18.0,69.5,DD
1996-03,BOB,1996-06-18 00:00:00,18.8,70.3,DD
1996-03,BOB,1996-06-18 03:00:00,19.0,70.5,DD
1996-03,BOB,1996-06-18 06:00:00,19.5,70.5,DD
1996-03,BOB,1996-06-18 09:00:00,19.5,70.5,CS
1996-03,BOB,1996-06-18 12:00:00,20.0,70.5,CS
1996-03,BOB,1996-06-18 18:00:00,20.5,70.5,SCS
1996-03,BOB,1996-06-19 00:00:00,20.8,70.8,SCS
1996-03,BOB,1996-06-19 03:00:00,21.5,71.5,CS
1996-03,BOB,1996-06-19 06:00:00,22.0,71.5,CS
1996-03,BOB,1996-06-19 12:00:00,22.5,71.5,CS
1996-03,BOB,1996-06-19 18:00:00,23.0,71.5,DD
1996-03,BOB,1996-06-20 00:00:00,23.5,71.5,D
1996-03,BOB,1996-06-20 03:00:00,24.2,71.5,D
1996-03,BOB,1996-06-20 06:00:00,24.5,71.5,D
1996-04,LAND,1996-07-26 03:00:00,24.0,84.0,D
1996-04,LAND,1996-07-26 12:00:00,24.5,81.5,D
1996-04,LAND,1996-07-27 03:00:00,24.5,79.5,D
1996-04,LAND,1996-07-27 12:00:00,24.5,77.5,D
1996-04,LAND,1996-07-28 03:00:00,24.5,76.5,D
1996-05,BOB,1996-10-01 03:00:00,15.0,82.0,D
1996-05,BOB,1996-10-01 06:00:00,15.0,81.5,D
1996-05,BOB,1996-10-01 12:00:00,15.0,80.5,D
1996-05,BOB,1996-10-01 18:00:00,15.0,80.0,D
1996-05,BOB,1996-10-02 00:00:00,15.5,79.5,D Over
1996-05,BOB,1996-10-02 03:00:00,15.5,79.0,D
1996-05,BOB,1996-10-02 06:00:00,16.0,78.5,D
1996-06,BOB,1996-10-22 09:00:00,14.0,69.0,D
1996-06,BOB,1996-10-22 12:00:00,14.5,69.5,D
1996-06,BOB,1996-10-22 18:00:00,14.5,69.5,DD
1996-06,BOB,1996-10-23 00:00:00,15.0,70.0,DD
1996-06,BOB,1996-10-23 03:00:00,15.0,70.0,DD
1996-06,BOB,1996-10-23 06:00:00,15.5,70.5,DD
1996-06,BOB,1996-10-23 09:00:00,15.5,70.5,CS
1996-06,BOB,1996-10-23 12:00:00,16.0,70.5,CS
1996-06,BOB,1996-10-23 18:00:00,16.5,70.5,SCS
1996-06,BOB,1996-10-24 00:00:00,17.8,70.5,SCS
1996-06,BOB,1996-10-24 03:00:00,18.0,70.5,SCS
1996-06,BOB,1996-10-24 06:00:00,18.0,70.5,SCS
1996-06,BOB,1996-10-24 12:00:00,19.0,70.0,SCS
1996-06,BOB,1996-10-24 18:00:00,19.0,70.0,SCS
1996-06,BOB,1996-10-25 00:00:00,19.5,70.0,CS
1996-06,BOB,1996-10-25 03:00:00,20.0,70.0,CS
1996-06,BOB,1996-10-25 06:00:00,20.0,70.0,DD
1996-06,BOB,1996-10-25 12:00:00,20.0,70.0,D
1996-06,BOB,1996-10-26 00:00:00,20.0,70.0,D
1996-06,BOB,1996-10-26 03:00:00,20.0,70.0,D
1996-06,BOB,1996-10-26 06:00:00,20.0,70.0,D
1996-06,BOB,1996-10-26 12:00:00,20.0,70.0,D
1996-06,BOB,1996-10-26 18:00:00,20.0,70.0,D
1996-06,BOB,1996-10-27 00:00:00,20.0,70.0,D
1996-06,BOB,1996-10-27 03:00:00,19.5,70.0,D
1996-06,BOB,1996-10-27 06:00:00,19.5,70.0,D
1996-06,BOB,1996-10-27 09:00:00,19.0,70.0,D
1996-06,BOB,1996-10-27 12:00:00,18.5,69.5,D
1996-07,BOB,1996-10-27 03:00:00,15.0,86.0,D
1996-07,BOB,1996-10-27 06:00:00,15.5,85.5,D
1996-07,BOB,1996-10-27 12:00:00,16.0,85.5,D
1996-07,BOB,1996-10-27 18:00:00,17.0,86.0,DD
1996-07,BOB,1996-10-28 00:00:00,18.0,87.0,DD
1996-07,BOB,1996-10-28 03:00:00,19.0,87.5,DD
1996-07,BOB,1996-10-28 06:00:00,20.0,88.0,DD
1996-07,BOB,1996-10-28 12:00:00,21.5,89.0,DD
1996-07,BOB,1996-10-28 18:00:00,22.0,89.5,DD
1996-07,BOB,1996-10-29 00:00:00,23.5,90.0,D Over
1996-08,BOB,1996-11-04 15:00:00,16.0,88.0,D
1996-08,BOB,1996-11-04 18:00:00,16.0,87.5,D
1996-08,BOB,1996-11-05 00:00:00,16.0,87.0,D
1996-08,BOB,1996-11-05 03:00:00,16.0,86.5,DD
1996-08,BOB,1996-11-05 06:00:00,16.0,86.5,DD
1996-08,BOB,1996-11-05 09:00:00,16.0,86.0,CS
1996-08,BOB,1996-11-05 12:00:00,16.0,85.5,CS
1996-08,BOB,1996-11-05 18:00:00,16.0,85.0,CS
1996-08,BOB,1996-11-06 00:00:00,16.0,84.5,CS
1996-08,BOB,1996-11-06 01:00:00,16.1,84.1,SCS
1996-08,BOB,1996-11-06 03:00:00,16.1,83.8,SCS
1996-08,BOB,1996-11-06 06:00:00,16.2,83.5,VSCS
1996-08,BOB,1996-11-06 09:00:00,16.3,83.0,VSCS
1996-08,BOB,1996-11-06 12:00:00,16.4,82.6,VSCS
1996-08,BOB,1996-11-06 18:00:00,16.7,82.0,SCS
1996-08,BOB,1996-11-07 00:00:00,16.8,81.0,CS
1996-08,BOB,1996-11-07 03:00:00,17.0,80.0,DD
1996-08,BOB,1996-11-07 06:00:00,17.5,79.0,D
1996-09,BOB,1996-11-28 03:00:00,11.5,86.5,D
1996-09,BOB,1996-11-28 06:00:00,12.0,86.0,D
1996-09,BOB,1996-11-28 12:00:00,12.5,85.5,D
1996-09,BOB,1996-11-28 18:00:00,13.0,85.5,D
1996-09,BOB,1996-11-29 00:00:00,13.0,85.5,D
1996-09,BOB,1996-11-29 03:00:00,12.5,85.0,DD
1996-09,BOB,1996-11-29 06:00:00,13.0,85.5,DD
1996-09,BOB,1996-11-29 12:00:00,13.5,86.0,DD
1996-09,BOB,1996-11-29 18:00:00,14.0,87.0,DD
1996-09,BOB,1996-11-30 00:00:00,14.5,87.5,DD
1996-09,BOB,1996-11-30 03:00:00,14.5,87.5,DD
1996-09,BOB,1996-11-30 06:00:00,15.0,88.0,DD
1996-09,BOB,1996-11-30 12:00:00,15.5,88.5,D
1996-09,BOB,1996-11-30 18:00:00,15.0,89.0,D
1996-09,BOB,1996-12-01 00:00:00,14.5,89.0,D
1996-09,BOB,1996-12-01 03:00:00,14.5,89.0,D
1996-09,BOB,1996-12-01 06:00:00,14.5,88.5,D
1996-09,BOB,1996-12-01 12:00:00,14.5,88.5,DD
1996-09,BOB,1996-12-01 18:00:00,14.5,88.0,DD
1996-09,BOB,1996-12-02 00:00:00,14.0,87.0,CS
1996-09,BOB,1996-12-02 03:00:00,14.0,87.0,CS
1996-09,BOB,1996-12-02 06:00:00,14.0,87.0,CS
1996-09,BOB,1996-12-02 12:00:00,14.0,86.0,CS
1996-09,BOB,1996-12-02 18:00:00,14.0,85.5,CS
1996-09,BOB,1996-12-03 00:00:00,14.0,85.0,CS
1996-09,BOB,1996-12-03 03:00:00,14.0,84.5,SCS
1996-09,BOB,1996-12-03 06:00:00,14.3,84.0,SCS
1996-09,BOB,1996-12-03 12:00:00,14.5,83.5,VSCS
1996-09,BOB,1996-12-03 18:00:00,14.7,83.0,VSCS
1996-09,BOB,1996-12-04 00:00:00,14.7,83.0,VSCS
1996-09,BOB,1996-12-04 03:00:00,14.8,82.2,VSCS
1996-09,BOB,1996-12-04 06:00:00,15.1,82.0,VSCS
1996-09,BOB,1996-12-04 12:00:00,15.3,81.4,VSCS
1996-09,BOB,1996-12-04 18:00:00,15.5,81.4,VSCS
1996-09,BOB,1996-12-05 00:00:00,15.0,81.3,SCS
1996-09,BOB,1996-12-05 03:00:00,14.5,82.0,SCS
1996-09,BOB,1996-12-05 06:00:00,14.5,81.7,CS
1996-09,BOB,1996-12-05 12:00:00,14.3,81.7,CS
1996-09,BOB,1996-12-05 18:00:00,14.0,81.5,CS
1996-09,BOB,1996-12-06 00:00:00,13.7,81.2,CS
1996-09,BOB,1996-12-06 03:00:00,13.7,81.1,CS
1996-09,BOB,1996-12-06 06:00:00,13.5,80.7,CS
1996-09,BOB,1996-12-06 12:00:00,13.2,80.5,CS
1996-09,BOB,1996-12-06 18:00:00,12.0,80.0,CS
1997-01,BOB,1997-05-15 06:00:00,6.5,90.5,D
1997-01,BOB,1997-05-15 09:00:00,7.0,90.5,D
1997-01,BOB,1997-05-15 12:00:00,7.5,90.5,DD
1997-01,BOB,1997-05-15 18:00:00,8.0,90.5,DD
1997-01,BOB,1997-05-16 00:00:00,8.5,90.5,DD
1997-01,BOB,1997-05-16 03:00:00,9.0,90.5,CS
1997-01,BOB,1997-05-16 06:00:00,9.2,90.5,CS
1997-01,BOB,1997-05-16 09:00:00,9.5,90.5,CS
1997-01,BOB,1997-05-16 12:00:00,10.0,91.0,CS
1997-01,BOB,1997-05-16 18:00:00,10.5,91.3,CS
1997-01,BOB,1997-05-17 00:00:00,11.0,91.4,CS
1997-01,BOB,1997-05-17 03:00:00,12.0,91.5,CS
1997-01,BOB,1997-05-17 06:00:00,13.0,91.5,CS
1997-01,BOB,1997-05-17 09:00:00,13.5,91.5,SCS
1997-01,BOB,1997-05-17 12:00:00,14.0,91.0,SCS
1997-01,BOB,1997-05-17 18:00:00,15.0,91.0,SCS
1997-01,BOB,1997-05-18 00:00:00,16.0,91.0,SCS
1997-01,BOB,1997-05-18 03:00:00,16.5,90.5,VSCS
1997-01,BOB,1997-05-18 06:00:00,17.0,90.5,VSCS
1997-01,BOB,1997-05-18 09:00:00,17.5,90.5,VSCS
1997-01,BOB,1997-05-18 12:00:00,18.0,90.5,VSCS
1997-01,BOB,1997-05-18 18:00:00,19.3,90.3,VSCS
1997-01,BOB,1997-05-19 00:00:00,20.0,90.8,ESCS
1997-01,BOB,1997-05-19 03:00:00,20.3,91.2,ESCS
1997-01,BOB,1997-05-19 06:00:00,20.3,91.3,ESCS
1997-01,BOB,1997-05-19 09:00:00,21.6,91.5,ESCS
1997-01,BOB,1997-05-19 12:00:00,22.1,91.8,ESCS
1997-02,BOB,1997-06-26 03:00:00,21.0,89.5,D
1997-02,BOB,1997-06-26 06:00:00,21.0,89.0,D
1997-02,BOB,1997-06-26 12:00:00,21.5,88.5,DD
1997-02,BOB,1997-06-26 18:00:00,21.5,88.5,DD
1997-02,BOB,1997-06-27 00:00:00,22.0,88.0,DD
1997-02,BOB,1997-06-27 03:00:00,22.5,87.5,DD
1997-02,BOB,1997-06-27 06:00:00,22.5,87.0,DD
1997-02,BOB,1997-06-27 12:00:00,23.0,86.5,DD
1997-02,BOB,1997-06-27 18:00:00,23.0,86.0,DD
1997-02,BOB,1997-06-28 00:00:00,23.0,86.0,DD
1997-02,BOB,1997-06-28 03:00:00,23.5,86.0,DD
1997-02,BOB,1997-06-28 06:00:00,24.0,85.5,DD
1997-02,BOB,1997-06-28 12:00:00,24.0,86.0,DD
1997-02,BOB,1997-06-28 18:00:00,24.0,86.0,DD
1997-02,BOB,1997-06-29 00:00:00,24.5,85.5,DD
1997-02,BOB,1997-06-29 03:00:00,24.5,85.5,DD
1997-02,BOB,1997-06-29 06:00:00,25.0,85.5,DD
1997-02,BOB,1997-06-29 12:00:00,25.5,85.5,DD
1997-02,BOB,1997-06-29 18:00:00,26.0,85.0,D
1997-03,BOB,1997-07-29 03:00:00,21.0,89.0,D
1997-03,BOB,1997-07-29 06:00:00,21.0,89.0,D
1997-03,BOB,1997-07-29 12:00:00,21.0,87.5,D
1997-03,BOB,1997-07-29 18:00:00,21.0,87.5,D
1997-03,BOB,1997-07-30 00:00:00,21.0,87.5,D
1997-03,BOB,1997-07-30 03:00:00,21.0,87.5,DD
1997-03,BOB,1997-07-30 06:00:00,21.0,87.0,DD
1997-03,BOB,1997-07-30 12:00:00,21.5,86.5,DD
1997-03,BOB,1997-07-30 18:00:00,21.5,86.5,DD
1997-03,BOB,1997-07-31 00:00:00,21.5,86.5,DD
1997-03,BOB,1997-07-31 03:00:00,22.0,86.0,DD
1997-03,BOB,1997-07-31 06:00:00,22.0,86.0,DD
1997-03,BOB,1997-07-31 12:00:00,22.5,85.0,DD
1997-03,BOB,1997-07-31 18:00:00,23.0,83.0,DD
1997-03,BOB,1997-08-01 00:00:00,24.0,82.0,DD
1997-03,BOB,1997-08-01 03:00:00,24.5,80.5,DD
1997-03,BOB,1997-08-01 06:00:00,25.0,79.0,DD
1997-03,BOB,1997-08-01 12:00:00,26.0,78.5,DD
1997-03,BOB,1997-08-02 00:00:00,26.5,78.0,DD
1997-03,BOB,1997-08-02 03:00:00,27.5,77.5,DD
1997-03,BOB,1997-08-02 06:00:00,28.0,77.0,D
1997-04,BOB,1997-08-04 06:00:00,20.0,91.0,D
1997-04,BOB,1997-08-04 09:00:00,21.5,90.0,D
1997-04,BOB,1997-08-04 12:00:00,21.0,89.5,D
1997-04,BOB,1997-08-04 18:00:00,21.5,89.5,D
1997-04,BOB,1997-08-05 00:00:00,21.5,89.0,D
1997-04,BOB,1997-08-05 03:00:00,22.0,88.0,DD
1997-04,BOB,1997-08-05 06:00:00,22.5,88.0,DD
1997-04,BOB,1997-08-05 09:00:00,22.5,88.0,DD
1997-04,BOB,1997-08-05 12:00:00,22.5,87.5,DD
1997-04,BOB,1997-08-05 18:00:00,23.0,85.0,DD
1997-05,BOB,1997-08-20 03:00:00,20.5,87.5,D
1997-05,BOB,1997-08-20 06:00:00,20.5,87.0,DD
1997-05,BOB,1997-08-20 12:00:00,20.5,86.5,DD
1997-05,BOB,1997-08-20 18:00:00,21.0,85.5,DD
1997-05,BOB,1997-08-21 00:00:00,21.0,85.0,DD
1997-05,BOB,1997-08-21 03:00:00,21.0,84.5,DD
1997-05,BOB,1997-08-21 06:00:00,21.0,84.0,DD
1997-05,BOB,1997-08-21 12:00:00,21.0,83.0,DD
1997-05,BOB,1997-08-21 18:00:00,21.5,82.0,DD
1997-05,BOB,1997-08-22 00:00:00,21.5,81.0,DD
1997-05,BOB,1997-08-22 03:00:00,21.5,81.0,DD
1997-05,BOB,1997-08-22 06:00:00,21.5,80.5,DD
1997-05,BOB,1997-08-22 12:00:00,22.0,79.5,DD
1997-05,BOB,1997-08-22 18:00:00,22.5,79.0,DD
1997-05,BOB,1997-08-23 00:00:00,23.0,78.5,DD
1997-05,BOB,1997-08-23 03:00:00,23.0,78.0,DD
1997-05,BOB,1997-08-23 06:00:00,23.0,77.5,DD
1997-05,BOB,1997-08-23 12:00:00,23.5,77.0,DD
1997-05,BOB,1997-08-23 18:00:00,24.0,77.0,DD
1997-05,BOB,1997-08-24 00:00:00,24.5,77.0,DD
1997-05,BOB,1997-08-24 03:00:00,24.5,76.5,DD
1997-05,BOB,1997-08-24 06:00:00,24.5,76.5,DD
1997-05,BOB,1997-08-24 12:00:00,25.0,76.0,DD
1997-05,BOB,1997-08-24 18:00:00,25.5,75.5,DD
1997-05,BOB,1997-08-25 00:00:00,26.0,75.0,DD
1997-05,BOB,1997-08-25 03:00:00,26.0,75.0,DD
1997-05,BOB,1997-08-25 06:00:00,26.0,75.0,DD
1997-05,BOB,1997-08-25 12:00:00,26.5,74.5,DD
1997-05,BOB,1997-08-25 18:00:00,27.0,74.5,DD
1997-05,BOB,1997-08-26 00:00:00,27.0,74.0,DD
1997-05,BOB,1997-08-26 03:00:00,27.0,74.0,DD
1997-05,BOB,1997-08-26 06:00:00,27.0,74.0,DD
1997-05,BOB,1997-08-26 12:00:00,27.5,74.0,DD
1997-05,BOB,1997-08-26 18:00:00,29.0,74.0,D
1997-05,BOB,1997-08-27 03:00:00,31.0,74.0,D
1997-05,BOB,1997-08-27 06:00:00,31.0,74.0,D
1997-06,BOB,1997-08-28 03:00:00,19.5,87.0,D
1997-06,BOB,1997-08-28 06:00:00,19.5,86.0,D
1997-06,BOB,1997-08-28 09:00:00,20.5,85.5,D
1997-06,BOB,1997-08-28 12:00:00,21.5,85.0,D
1997-06,BOB,1997-08-28 18:00:00,22.0,84.5,D
1997-06,BOB,1997-08-29 00:00:00,22.5,84.5,D
1997-06,BOB,1997-08-29 03:00:00,23.0,84.0,D
1997-06,BOB,1997-08-29 09:00:00,23.0,84.0,D
1997-06,BOB,1997-08-29 12:00:00,23.5,84.0,D
1997-06,BOB,1997-08-29 18:00:00,23.5,84.0,D
1997-06,BOB,1997-08-30 00:00:00,24.0,83.0,D
1997-06,BOB,1997-08-30 03:00:00,24.0,83.5,D
1997-06,BOB,1997-08-30 06:00:00,24.0,83.5,D
1997-07,BOB,1997-09-23 03:00:00,15.5,82.5,D
1997-07,BOB,1997-09-23 06:00:00,16.0,82.5,D
1997-07,BOB,1997-09-23 09:00:00,16.0,82.5,D
1997-07,BOB,1997-09-23 12:00:00,16.0,82.5,DD
1997-07,BOB,1997-09-23 18:00:00,16.0,82.5,DD
1997-07,BOB,1997-09-24 00:00:00,16.5,82.5,DD
1997-07,BOB,1997-09-24 03:00:00,16.5,82.5,DD
1997-07,BOB,1997-09-24 06:00:00,16.5,82.5,DD
1997-07,BOB,1997-09-24 09:00:00,16.5,82.7,CS
1997-07,BOB,1997-09-24 12:00:00,16.7,82.9,CS
1997-07,BOB,1997-09-24 18:00:00,16.7,82.9,CS
1997-07,BOB,1997-09-25 00:00:00,17.3,83.6,CS
1997-07,BOB,1997-09-25 03:00:00,17.3,83.7,CS
1997-07,BOB,1997-09-25 06:00:00,17.7,84.0,CS
1997-07,BOB,1997-09-25 09:00:00,18.0,84.5,CS
1997-07,BOB,1997-09-25 12:00:00,18.0,85.0,CS
1997-07,BOB,1997-09-25 18:00:00,19.5,87.0,CS
1997-07,BOB,1997-09-26 00:00:00,19.5,87.5,CS
1997-07,BOB,1997-09-26 03:00:00,20.0,87.5,CS
1997-07,BOB,1997-09-26 06:00:00,20.5,88.5,CS
1997-07,BOB,1997-09-26 09:00:00,21.0,88.5,CS
1997-07,BOB,1997-09-26 12:00:00,21.5,89.5,CS
1997-07,BOB,1997-09-26 18:00:00,22.0,91.0,SCS
1997-07,BOB,1997-09-27 00:00:00,23.0,91.5,CS
1997-07,BOB,1997-09-27 03:00:00,23.5,92.5,CS
1997-07,BOB,1997-09-27 06:00:00,24.0,92.5,DD
1997-07,BOB,1997-09-27 12:00:00,24.0,93.0,D
1997-08,BOB,1997-11-04 03:00:00,12.5,98.0,CS
1997-08,BOB,1997-11-04 06:00:00,13.0,97.2,CS
1997-08,BOB,1997-11-04 09:00:00,13.0,97.0,CS
1997-08,BOB,1997-11-04 12:00:00,13.5,96.5,CS
1997-08,BOB,1997-11-04 18:00:00,14.0,96.0,CS
1997-08,BOB,1997-11-05 00:00:00,14.0,95.0,CS
1997-08,BOB,1997-11-05 03:00:00,14.0,95.0,CS
1997-08,BOB,1997-11-05 06:00:00,14.0,95.0,CS
1997-08,BOB,1997-11-05 12:00:00,14.5,94.0,CS
1997-08,BOB,1997-11-05 18:00:00,14.5,94.0,CS
1997-08,BOB,1997-11-06 00:00:00,14.5,93.5,CS
1997-08,BOB,1997-11-06 03:00:00,15.0,93.5,CS
1997-08,BOB,1997-11-06 06:00:00,15.0,93.0,CS
1997-08,BOB,1997-11-06 09:00:00,15.0,92.0,CS
1997-08,BOB,1997-11-06 12:00:00,15.0,92.0,CS
1997-08,BOB,1997-11-06 18:00:00,15.2,92.2,CS
1997-08,BOB,1997-11-07 00:00:00,15.5,92.2,CS
1997-08,BOB,1997-11-07 03:00:00,15.5,91.5,CS
1997-08,BOB,1997-11-07 06:00:00,15.5,91.5,CS
1997-08,BOB,1997-11-07 09:00:00,15.5,91.5,CS
1997-08,BOB,1997-11-07 12:00:00,15.5,91.5,CS
1997-08,BOB,1997-11-07 18:00:00,15.5,91.5,CS
1997-08,BOB,1997-11-08 00:00:00,15.5,91.5,CS
1997-08,BOB,1997-11-08 03:00:00,15.5,91.0,CS
1997-08,BOB,1997-11-08 06:00:00,15.5,90.5,CS
1997-08,BOB,1997-11-08 09:00:00,15.5,90.5,CS
1997-08,BOB,1997-11-08 12:00:00,15.5,90.5,CS
1997-08,BOB,1997-11-08 18:00:00,15.5,90.5,CS
1997-08,BOB,1997-11-09 00:00:00,15.5,90.5,CS
1997-08,BOB,1997-11-09 03:00:00,15.5,90.0,DD
1997-08,BOB,1997-11-09 06:00:00,15.5,90.0,DD
1997-08,BOB,1997-11-09 09:00:00,15.5,90.0,D
1997-09,BOB,1997-11-10 18:00:00,11.0,69.0,D
1997-09,BOB,1997-11-11 00:00:00,11.0,69.0,D
1997-09,BOB,1997-11-11 03:00:00,11.5,68.0,DD
1997-09,BOB,1997-11-11 06:00:00,12.0,66.0,DD
1997-09,BOB,1997-11-11 12:00:00,13.0,65.5,DD
1997-09,BOB,1997-11-11 18:00:00,13.0,65.5,DD
1997-09,BOB,1997-11-12 00:00:00,13.0,65.5,DD
1997-09,BOB,1997-11-12 03:00:00,13.5,66.0,DD
1997-09,BOB,1997-11-12 06:00:00,14.0,66.5,DD
1997-09,BOB,1997-11-12 12:00:00,14.0,64.5,DD
1997-09,BOB,1997-11-12 18:00:00,14.5,64.5,DD
1997-09,BOB,1997-11-13 00:00:00,14.5,63.5,DD
1997-09,BOB,1997-11-13 03:00:00,14.5,63.5,DD
1997-09,BOB,1997-11-13 06:00:00,14.5,63.0,DD
1997-09,BOB,1997-11-13 09:00:00,15.0,63.0,D
1998-01,BOB,1998-05-17 12:00:00,14.5,88.0,D
1998-01,BOB,1998-05-17 18:00:00,15.0,88.5,D
1998-01,BOB,1998-05-18 00:00:00,15.0,88.5,D
1998-01,BOB,1998-05-18 03:00:00,15.5,88.5,D
1998-01,BOB,1998-05-18 06:00:00,16.0,88.5,DD
1998-01,BOB,1998-05-18 09:00:00,16.5,89.0,CS
1998-01,BOB,1998-05-18 12:00:00,17.0,89.5,CS
1998-01,BOB,1998-05-18 18:00:00,18.0,89.5,CS
1998-01,BOB,1998-05-19 00:00:00,19.0,90.0,CS
1998-01,BOB,1998-05-19 03:00:00,19.5,90.5,CS
1998-01,BOB,1998-05-19 06:00:00,20.0,90.5,SCS
1998-01,BOB,1998-05-19 12:00:00,20.5,90.5,SCS
1998-01,BOB,1998-05-19 18:00:00,21.0,91.0,SCS
1998-01,BOB,1998-05-20 00:00:00,21.5,91.5,SCS
1998-01,BOB,1998-05-20 03:00:00,22.0,92.5,DD
1998-01,BOB,1998-05-20 12:00:00,23.5,92.5,D
1998-02,BOB,1998-06-04 06:00:00,10.5,69.5,D
1998-02,BOB,1998-06-04 12:00:00,11.0,69.0,DD
1998-02,BOB,1998-06-05 03:00:00,11.0,70.0,DD
1998-02,BOB,1998-06-05 06:00:00,11.5,70.5,DD
1998-02,BOB,1998-06-05 09:00:00,12.5,70.0,CS
1998-02,BOB,1998-06-05 12:00:00,12.0,70.0,CS
1998-02,BOB,1998-06-05 18:00:00,12.0,69.5,CS
1998-02,BOB,1998-06-06 00:00:00,12.5,69.0,CS
1998-02,BOB,1998-06-06 03:00:00,12.5,69.0,CS
1998-02,BOB,1998-06-06 06:00:00,12.5,69.0,SCS
1998-02,BOB,1998-06-06 12:00:00,13.0,69.0,SCS
1998-02,BOB,1998-06-06 18:00:00,13.5,68.5,SCS
1998-02,BOB,1998-06-07 00:00:00,14.0,68.0,SCS
1998-02,BOB,1998-06-07 03:00:00,14.5,68.0,SCS
1998-02,BOB,1998-06-07 06:00:00,15.0,68.0,SCS
1998-02,BOB,1998-06-07 09:00:00,15.5,68.0,SCS
1998-02,BOB,1998-06-07 12:00:00,16.0,68.0,VSCS
1998-02,BOB,1998-06-07 18:00:00,16.5,68.0,VSCS
1998-02,BOB,1998-06-08 00:00:00,17.5,68.0,VSCS
1998-02,BOB,1998-06-08 03:00:00,18.0,67.5,VSCS
1998-02,BOB,1998-06-08 06:00:00,18.5,68.0,ESCS
1998-02,BOB,1998-06-08 12:00:00,19.5,68.0,ESCS
1998-02,BOB,1998-06-08 18:00:00,20.5,68.5,ESCS
1998-02,BOB,1998-06-09 00:00:00,21.5,69.0,ESCS
1998-02,BOB,1998-06-09 03:00:00,22.0,69.5,VSCS
1998-02,BOB,1998-06-09 06:00:00,22.5,69.5,VSCS
1998-02,BOB,1998-06-09 12:00:00,23.5,70.5,SCS
1998-02,BOB,1998-06-09 18:00:00,24.5,71.5,CS
1998-02,BOB,1998-06-10 00:00:00,26.0,73.0,DD
1998-02,BOB,1998-06-10 03:00:00,26.5,73.5,DD
1998-02,BOB,1998-06-10 06:00:00,27.0,74.0,DD
1998-02,BOB,1998-06-10 09:00:00,27.5,75.0,D
1998-03,BOB,1998-06-13 15:00:00,17.5,87.5,D
1998-03,BOB,1998-06-13 18:00:00,17.5,86.0,DD
1998-03,BOB,1998-06-14 00:00:00,17.5,85.0,DD
1998-03,BOB,1998-06-14 03:00:00,17.5,84.5,DD
1998-03,BOB,1998-06-14 06:00:00,17.5,83.5,DD
1998-03,BOB,1998-06-14 12:00:00,17.5,83.0,DD
1998-03,BOB,1998-06-14 18:00:00,18.5,81.5,D
1998-03,BOB,1998-06-15 00:00:00,19.5,80.5,D
1998-03,BOB,1998-06-15 03:00:00,20.0,80.0,
1998-04,BOB,1998-10-06 12:00:00,14.0,69.0,D
1998-04,BOB,1998-10-06 18:00:00,14.0,69.0,D
1998-04,BOB,1998-10-07 00:00:00,14.0,69.0,D
1998-04,BOB,1998-10-07 03:00:00,14.0,69.0,D
1998-04,BOB,1998-10-07 06:00:00,14.0,68.0,D
1998-04,BOB,1998-10-07 12:00:00,14.0,68.0,D
1998-04,BOB,1998-10-07 18:00:00,14.0,67.5,D
1998-04,BOB,1998-10-08 00:00:00,14.0,67.0,DD
1998-04,BOB,1998-10-08 03:00:00,14.0,67.0,DD
1998-04,BOB,1998-10-08 06:00:00,14.0,67.0,DD
1998-04,BOB,1998-10-08 12:00:00,14.0,66.0,DD
1998-04,BOB,1998-10-08 18:00:00,15.0,65.5,DD
1998-04,BOB,1998-10-09 00:00:00,15.0,64.5,DD
1998-04,BOB,1998-10-09 03:00:00,15.0,64.5,DD
1998-04,BOB,1998-10-09 06:00:00,15.0,64.0,DD
1998-04,BOB,1998-10-09 12:00:00,15.0,63.5,D
1998-05,BOB,1998-10-11 12:00:00,14.0,67.5,D
1998-05,BOB,1998-10-11 18:00:00,15.0,66.5,D
1998-05,BOB,1998-10-12 00:00:00,15.0,66.0,D
1998-05,BOB,1998-10-12 03:00:00,14.5,66.5,D
1998-05,BOB,1998-10-12 06:00:00,15.0,65.0,D
1998-05,BOB,1998-10-12 09:00:00,14.5,66.5,DD
1998-05,BOB,1998-10-12 12:00:00,15.0,66.0,DD
1998-05,BOB,1998-10-12 18:00:00,15.0,65.5,DD
1998-05,BOB,1998-10-13 00:00:00,15.0,65.5,DD
1998-05,BOB,1998-10-13 03:00:00,15.5,65.0,DD
1998-05,BOB,1998-10-13 06:00:00,15.5,64.5,DD
1998-05,BOB,1998-10-13 12:00:00,16.0,64.0,D
1998-05,BOB,1998-10-13 18:00:00,16.0,64.0,D
1998-05,BOB,1998-10-14 00:00:00,16.5,63.5,D
1998-05,BOB,1998-10-14 03:00:00,17.0,63.0,D
1998-05,BOB,1998-10-14 06:00:00,17.0,62.5,D
1998-05,BOB,1998-10-14 12:00:00,17.5,62.0,D
1998-05,BOB,1998-10-14 18:00:00,16.5,61.0,D
1998-05,BOB,1998-10-15 00:00:00,16.5,62.5,D
1998-05,BOB,1998-10-15 03:00:00,16.0,63.0,D
1998-05,BOB,1998-10-15 06:00:00,16.0,63.5,D
1998-05,BOB,1998-10-15 12:00:00,16.5,64.0,DD
1998-05,BOB,1998-10-15 18:00:00,16.5,64.0,DD
1998-05,BOB,1998-10-16 00:00:00,17.0,64.5,DD
1998-05,BOB,1998-10-16 03:00:00,17.0,64.5,DD
1998-05,BOB,1998-10-16 06:00:00,18.5,66.0,DD
1998-05,BOB,1998-10-16 12:00:00,19.0,68.0,CS
1998-05,BOB,1998-10-16 18:00:00,20.0,69.5,CS
1998-05,BOB,1998-10-17 00:00:00,20.5,70.0,CS
1998-05,BOB,1998-10-17 03:00:00,22.5,73.0,DD
1998-06,BOB,1998-10-13 12:00:00,15.5,82.5,D
1998-06,BOB,1998-10-13 18:00:00,15.5,82.0,DD
1998-06,BOB,1998-10-14 00:00:00,15.5,82.0,DD
1998-06,BOB,1998-10-14 03:00:00,15.5,82.0,DD
1998-06,BOB,1998-10-14 06:00:00,15.5,82.0,DD
1998-06,BOB,1998-10-14 12:00:00,16.0,81.5,DD
1998-06,BOB,1998-10-14 18:00:00,17.0,81.5,D
1998-06,BOB,1998-10-15 00:00:00,18.0,81.0,D
1998-07,BOB,1998-10-26 09:00:00,11.0,90.0,D
1998-07,BOB,1998-10-26 12:00:00,11.5,88.5,D
1998-07,BOB,1998-10-26 18:00:00,12.0,88.0,D
1998-07,BOB,1998-10-27 00:00:00,12.0,88.0,D
1998-07,BOB,1998-10-27 03:00:00,12.0,88.0,D
1998-07,BOB,1998-10-27 06:00:00,12.5,87.0,D
1998-07,BOB,1998-10-27 12:00:00,13.0,87.0,DD
1998-07,BOB,1998-10-27 18:00:00,13.0,86.0,DD
1998-07,BOB,1998-10-28 00:00:00,13.0,85.5,DD
1998-07,BOB,1998-10-28 03:00:00,13.0,85.0,DD
1998-07,BOB,1998-10-28 06:00:00,13.0,84.5,DD
1998-07,BOB,1998-10-28 12:00:00,13.0,84.0,DD
1998-07,BOB,1998-10-28 18:00:00,13.0,83.5,DD
1998-07,BOB,1998-10-29 00:00:00,13.0,83.0,DD
1998-07,BOB,1998-10-29 03:00:00,13.5,83.0,DD
1998-07,BOB,1998-10-29 06:00:00,13.8,83.0,DD
1998-07,BOB,1998-10-29 09:00:00,14.0,82.5,D
1998-08,BOB,1998-11-13 12:00:00,13.0,87.5,D
1998-08,BOB,1998-11-14 03:00:00,13.5,86.5,DD
1998-08,BOB,1998-11-14 06:00:00,14.0,86.0,DD
1998-08,BOB,1998-11-14 09:00:00,14.0,86.0,CS
1998-08,BOB,1998-11-14 12:00:00,14.5,85.5,CS
1998-08,BOB,1998-11-14 18:00:00,15.0,85.0,SCS
1998-08,BOB,1998-11-15 00:00:00,15.5,84.5,SCS
1998-08,BOB,1998-11-15 03:00:00,16.0,84.0,VSCS
1998-08,BOB,1998-11-15 06:00:00,16.5,83.5,VSCS
1998-08,BOB,1998-11-15 09:00:00,17.0,83.5,VSCS
1998-08,BOB,1998-11-15 12:00:00,17.5,83.0,SCS
1998-08,BOB,1998-11-15 18:00:00,19.5,82.0,CS
1998-08,BOB,1998-11-16 00:00:00,20.0,82.0,CS
1998-08,BOB,1998-11-16 03:00:00,20.5,82.0,DD
1998-08,BOB,1998-11-16 06:00:00,21.0,83.0,D
1998-09,BOB,1998-11-19 03:00:00,12.0,92.5,D
1998-09,BOB,1998-11-19 06:00:00,12.0,92.5,D
1998-09,BOB,1998-11-19 12:00:00,12.5,91.5,DD
1998-09,BOB,1998-11-19 15:00:00,12.5,91.5,DD
1998-09,BOB,1998-11-19 18:00:00,12.5,91.0,DD
1998-09,BOB,1998-11-20 00:00:00,14.0,89.0,DD
1998-09,BOB,1998-11-20 03:00:00,14.5,88.5,CS
1998-09,BOB,1998-11-20 06:00:00,15.0,88.0,CS
1998-09,BOB,1998-11-20 09:00:00,15.5,88.0,CS
1998-09,BOB,1998-11-20 12:00:00,15.5,88.0,CS
1998-09,BOB,1998-11-20 18:00:00,16.0,88.0,CS
1998-09,BOB,1998-11-21 00:00:00,16.5,87.5,CS
1998-09,BOB,1998-11-21 03:00:00,17.0,87.5,CS
1998-09,BOB,1998-11-21 06:00:00,17.5,87.5,SCS
1998-09,BOB,1998-11-21 09:00:00,18.0,87.5,SCS
1998-09,BOB,1998-11-21 12:00:00,19.0,87.5,VSCS
1998-09,BOB,1998-11-21 18:00:00,19.5,87.5,VSCS
1998-09,BOB,1998-11-22 00:00:00,20.5,88.0,VSCS
1998-09,BOB,1998-11-22 03:00:00,21.5,88.5,SCS
1998-09,BOB,1998-11-22 06:00:00,22.0,89.0,SCS
1998-09,BOB,1998-11-22 12:00:00,22.5,90.0,DD
1998-09,BOB,1998-11-23 03:00:00,23.0,90.5,D
1998-10,BOB,1998-12-13 00:00:00,11.0,68.5,D
1998-10,BOB,1998-12-13 03:00:00,11.0,68.5,DD
1998-10,BOB,1998-12-13 06:00:00,11.2,68.3,DD
1998-10,BOB,1998-12-13 09:00:00,11.5,68.0,CS
1998-10,BOB,1998-12-13 12:00:00,12.0,67.5,CS
1998-10,BOB,1998-12-13 18:00:00,12.5,67.5,CS
1998-10,BOB,1998-12-14 00:00:00,12.5,67.5,CS
1998-10,BOB,1998-12-14 03:00:00,13.0,67.5,CS
1998-10,BOB,1998-12-14 06:00:00,13.2,67.3,CS
1998-10,BOB,1998-12-14 09:00:00,13.5,67.0,SCS
1998-10,BOB,1998-12-14 12:00:00,14.0,67.0,SCS
1998-10,BOB,1998-12-14 18:00:00,14.5,67.0,SCS
1998-10,BOB,1998-12-15 00:00:00,15.0,67.0,SCS
1998-10,BOB,1998-12-15 03:00:00,16.0,66.0,SCS
1998-10,BOB,1998-12-15 06:00:00,16.5,65.5,SCS
1998-10,BOB,1998-12-15 09:00:00,16.5,65.0,SCS
1998-10,BOB,1998-12-15 12:00:00,17.0,64.4,SCS
1998-10,BOB,1998-12-15 18:00:00,17.3,64.0,SCS
1998-10,BOB,1998-12-16 00:00:00,17.5,63.5,SCS
1998-10,BOB,1998-12-16 03:00:00,18.0,62.5,CS
1998-10,BOB,1998-12-16 06:00:00,18.5,61.5,CS
1998-10,BOB,1998-12-16 09:00:00,18.5,61.0,DD
1998-10,BOB,1998-12-16 12:00:00,19.0,60.0,D
1998-10,BOB,1998-12-16 18:00:00,19.5,59.5,D
1998-10,BOB,1998-12-17 00:00:00,19.5,59.0,D
1998-10,BOB,1998-12-17 03:00:00,19.5,59.0,D
1999-01,BOB,1999-02-01 03:00:00,9.0,89.0,D
1999-01,BOB,1999-02-01 12:00:00,9.0,88.0,D
1999-01,BOB,1999-02-02 03:00:00,9.5,86.0,D
1999-01,BOB,1999-02-02 06:00:00,9.5,85.5,DD
1999-01,BOB,1999-02-02 09:00:00,9.5,85.5,DD
1999-01,BOB,1999-02-02 12:00:00,10.0,85.0,DD
1999-01,BOB,1999-02-02 18:00:00,11.0,85.0,CS
1999-01,BOB,1999-02-03 00:00:00,11.5,86.0,CS
1999-01,BOB,1999-02-03 03:00:00,11.5,86.0,CS
1999-01,BOB,1999-02-03 06:00:00,12.0,86.0,CS
1999-01,BOB,1999-02-03 09:00:00,12.0,86.0,DD
1999-01,BOB,1999-02-03 12:00:00,12.0,86.5,D
1999-01,BOB,1999-02-03 18:00:00,12.0,86.5,D
1999-02,BOB,1999-05-16 12:00:00,12.5,72.0,D
1999-02,BOB,1999-05-16 15:00:00,12.7,71.8,D
1999-02,BOB,1999-05-16 18:00:00,12.9,71.6,DD
1999-02,BOB,1999-05-16 21:00:00,13.0,71.5,DD
1999-02,BOB,1999-05-17 00:00:00,13.5,71.0,DD
1999-02,BOB,1999-05-17 03:00:00,14.5,70.5,CS
1999-02,BOB,1999-05-17 06:00:00,15.0,70.0,CS
1999-02,BOB,1999-05-17 09:00:00,15.0,69.5,SCS
1999-02,BOB,1999-05-17 12:00:00,15.0,69.5,VSCS
1999-02,BOB,1999-05-17 15:00:00,15.5,69.0,VSCS
1999-02,BOB,1999-05-17 18:00:00,16.0,68.5,VSCS
1999-02,BOB,1999-05-17 21:00:00,16.0,68.5,VSCS
1999-02,BOB,1999-05-18 00:00:00,16.5,68.5,VSCS
1999-02,BOB,1999-05-18 03:00:00,17.0,67.5,VSCS
1999-02,BOB,1999-05-18 06:00:00,18.0,67.5,ESCS
1999-02,BOB,1999-05-18 09:00:00,17.8,67.6,ESCS
1999-02,BOB,1999-05-18 12:00:00,18.5,67.5,ESCS
1999-02,BOB,1999-05-18 15:00:00,18.5,67.5,ESCS
1999-02,BOB,1999-05-18 18:00:00,19.0,67.5,ESCS
1999-02,BOB,1999-05-18 21:00:00,20.0,67.5,ESCS
1999-02,BOB,1999-05-19 00:00:00,20.5,67.5,ESCS
1999-02,BOB,1999-05-19 03:00:00,21.0,67.5,ESCS
1999-02,BOB,1999-05-19 06:00:00,21.0,67.5,ESCS
1999-02,BOB,1999-05-19 09:00:00,21.0,67.5,ESCS
1999-02,BOB,1999-05-19 12:00:00,21.5,67.5,ESCS
1999-02,BOB,1999-05-19 15:00:00,22.0,67.5,ESCS
1999-02,BOB,1999-05-19 18:00:00,22.5,67.5,ESCS
1999-02,BOB,1999-05-19 21:00:00,23.0,67.5,ESCS
1999-02,BOB,1999-05-20 00:00:00,23.3,67.5,ESCS
1999-02,BOB,1999-05-20 03:00:00,23.5,68.5,ESCS
1999-02,BOB,1999-05-20 06:00:00,23.7,68.5,ESCS
1999-02,BOB,1999-05-20 12:00:00,24.5,68.0,VSCS
1999-02,BOB,1999-05-20 18:00:00,24.7,68.7,VSCS
1999-02,BOB,1999-05-21 00:00:00,25.0,69.0,SCS
1999-02,BOB,1999-05-21 03:00:00,25.0,69.0,CS
1999-02,BOB,1999-05-21 06:00:00,25.0,69.5,CS
1999-02,BOB,1999-05-21 12:00:00,25.5,70.0,CS
1999-02,BOB,1999-05-21 18:00:00,26.0,70.5,CS
1999-02,BOB,1999-05-22 00:00:00,26.5,71.0,CS
1999-02,BOB,1999-05-22 03:00:00,27.0,71.0,DD
1999-02,BOB,1999-05-22 06:00:00,27.3,72.0,DD
1999-02,BOB,1999-05-22 12:00:00,27.5,72.0,D
1999-03,BOB,1999-06-17 03:00:00,18.5,86.0,D
1999-03,BOB,1999-06-17 06:00:00,18.5,86.0,DD
1999-03,BOB,1999-06-17 12:00:00,19.0,85.0,DD
1999-03,BOB,1999-06-17 18:00:00,19.5,84.5,DD
1999-03,BOB,1999-06-18 00:00:00,19.5,84.0,D
1999-03,BOB,1999-06-18 03:00:00,20.5,82.0,D
1999-03,BOB,1999-06-18 06:00:00,21.0,82.0,D
1999-03,BOB,1999-06-18 09:00:00,21.0,79.0,D
1999-04,BOB,1999-07-27 03:00:00,21.0,89.0,D
1999-04,BOB,1999-07-27 06:00:00,21.0,88.5,D
1999-04,BOB,1999-07-27 12:00:00,22.0,88.5,DD
1999-04,BOB,1999-07-27 18:00:00,22.0,87.5,DD
1999-04,BOB,1999-07-28 00:00:00,22.5,87.0,DD
1999-04,BOB,1999-07-28 03:00:00,23.0,86.5,DD
1999-04,BOB,1999-07-28 06:00:00,23.0,84.5,D
1999-04,BOB,1999-07-28 12:00:00,23.5,84.5,D
1999-04,BOB,1999-07-28 18:00:00,23.5,83.5,D
1999-04,BOB,1999-07-29 00:00:00,24.0,82.0,D
1999-04,BOB,1999-07-29 03:00:00,24.5,81.0,D
1999-04,BOB,1999-07-29 06:00:00,25.0,80.0,D
1999-05,BOB,1999-08-06 12:00:00,21.0,88.5,D
1999-05,BOB,1999-08-06 18:00:00,21.0,88.5,D
1999-05,BOB,1999-08-07 03:00:00,22.5,87.5,D
1999-05,BOB,1999-08-07 06:00:00,22.5,86.5,D
1999-05,BOB,1999-08-07 12:00:00,22.5,86.0,D
1999-05,BOB,1999-08-07 18:00:00,22.5,86.0,D
1999-05,BOB,1999-08-08 03:00:00,22.5,85.0,D
1999-05,BOB,1999-08-08 06:00:00,22.5,84.0,D
1999-05,BOB,1999-08-08 12:00:00,22.5,83.0,D
1999-05,BOB,1999-08-08 18:00:00,22.5,83.0,D
1999-05,BOB,1999-08-09 00:00:00,23.5,81.5,D
1999-06,BOB,1999-10-15 03:00:00,13.5,92.5,D
1999-06,BOB,1999-10-15 06:00:00,14.0,91.5,D
1999-06,BOB,1999-10-15 12:00:00,15.0,90.0,D
1999-06,BOB,1999-10-15 18:00:00,15.2,89.5,D
1999-06,BOB,1999-10-15 21:00:00,15.3,89.0,DD
1999-06,BOB,1999-10-16 00:00:00,15.5,88.5,DD
1999-06,BOB,1999-10-16 03:00:00,16.0,88.5,CS
1999-06,BOB,1999-10-16 06:00:00,16.5,88.0,CS
1999-06,BOB,1999-10-16 09:00:00,17.0,87.5,CS
1999-06,BOB,1999-10-16 12:00:00,17.5,86.5,CS
1999-06,BOB,1999-10-16 15:00:00,17.6,86.0,SCS
1999-06,BOB,1999-10-16 18:00:00,17.6,86.0,SCS
1999-06,BOB,1999-10-16 21:00:00,17.7,86.0,SCS
1999-06,BOB,1999-10-17 00:00:00,17.7,86.0,VSCS
1999-06,BOB,1999-10-17 03:00:00,18.0,85.5,VSCS
1999-06,BOB,1999-10-17 06:00:00,18.0,85.0,VSCS
1999-06,BOB,1999-10-17 09:00:00,18.5,85.0,VSCS
1999-06,BOB,1999-10-17 12:00:00,19.0,85.0,VSCS
1999-06,BOB,1999-10-17 15:00:00,19.0,85.0,VSCS
1999-06,BOB,1999-10-17 18:00:00,19.2,85.0,ESCS
1999-06,BOB,1999-10-18 00:00:00,19.5,85.0,VSCS
1999-06,BOB,1999-10-18 03:00:00,20.5,85.0,SCS
1999-06,BOB,1999-10-18 06:00:00,20.5,85.0,SCS
1999-06,BOB,1999-10-18 09:00:00,20.5,85.0,CS
1999-06,BOB,1999-10-18 12:00:00,21.5,86.5,CS
1999-06,BOB,1999-10-18 15:00:00,21.0,86.5,DD
1999-06,BOB,1999-10-18 18:00:00,22.5,86.5,DD
1999-06,BOB,1999-10-18 21:00:00,23.0,86.5,DD
1999-06,BOB,1999-10-19 00:00:00,23.0,86.5,D
1999-06,BOB,1999-10-19 03:00:00,23.5,86.5,D
1999-07,BOB,1999-10-25 06:00:00,12.0,98.5,D
1999-07,BOB,1999-10-25 09:00:00,12.5,98.5,D
1999-07,BOB,1999-10-25 12:00:00,12.5,98.0,D
1999-07,BOB,1999-10-25 18:00:00,12.5,98.0,D
1999-07,BOB,1999-10-26 00:00:00,13.5,96.5,DD
1999-07,BOB,1999-10-26 03:00:00,13.5,95.5,CS
1999-07,BOB,1999-10-26 06:00:00,13.5,95.0,CS
1999-07,BOB,1999-10-26 09:00:00,14.0,94.5,CS
1999-07,BOB,1999-10-26 12:00:00,14.5,94.0,CS
1999-07,BOB,1999-10-26 15:00:00,15.0,93.5,CS
1999-07,BOB,1999-10-26 18:00:00,15.0,93.5,CS
1999-07,BOB,1999-10-26 21:00:00,15.0,93.0,CS
1999-07,BOB,1999-10-27 00:00:00,15.5,93.0,CS
1999-07,BOB,1999-10-27 03:00:00,16.0,92.0,SCS
1999-07,BOB,1999-10-27 06:00:00,16.5,91.5,SCS
1999-07,BOB,1999-10-27 09:00:00,16.5,91.0,SCS
1999-07,BOB,1999-10-27 12:00:00,17.0,90.5,SCS
1999-07,BOB,1999-10-27 15:00:00,17.0,90.5,VSCS
1999-07,BOB,1999-10-27 18:00:00,17.0,90.5,VSCS
1999-07,BOB,1999-10-27 21:00:00,17.0,90.0,VSCS
1999-07,BOB,1999-10-28 00:00:00,17.5,90.0,VSCS
1999-07,BOB,1999-10-28 03:00:00,18.0,89.0,VSCS
1999-07,BOB,1999-10-28 06:00:00,18.0,88.5,ESCS
1999-07,BOB,1999-10-28 09:00:00,18.5,88.0,ESCS
1999-07,BOB,1999-10-28 12:00:00,18.5,88.0,ESCS
1999-07,BOB,1999-10-28 15:00:00,19.0,87.5,SUCS
1999-07,BOB,1999-10-28 18:00:00,19.3,87.0,SUCS
1999-07,BOB,1999-10-28 21:00:00,19.3,87.2,SUCS
1999-07,BOB,1999-10-29 00:00:00,19.6,87.0,SUCS
1999-07,BOB,1999-10-29 03:00:00,19.9,86.7,SUCS
1999-07,BOB,1999-10-29 06:00:00,20.5,86.0,SUCS
1999-07,BOB,1999-10-29 12:00:00,20.5,86.0,VSCS
1999-07,BOB,1999-10-29 18:00:00,20.5,86.0,SCS
1999-07,BOB,1999-10-30 00:00:00,20.5,86.0,SCS
1999-07,BOB,1999-10-30 03:00:00,20.5,86.0,CS
1999-07,BOB,1999-10-30 06:00:00,20.5,86.0,CS
1999-07,BOB,1999-10-30 12:00:00,20.5,86.0,CS
1999-07,BOB,1999-10-30 18:00:00,20.5,86.0,DD
1999-07,BOB,1999-10-31 00:00:00,20.5,86.0,DD
1999-07,BOB,1999-10-31 03:00:00,21.0,87.0,D
1999-08,BOB,1999-12-08 11:30:00,10.5,87.5,D
1999-08,BOB,1999-12-08 15:00:00,10.5,87.5,D
1999-08,BOB,1999-12-08 18:00:00,10.5,87.0,D
1999-08,BOB,1999-12-08 21:00:00,10.5,87.0,D
1999-08,BOB,1999-12-09 03:00:00,10.5,85.5,D
1999-08,BOB,1999-12-09 06:00:00,10.5,85.0,D
1999-08,BOB,1999-12-09 09:00:00,10.5,85.0,D
1999-08,BOB,1999-12-09 12:00:00,10.5,85.0,D
1999-08,BOB,1999-12-09 18:00:00,10.5,85.0,D
1999-08,BOB,1999-12-09 21:00:00,10.5,85.0,D
1999-08,BOB,1999-12-10 00:00:00,11.0,84.5,D
1999-08,BOB,1999-12-10 03:00:00,11.0,84.5,D
1999-08,BOB,1999-12-10 06:00:00,11.0,84.0,D
1999-08,BOB,1999-12-10 09:00:00,11.0,84.0,D
2000-01,BOB,2000-03-27 12:00:00,7.5,90.0,D
2000-01,BOB,2000-03-27 18:00:00,8.5,89.0,D
2000-01,BOB,2000-03-28 00:00:00,9.5,89.0,D
2000-01,BOB,2000-03-28 03:00:00,10.0,88.5,D
2000-01,BOB,2000-03-28 12:00:00,12.0,88.0,D
2000-01,BOB,2000-03-28 18:00:00,12.0,88.0,D
2000-01,BOB,2000-03-29 00:00:00,12.5,88.0,D
2000-01,BOB,2000-03-29 03:00:00,13.0,88.0,DD
2000-01,BOB,2000-03-29 06:00:00,13.5,88.0,DD
2000-01,BOB,2000-03-29 12:00:00,14.0,88.5,CS
2000-01,BOB,2000-03-29 15:00:00,14.5,89.0,CS
2000-01,BOB,2000-03-29 18:00:00,15.0,89.5,CS
2000-01,BOB,2000-03-29 21:00:00,15.0,89.5,CS
2000-01,BOB,2000-03-30 00:00:00,15.0,89.5,CS
2000-01,BOB,2000-03-30 03:00:00,15.5,90.0,CS
2000-01,BOB,2000-03-30 06:00:00,15.5,90.0,CS
2000-01,BOB,2000-03-30 09:00:00,15.0,90.0,DD
2000-01,BOB,2000-03-30 12:00:00,16.0,90.5,D
2000-02,BOB,2000-08-23 03:00:00,16.5,83.5,D
2000-02,BOB,2000-08-23 06:00:00,16.5,83.0,D
2000-02,BOB,2000-08-23 12:00:00,16.5,82.5,D
2000-02,BOB,2000-08-23 18:00:00,17.5,82.0,D
2000-02,BOB,2000-08-24 00:00:00,18.0,79.5,D
2000-03,BOB,2000-10-15 00:00:00,14.5,88.5,D
2000-03,BOB,2000-10-15 03:00:00,14.5,88.5,D
2000-03,BOB,2000-10-15 06:00:00,14.5,88.0,D
2000-03,BOB,2000-10-15 12:00:00,14.5,87.0,D
2000-03,BOB,2000-10-15 18:00:00,14.5,86.5,DD
2000-03,BOB,2000-10-16 00:00:00,14.5,86.3,DD
2000-03,BOB,2000-10-16 03:00:00,14.5,86.0,DD
2000-03,BOB,2000-10-16 06:00:00,14.5,85.5,DD
2000-03,BOB,2000-10-16 12:00:00,14.5,85.0,DD
2000-03,BOB,2000-10-16 18:00:00,14.0,85.0,DD
2000-03,BOB,2000-10-17 00:00:00,14.0,84.5,CS
2000-03,BOB,2000-10-17 03:00:00,14.0,84.5,CS
2000-03,BOB,2000-10-17 06:00:00,14.0,84.5,CS
2000-03,BOB,2000-10-17 09:00:00,14.0,84.0,CS
2000-03,BOB,2000-10-17 12:00:00,14.0,84.0,CS
2000-03,BOB,2000-10-17 15:00:00,14.0,84.0,CS
2000-03,BOB,2000-10-17 18:00:00,14.0,84.0,CS
2000-03,BOB,2000-10-17 21:00:00,14.0,84.0,CS
2000-03,BOB,2000-10-18 00:00:00,14.5,83.5,CS
2000-03,BOB,2000-10-18 03:00:00,14.0,83.5,DD
2000-03,BOB,2000-10-18 06:00:00,14.0,83.5,DD
2000-03,BOB,2000-10-18 12:00:00,14.0,83.0,DD
2000-03,BOB,2000-10-18 18:00:00,14.5,82.5,D
2000-03,BOB,2000-10-19 03:00:00,14.5,82.0,D
2000-03,BOB,2000-10-19 06:00:00,14.5,82.0,D
2000-04,BOB,2000-10-25 09:00:00,13.5,93.0,D
2000-04,BOB,2000-10-25 12:00:00,14.0,92.5,D
2000-04,BOB,2000-10-25 18:00:00,14.5,92.0,D
2000-04,BOB,2000-10-26 00:00:00,15.0,91.5,D
2000-04,BOB,2000-10-26 03:00:00,15.5,90.5,D
2000-04,BOB,2000-10-26 06:00:00,16.5,90.5,D
2000-04,BOB,2000-10-26 12:00:00,16.5,89.5,D
2000-04,BOB,2000-10-26 18:00:00,17.0,89.0,D
2000-04,BOB,2000-10-27 00:00:00,17.5,88.5,D
2000-04,BOB,2000-10-27 03:00:00,18.0,88.5,DD
2000-04,BOB,2000-10-27 06:00:00,18.5,88.5,DD
2000-04,BOB,2000-10-27 12:00:00,19.0,88.5,DD
2000-04,BOB,2000-10-27 18:00:00,20.5,88.5,CS
2000-04,BOB,2000-10-27 21:00:00,21.0,88.5,CS
2000-04,BOB,2000-10-28 00:00:00,21.5,89.0,CS
2000-04,BOB,2000-10-28 03:00:00,22.5,89.0,DD
2000-04,BOB,2000-10-28 06:00:00,23.0,89.5,DD
2000-04,BOB,2000-10-28 12:00:00,23.5,90.5,D
2000-04,BOB,2000-10-28 18:00:00,24.0,93.0,D
2000-04,BOB,2000-10-29 00:00:00,24.0,94.0,D
2000-05,BOB,2000-11-26 03:00:00,8.5,91.5,D
2000-05,BOB,2000-11-26 06:00:00,9.5,90.5,D
2000-05,BOB,2000-11-26 09:00:00,9.5,91.0,D
2000-05,BOB,2000-11-26 12:00:00,10.0,89.5,D
2000-05,BOB,2000-11-26 15:00:00,10.0,90.0,DD
2000-05,BOB,2000-11-26 18:00:00,10.0,90.0,DD
2000-05,BOB,2000-11-27 00:00:00,10.5,88.0,DD
2000-05,BOB,2000-11-27 03:00:00,11.0,87.5,DD
2000-05,BOB,2000-11-27 06:00:00,11.0,87.0,DD
2000-05,BOB,2000-11-27 09:00:00,11.0,86.5,CS
2000-05,BOB,2000-11-27 12:00:00,11.0,86.0,CS
2000-05,BOB,2000-11-27 15:00:00,11.0,85.5,CS
2000-05,BOB,2000-11-27 18:00:00,11.0,85.0,CS
2000-05,BOB,2000-11-27 21:00:00,11.0,84.5,CS
2000-05,BOB,2000-11-28 00:00:00,11.5,84.0,SCS
2000-05,BOB,2000-11-28 03:00:00,11.5,83.5,SCS
2000-05,BOB,2000-11-28 06:00:00,11.5,83.0,VSCS
2000-05,BOB,2000-11-28 09:00:00,11.5,82.5,VSCS
2000-05,BOB,2000-11-28 12:00:00,11.5,82.0,VSCS
2000-05,BOB,2000-11-28 15:00:00,11.5,81.8,ESCS
2000-05,BOB,2000-11-28 18:00:00,11.5,81.5,ESCS
2000-05,BOB,2000-11-28 21:00:00,11.5,81.2,ESCS
2000-05,BOB,2000-11-29 00:00:00,11.5,81.0,ESCS
2000-05,BOB,2000-11-29 03:00:00,11.5,80.5,ESCS
2000-05,BOB,2000-11-29 06:00:00,11.5,80.5,VSCS
2000-05,BOB,2000-11-29 09:00:00,11.5,80.0,VSCS
2000-05,BOB,2000-11-29 12:00:00,11.5,80.0,SCS
2000-05,BOB,2000-11-29 18:00:00,11.0,78.5,CS
2000-05,BOB,2000-11-30 03:00:00,11.5,78.0,DD
2000-05,BOB,2000-11-30 06:00:00,11.5,77.0,D
2000-06,BOB,2000-12-23 03:00:00,8.0,86.0,D
2000-06,BOB,2000-12-23 06:00:00,8.0,86.0,D
2000-06,BOB,2000-12-23 12:00:00,8.0,85.0,D
2000-06,BOB,2000-12-23 18:00:00,8.0,84.5,D
2000-06,BOB,2000-12-24 00:00:00,8.0,84.0,DD
2000-06,BOB,2000-12-24 03:00:00,8.5,84.0,DD
2000-06,BOB,2000-12-24 06:00:00,8.5,84.0,DD
2000-06,BOB,2000-12-24 12:00:00,8.5,83.5,DD
2000-06,BOB,2000-12-24 18:00:00,8.5,83.5,DD
2000-06,BOB,2000-12-25 00:00:00,8.5,83.0,DD
2000-06,BOB,2000-12-25 03:00:00,8.5,83.0,CS
2000-06,BOB,2000-12-25 06:00:00,8.5,83.0,CS
2000-06,BOB,2000-12-25 12:00:00,8.5,83.0,SCS
2000-06,BOB,2000-12-25 18:00:00,8.5,83.0,VSCS
2000-06,BOB,2000-12-26 00:00:00,8.5,82.5,VSCS
2000-06,BOB,2000-12-26 03:00:00,8.5,82.5,VSCS
2000-06,BOB,2000-12-26 06:00:00,8.5,82.0,VSCS
2000-06,BOB,2000-12-26 09:00:00,8.5,81.5,VSCS
2000-06,BOB,2000-12-26 12:00:00,8.5,81.0,ESCS
2000-06,BOB,2000-12-26 15:00:00,8.5,81.0,ESCS
2000-06,BOB,2000-12-26 18:00:00,8.5,81.0,VSCS
2000-06,BOB,2000-12-26 21:00:00,8.5,81.0,VSCS
2000-06,BOB,2000-12-27 00:00:00,8.5,81.0,VSCS
2000-06,BOB,2000-12-27 03:00:00,8.5,80.0,VSCS
2000-06,BOB,2000-12-27 06:00:00,8.5,79.5,VSCS
2000-06,BOB,2000-12-27 09:00:00,8.5,79.0,VSCS
2000-06,BOB,2000-12-27 12:00:00,8.5,78.5,SCS
2000-06,BOB,2000-12-27 15:00:00,8.5,78.5,SCS
2000-06,BOB,2000-12-27 18:00:00,8.5,78.5,SCS
2000-06,BOB,2000-12-27 21:00:00,8.5,78.0,CS
2000-06,BOB,2000-12-28 00:00:00,8.5,77.5,CS
2000-06,BOB,2000-12-28 03:00:00,8.5,77.5,CS
2000-06,BOB,2000-12-28 06:00:00,8.5,77.0,DD
2000-06,BOB,2000-12-28 12:00:00,9.0,76.5,D
2000-06,BOB,2000-12-29 00:00:00,9.0,75.5,L
2002-01,,2002-05-06 03:00:00,11.0,67.0,D
2002-01,,2002-05-06 06:00:00,11.5,66.5,D
2002-01,,2002-05-06 12:00:00,12.0,66.0,D
2002-01,,2002-05-06 18:00:00,12.0,65.5,D
2002-01,,2002-05-07 00:00:00,13.0,65.0,D
2002-01,,2002-05-07 03:00:00,13.5,64.5,DD
2002-01,,2002-05-07 06:00:00,13.5,64.0,DD
2002-01,,2002-05-07 12:00:00,13.5,63.0,DD
2002-01,,2002-05-07 18:00:00,13.5,62.5,DD
2002-01,,2002-05-08 00:00:00,13.5,62.5,DD
2002-01,,2002-05-08 03:00:00,13.5,62.0,D
2002-01,,2002-05-08 06:00:00,13.5,61.5,D
2002-01,,2002-05-08 12:00:00,13.5,61.0,D
2002-01,,2002-05-08 18:00:00,14.0,60.5,D
2002-01,,2002-05-08 21:00:00,14.0,60.0,D
2002-01,,2002-05-09 00:00:00,14.0,60.0,D
2002-01,,2002-05-09 03:00:00,14.0,59.5,DD
2002-01,,2002-05-09 06:00:00,14.5,58.5,CS
2002-01,,2002-05-09 09:00:00,14.5,58.0,CS
2002-01,,2002-05-09 12:00:00,15.0,57.0,CS
2002-01,,2002-05-09 15:00:00,15.0,56.5,CS
2002-01,,2002-05-09 18:00:00,15.5,56.0,CS
2002-01,,2002-05-09 21:00:00,15.5,55.0,CS
2002-01,,2002-05-10 00:00:00,16.0,54.5,CS
2002-01,,2002-05-10 03:00:00,16.0,54.0,CS
2002-01,,2002-05-10 06:00:00,16.5,54.0,CS
2002-02,BOB,2002-05-11 03:00:00,12.0,96.0,D
2002-02,BOB,2002-05-11 06:00:00,13.0,96.5,D
2002-02,BOB,2002-05-11 12:00:00,14.5,96.5,DD
2002-02,BOB,2002-05-11 18:00:00,15.5,96.5,DD
2002-02,BOB,2002-05-12 00:00:00,16.0,96.5,DD
2002-02,BOB,2002-05-12 03:00:00,17.5,97.0,DD
2002-03,BOB,2002-10-22 09:00:00,13.5,81.5,D
2002-03,BOB,2002-10-22 12:00:00,13.5,81.5,D
2002-03,BOB,2002-10-22 18:00:00,14.0,81.5,D
2002-03,BOB,2002-10-23 03:00:00,14.0,81.5,D
2002-03,BOB,2002-10-23 06:00:00,14.0,81.5,D
2002-03,BOB,2002-10-23 12:00:00,14.0,81.5,D
2002-03,BOB,2002-10-23 18:00:00,14.0,81.5,D
2002-04,BOB,2002-11-10 03:00:00,12.0,82.5,D
2002-04,BOB,2002-11-10 06:00:00,12.0,82.5,D
2002-04,BOB,2002-11-10 12:00:00,12.0,82.5,DD
2002-04,BOB,2002-11-10 18:00:00,12.5,82.5,DD
2002-04,BOB,2002-11-11 00:00:00,13.5,82.5,DD
2002-04,BOB,2002-11-11 03:00:00,14.0,83.0,DD
2002-04,BOB,2002-11-11 06:00:00,14.5,83.5,DD
2002-04,BOB,2002-11-11 09:00:00,15.0,84.0,DD
2002-04,BOB,2002-11-11 12:00:00,16.0,84.5,CS
2002-04,BOB,2002-11-11 15:00:00,16.0,84.0,CS
2002-04,BOB,2002-11-11 18:00:00,16.0,84.0,CS
2002-04,BOB,2002-11-11 21:00:00,16.5,84.0,CS
2002-04,BOB,2002-11-12 00:00:00,19.0,86.5,CS
2002-04,BOB,2002-11-12 03:00:00,20.0,87.0,CS
2002-04,BOB,2002-11-12 06:00:00,21.0,87.5,SCS
2002-04,BOB,2002-11-12 09:00:00,22.5,88.5,CS
2002-04,BOB,2002-11-12 12:00:00,24.0,90.0,DD
2002-04,BOB,2002-11-12 15:00:00,25.0,91.5,D
2002-05,BOB,2002-11-23 03:00:00,10.0,87.0,D
2002-05,BOB,2002-11-23 06:00:00,10.5,87.0,D
2002-05,BOB,2002-11-23 12:00:00,12.0,87.0,D
2002-05,BOB,2002-11-23 18:00:00,12.5,87.0,DD
2002-05,BOB,2002-11-23 21:00:00,12.5,87.5,DD
2002-05,BOB,2002-11-24 00:00:00,13.0,87.5,DD
2002-05,BOB,2002-11-24 03:00:00,13.0,87.5,CS
2002-05,BOB,2002-11-24 06:00:00,13.5,87.5,CS
2002-05,BOB,2002-11-24 09:00:00,14.0,87.5,CS
2002-05,BOB,2002-11-24 12:00:00,15.0,88.0,CS
2002-05,BOB,2002-11-24 15:00:00,15.0,88.0,CS
2002-05,BOB,2002-11-24 18:00:00,15.0,88.0,CS
2002-05,BOB,2002-11-25 00:00:00,15.5,88.0,CS
2002-05,BOB,2002-11-25 03:00:00,15.5,88.0,CS
2002-05,BOB,2002-11-25 06:00:00,15.5,88.0,CS
2002-05,BOB,2002-11-25 09:00:00,15.5,88.0,CS
2002-05,BOB,2002-11-25 12:00:00,15.5,88.0,CS
2002-05,BOB,2002-11-25 15:00:00,15.5,88.0,CS
2002-05,BOB,2002-11-25 18:00:00,15.5,88.0,CS
2002-05,BOB,2002-11-26 00:00:00,16.0,88.0,CS
2002-05,BOB,2002-11-26 03:00:00,16.0,88.0,CS
2002-05,BOB,2002-11-26 06:00:00,16.0,88.0,CS
2002-05,BOB,2002-11-26 09:00:00,16.0,88.0,CS
2002-05,BOB,2002-11-26 12:00:00,16.5,88.5,CS
2002-05,BOB,2002-11-26 15:00:00,16.5,89.0,CS
2002-05,BOB,2002-11-26 18:00:00,16.5,89.5,CS
2002-05,BOB,2002-11-26 21:00:00,16.5,89.5,CS
2002-05,BOB,2002-11-27 00:00:00,16.5,90.0,CS
2002-05,BOB,2002-11-27 03:00:00,17.0,90.0,CS
2002-05,BOB,2002-11-27 06:00:00,17.0,90.5,CS
2002-05,BOB,2002-11-27 12:00:00,17.2,91.0,DD
2002-05,BOB,2002-11-27 18:00:00,17.5,91.0,D
2002-05,BOB,2002-11-28 00:00:00,17.5,91.0,D
2002-05,BOB,2002-11-28 03:00:00,17.5,91.5,D
2002-05,BOB,2002-11-28 06:00:00,17.5,91.5,D
2002-05,BOB,2002-11-28 12:00:00,18.0,92.0,D
2002-06,BOB,2002-12-21 03:00:00,4.0,77.0,D
2002-06,BOB,2002-12-21 06:00:00,4.5,77.5,D
2002-06,BOB,2002-12-21 12:00:00,4.5,78.0,D
2002-06,BOB,2002-12-21 18:00:00,4.5,78.0,D
2002-06,BOB,2002-12-22 00:00:00,4.5,78.3,D
2002-06,BOB,2002-12-22 03:00:00,4.5,78.5,D
2002-06,BOB,2002-12-22 06:00:00,4.5,79.0,D
2002-06,BOB,2002-12-22 12:00:00,4.5,79.5,D
2002-06,BOB,2002-12-22 18:00:00,4.5,80.0,D
2002-06,BOB,2002-12-23 00:00:00,4.5,80.5,D
2002-06,BOB,2002-12-23 03:00:00,4.5,80.5,D
2002-06,BOB,2002-12-23 06:00:00,4.5,80.5,D
2002-06,BOB,2002-12-23 12:00:00,5.0,81.0,D
2002-06,BOB,2002-12-23 18:00:00,5.0,81.0,DD
2002-06,BOB,2002-12-24 00:00:00,5.0,81.0,DD
2002-06,BOB,2002-12-24 03:00:00,5.5,81.5,CS
2002-06,BOB,2002-12-24 06:00:00,5.5,81.5,CS
2002-06,BOB,2002-12-24 09:00:00,6.0,82.0,CS
2002-06,BOB,2002-12-24 12:00:00,6.0,82.0,CS
2002-06,BOB,2002-12-24 15:00:00,6.5,82.5,CS
2002-06,BOB,2002-12-24 18:00:00,6.5,82.5,CS
2002-06,BOB,2002-12-24 21:00:00,6.5,82.5,CS
2002-06,BOB,2002-12-25 00:00:00,7.0,83.5,CS
2002-06,BOB,2002-12-25 03:00:00,7.0,83.5,DD
2002-06,BOB,2002-12-25 06:00:00,7.0,84.5,DD
2002-06,BOB,2002-12-25 12:00:00,7.5,86.0,D
2002-06,BOB,2002-12-25 15:00:00,7.5,86.0,D
2001-01,,2001-05-21 12:00:00,13.5,69.0,D
2001-01,,2001-05-21 18:00:00,13.5,70.0,D
2001-01,,2001-05-21 21:00:00,13.5,70.0,DD
2001-01,,2001-05-22 00:00:00,14.0,71.0,DD
2001-01,,2001-05-22 03:00:00,14.0,71.5,CS
2001-01,,2001-05-22 06:00:00,14.0,71.5,CS
2001-01,,2001-05-22 09:00:00,14.0,71.5,CS
2001-01,,2001-05-22 12:00:00,14.0,71.5,CS
2001-01,,2001-05-22 15:00:00,14.0,71.5,SCS
2001-01,,2001-05-22 18:00:00,14.0,71.5,SCS
2001-01,,2001-05-22 21:00:00,14.5,71.5,VSCS
2001-01,,2001-05-23 00:00:00,14.5,71.5,VSCS
2001-01,,2001-05-23 03:00:00,15.0,71.5,VSCS
2001-01,,2001-05-23 06:00:00,15.5,71.0,ESCS
2001-01,,2001-05-23 09:00:00,16.0,71.0,ESCS
2001-01,,2001-05-23 12:00:00,16.0,70.5,ESCS
2001-01,,2001-05-23 15:00:00,16.0,70.5,ESCS
2001-01,,2001-05-23 18:00:00,16.0,70.5,ESCS
2001-01,,2001-05-23 21:00:00,16.0,70.0,ESCS
2001-01,,2001-05-24 00:00:00,16.0,69.5,ESCS
2001-01,,2001-05-24 03:00:00,16.5,69.5,ESCS
2001-01,,2001-05-24 06:00:00,17.0,69.0,ESCS
2001-01,,2001-05-24 09:00:00,17.0,68.5,ESCS
2001-01,,2001-05-24 12:00:00,17.0,68.5,ESCS
2001-01,,2001-05-24 15:00:00,17.0,68.5,ESCS
2001-01,,2001-05-24 18:00:00,17.0,68.5,ESCS
2001-01,,2001-05-24 21:00:00,17.0,68.0,ESCS
2001-01,,2001-05-25 00:00:00,17.0,67.5,ESCS
2001-01,,2001-05-25 03:00:00,17.0,68.0,ESCS
2001-01,,2001-05-25 06:00:00,17.0,68.0,ESCS
2001-01,,2001-05-25 09:00:00,17.0,68.0,ESCS
2001-01,,2001-05-25 12:00:00,17.2,67.5,VSCS
2001-01,,2001-05-25 15:00:00,17.0,68.0,VSCS
2001-01,,2001-05-25 18:00:00,17.0,68.0,VSCS
2001-01,,2001-05-25 21:00:00,17.0,67.5,VSCS
2001-01,,2001-05-26 00:00:00,17.5,67.5,VSCS
2001-01,,2001-05-26 03:00:00,17.5,67.5,SCS
2001-01,,2001-05-26 06:00:00,17.5,67.5,SCS
2001-01,,2001-05-26 09:00:00,17.5,67.5,SCS
2001-01,,2001-05-26 12:00:00,17.5,67.5,SCS
2001-01,,2001-05-26 15:00:00,17.5,67.5,SCS
2001-01,,2001-05-26 18:00:00,17.5,67.5,SCS
2001-01,,2001-05-26 21:00:00,18.0,67.5,SCS
2001-01,,2001-05-27 00:00:00,18.0,67.5,SCS
2001-01,,2001-05-27 03:00:00,18.0,67.5,CS
2001-01,,2001-05-27 06:00:00,18.0,67.5,CS
2001-01,,2001-05-27 09:00:00,18.0,67.5,CS
2001-01,,2001-05-27 12:00:00,19.0,67.5,CS
2001-01,,2001-05-27 15:00:00,19.0,68.0,CS
2001-01,,2001-05-27 18:00:00,19.0,68.0,CS
2001-01,,2001-05-27 21:00:00,19.5,68.0,CS
2001-01,,2001-05-28 00:00:00,19.5,68.0,CS
2001-01,,2001-05-28 03:00:00,20.0,68.0,CS
2001-01,,2001-05-28 06:00:00,20.0,68.0,CS
2001-01,,2001-05-28 09:00:00,20.0,68.0,CS
2001-01,,2001-05-28 12:00:00,21.0,68.5,DD
2001-01,,2001-05-28 15:00:00,21.0,68.5,DD
2001-01,,2001-05-28 18:00:00,21.5,69.0,D
2001-01,,2001-05-28 21:00:00,21.5,69.0,D
2001-01,,2001-05-29 00:00:00,21.5,69.0,D
2001-02,BOB,2001-06-12 03:00:00,19.5,87.0,D
2001-02,BOB,2001-06-12 12:00:00,20.0,86.5,D
2001-02,BOB,2001-06-13 03:00:00,21.0,85.5,D
2001-02,BOB,2001-06-13 09:00:00,21.0,85.0,D
2001-02,BOB,2001-06-13 12:00:00,21.5,84.5,L
2001-03,BOB,2001-09-24 09:00:00,17.0,69.5,D
2001-03,BOB,2001-09-24 12:00:00,17.0,69.5,D
2001-03,BOB,2001-09-24 18:00:00,17.0,69.0,DD
2001-03,BOB,2001-09-25 00:00:00,17.0,69.0,DD
2001-03,BOB,2001-09-25 03:00:00,17.0,68.5,DD
2001-03,BOB,2001-09-25 06:00:00,17.0,68.0,DD
2001-03,BOB,2001-09-25 09:00:00,17.0,68.0,DD
2001-03,BOB,2001-09-25 12:00:00,17.0,68.0,CS
2001-03,BOB,2001-09-25 15:00:00,17.0,68.0,CS
2001-03,BOB,2001-09-25 18:00:00,17.0,68.0,CS
2001-03,BOB,2001-09-25 21:00:00,17.0,69.0,CS
2001-03,BOB,2001-09-26 00:00:00,17.0,68.0,CS
2001-03,BOB,2001-09-26 03:00:00,18.0,67.5,CS
2001-03,BOB,2001-09-26 06:00:00,17.5,67.0,CS
2001-03,BOB,2001-09-26 09:00:00,18.0,66.5,CS
2001-03,BOB,2001-09-26 12:00:00,18.3,66.0,CS
2001-03,BOB,2001-09-26 15:00:00,18.5,66.0,CS
2001-03,BOB,2001-09-26 18:00:00,18.5,65.5,CS
2001-03,BOB,2001-09-26 21:00:00,18.5,65.5,CS
2001-03,BOB,2001-09-27 00:00:00,18.5,65.0,CS
2001-03,BOB,2001-09-27 03:00:00,18.5,64.0,CS
2001-03,BOB,2001-09-27 06:00:00,18.5,64.0,CS
2001-03,BOB,2001-09-27 12:00:00,18.5,63.5,DD
2001-03,BOB,2001-09-27 18:00:00,18.5,63.0,DD
2001-03,BOB,2001-09-27 21:00:00,18.5,62.5,D
2001-04,BOB,2001-10-08 21:00:00,18.3,71.0,D
2001-04,BOB,2001-10-09 00:00:00,18.5,70.5,D
2001-04,BOB,2001-10-09 03:00:00,18.5,70.0,DD
2001-04,BOB,2001-10-09 06:00:00,18.5,69.0,DD
2001-04,BOB,2001-10-09 09:00:00,19.0,68.5,CS
2001-04,BOB,2001-10-09 12:00:00,19.0,68.0,CS
2001-04,BOB,2001-10-09 15:00:00,19.0,68.0,CS
2001-04,BOB,2001-10-09 18:00:00,19.0,67.5,CS
2001-04,BOB,2001-10-09 21:00:00,19.0,67.5,CS
2001-04,BOB,2001-10-10 00:00:00,19.0,67.5,CS
2001-04,BOB,2001-10-10 03:00:00,19.0,67.5,DD
2001-04,BOB,2001-10-10 06:00:00,19.0,67.5,DD
2001-04,BOB,2001-10-10 09:00:00,19.0,67.5,D
2001-05,BOB,2001-10-14 12:00:00,13.5,84.0,D
2001-05,BOB,2001-10-14 18:00:00,13.5,83.0,D
2001-05,BOB,2001-10-15 00:00:00,13.5,83.0,D
2001-05,BOB,2001-10-15 03:00:00,13.5,82.5,D
2001-05,BOB,2001-10-15 06:00:00,13.5,82.0,D
2001-05,BOB,2001-10-15 09:00:00,13.5,81.5,DD
2001-05,BOB,2001-10-15 12:00:00,13.7,81.0,CS
2001-05,BOB,2001-10-15 15:00:00,14.0,80.5,CS
2001-05,BOB,2001-10-15 18:00:00,14.0,80.0,CS
2001-05,BOB,2001-10-15 21:00:00,14.0,80.0,CS
2001-05,BOB,2001-10-16 00:00:00,14.0,79.5,CS
2001-05,BOB,2001-10-16 03:00:00,14.0,79.5,CS
2001-05,BOB,2001-10-16 06:00:00,14.0,79.5,CS
2001-05,BOB,2001-10-16 09:00:00,14.5,79.5,CS
2001-05,BOB,2001-10-16 12:00:00,14.5,79.5,DD
2001-05,BOB,2001-10-16 18:00:00,15.0,79.0,D
2001-06,BOB,2001-11-11 03:00:00,16.5,83.0,D
2001-06,BOB,2001-11-11 06:00:00,17.0,83.5,D
2001-06,BOB,2001-11-11 12:00:00,17.5,84.5,D
2001-06,BOB,2001-11-11 18:00:00,18.0,85.0,D
2001-06,BOB,2001-11-12 00:00:00,18.5,85.5,D
2003-01,BOB,2003-05-10 03:00:00,6.0,90.5,D
2003-01,BOB,2003-05-10 06:00:00,6.0,90.5,D
2003-01,BOB,2003-05-10 09:00:00,7.0,90.5,D
2003-01,BOB,2003-05-10 12:00:00,8.0,89.5,DD
2003-01,BOB,2003-05-10 15:00:00,8.0,89.5,DD
2003-01,BOB,2003-05-10 18:00:00,8.5,89.0,DD
2003-01,BOB,2003-05-10 21:00:00,8.5,89.0,DD
2003-01,BOB,2003-05-11 00:00:00,9.0,88.5,CS
2003-01,BOB,2003-05-11 03:00:00,9.5,87.5,CS
2003-01,BOB,2003-05-11 06:00:00,10.0,87.0,CS
2003-01,BOB,2003-05-11 09:00:00,10.0,87.0,CS
2003-01,BOB,2003-05-11 12:00:00,10.5,86.5,SCS
2003-01,BOB,2003-05-11 15:00:00,10.5,86.5,SCS
2003-01,BOB,2003-05-11 18:00:00,11.0,86.0,SCS
2003-01,BOB,2003-05-11 21:00:00,11.0,86.0,SCS
2003-01,BOB,2003-05-12 00:00:00,11.0,86.0,SCS
2003-01,BOB,2003-05-12 03:00:00,11.0,86.0,SCS
2003-01,BOB,2003-05-12 06:00:00,11.0,86.0,SCS
2003-01,BOB,2003-05-12 09:00:00,11.0,86.0,SCS
2003-01,BOB,2003-05-12 12:00:00,11.5,85.5,SCS
2003-01,BOB,2003-05-12 15:00:00,11.5,85.5,SCS
2003-01,BOB,2003-05-12 18:00:00,11.5,85.5,VSCS
2003-01,BOB,2003-05-12 21:00:00,11.5,85.5,VSCS
2003-01,BOB,2003-05-13 00:00:00,11.5,85.5,VSCS
2003-01,BOB,2003-05-13 03:00:00,12.0,85.0,VSCS
2003-01,BOB,2003-05-13 06:00:00,12.5,85.0,VSCS
2003-01,BOB,2003-05-13 09:00:00,12.5,85.0,VSCS
2003-01,BOB,2003-05-13 12:00:00,12.5,85.0,VSCS
2003-01,BOB,2003-05-13 15:00:00,12.5,85.0,VSCS
2003-01,BOB,2003-05-13 18:00:00,13.0,85.0,VSCS
2003-01,BOB,2003-05-13 21:00:00,13.0,85.0,VSCS
2003-01,BOB,2003-05-14 00:00:00,13.5,85.0,VSCS
2003-01,BOB,2003-05-14 03:00:00,14.0,85.0,VSCS
2003-01,BOB,2003-05-14 06:00:00,14.0,85.0,SCS
2003-01,BOB,2003-05-14 09:00:00,14.5,85.5,SCS
2003-01,BOB,2003-05-14 12:00:00,14.5,85.5,CS
2003-01,BOB,2003-05-14 15:00:00,14.5,85.5,CS
2003-01,BOB,2003-05-14 18:00:00,14.5,85.5,CS
2003-01,BOB,2003-05-14 21:00:00,14.5,86.0,CS
2003-01,BOB,2003-05-15 00:00:00,14.5,86.0,CS
2003-01,BOB,2003-05-15 03:00:00,14.5,86.0,CS
2003-01,BOB,2003-05-15 06:00:00,14.5,86.0,CS
2003-01,BOB,2003-05-15 09:00:00,14.5,86.0,CS
2003-01,BOB,2003-05-15 12:00:00,14.5,86.0,CS
2003-01,BOB,2003-05-15 15:00:00,14.5,86.0,CS
2003-01,BOB,2003-05-15 18:00:00,14.5,86.0,CS
2003-01,BOB,2003-05-15 21:00:00,14.5,86.0,CS
2003-01,BOB,2003-05-16 00:00:00,14.5,86.0,CS
2003-01,BOB,2003-05-16 03:00:00,14.5,86.5,CS
2003-01,BOB,2003-05-16 06:00:00,14.5,86.5,CS
2003-01,BOB,2003-05-16 09:00:00,14.5,86.5,CS
2003-01,BOB,2003-05-16 12:00:00,14.5,87.0,DD
2003-01,BOB,2003-05-16 15:00:00,14.5,87.0,DD
2003-01,BOB,2003-05-16 18:00:00,14.5,87.0,DD
2003-01,BOB,2003-05-16 21:00:00,14.5,87.0,DD
2003-01,BOB,2003-05-17 00:00:00,14.5,87.0,DD
2003-01,BOB,2003-05-17 03:00:00,14.5,87.5,DD
2003-01,BOB,2003-05-17 06:00:00,14.5,87.5,DD
2003-01,BOB,2003-05-17 09:00:00,14.5,87.5,DD
2003-01,BOB,2003-05-17 12:00:00,14.5,88.0,DD
2003-01,BOB,2003-05-17 15:00:00,14.5,88.5,DD
2003-01,BOB,2003-05-17 18:00:00,14.5,89.0,DD
2003-01,BOB,2003-05-17 21:00:00,14.5,89.5,DD
2003-01,BOB,2003-05-18 00:00:00,14.5,90.0,DD
2003-01,BOB,2003-05-18 03:00:00,14.5,90.5,DD
2003-01,BOB,2003-05-18 06:00:00,14.5,90.5,DD
2003-01,BOB,2003-05-18 09:00:00,14.5,90.5,DD
2003-01,BOB,2003-05-18 12:00:00,14.5,91.0,DD
2003-01,BOB,2003-05-18 15:00:00,14.5,91.0,DD
2003-01,BOB,2003-05-18 18:00:00,15.0,91.5,DD
2003-01,BOB,2003-05-18 21:00:00,15.5,91.5,DD
2003-01,BOB,2003-05-19 00:00:00,16.0,92.0,DD
2003-01,BOB,2003-05-19 03:00:00,16.5,92.5,DD
2003-01,BOB,2003-05-19 06:00:00,17.5,93.0,CS
2003-01,BOB,2003-05-19 09:00:00,18.0,93.0,CS
2003-01,BOB,2003-05-19 12:00:00,18.5,93.5,CS
2003-01,BOB,2003-05-19 15:00:00,19.0,93.5,CS
2003-01,BOB,2003-05-19 18:00:00,19.5,94.0,CS
2003-01,BOB,2003-05-19 21:00:00,20.0,94.5,CS
2003-02,BOB,2003-07-25 03:00:00,21.0,89.0,D
2003-02,BOB,2003-07-25 12:00:00,21.5,88.0,DD
2003-02,BOB,2003-07-26 03:00:00,22.0,86.0,DD
2003-02,BOB,2003-07-26 12:00:00,22.0,84.0,DD
2003-02,BOB,2003-07-27 03:00:00,22.5,80.0,D
2003-02,BOB,2003-07-27 12:00:00,23.0,77.5,D
2003-02,BOB,2003-07-28 03:00:00,24.0,76.5,D
2003-03,BOB,2003-08-27 12:00:00,20.5,88.5,D
2003-03,BOB,2003-08-28 03:00:00,21.0,85.5,D
2003-03,BOB,2003-08-28 12:00:00,21.0,85.5,D
2003-04,BOB,2003-10-06 03:00:00,16.5,84.0,D
2003-04,BOB,2003-10-06 09:00:00,17.0,84.0,D
2003-04,BOB,2003-10-06 12:00:00,17.5,84.0,D
2003-04,BOB,2003-10-07 03:00:00,19.0,83.0,D
2003-04,BOB,2003-10-07 12:00:00,19.0,83.0,D
2003-04,BOB,2003-10-08 03:00:00,21.0,82.5,D
2003-04,BOB,2003-10-08 12:00:00,21.5,84.5,D
2003-04,BOB,2003-10-09 03:00:00,23.5,86.0,D
2003-04,BOB,2003-10-09 12:00:00,25.0,87.0,D
2003-05,BOB,2003-10-26 12:00:00,13.5,93.5,D
2003-05,BOB,2003-10-27 03:00:00,14.0,90.5,DD
2003-05,BOB,2003-10-27 12:00:00,14.5,89.0,DD
2003-05,BOB,2003-10-28 03:00:00,16.5,84.5,DD
2003-05,BOB,2003-10-28 09:00:00,17.8,83.5,D
2003-06,BOB,2003-11-12 03:00:00,6.5,61.5,D
2003-06,BOB,2003-11-12 12:00:00,6.5,59.5,DD
2003-06,BOB,2003-11-12 18:00:00,6.5,59.0,CS
2003-06,BOB,2003-11-13 00:00:00,6.5,58.0,CS
2003-06,BOB,2003-11-13 03:00:00,6.5,58.0,CS
2003-06,BOB,2003-11-13 06:00:00,6.5,58.0,SCS
2003-06,BOB,2003-11-13 09:00:00,6.2,57.7,SCS
2003-06,BOB,2003-11-13 12:00:00,6.0,57.5,SCS
2003-06,BOB,2003-11-13 15:00:00,6.0,57.0,SCS
2003-06,BOB,2003-11-13 18:00:00,6.0,57.0,SCS
2003-06,BOB,2003-11-13 21:00:00,6.0,57.0,SCS
2003-06,BOB,2003-11-14 00:00:00,6.0,56.5,SCS
2003-06,BOB,2003-11-14 03:00:00,6.0,56.5,SCS
2003-06,BOB,2003-11-14 06:00:00,5.5,55.5,SCS
2003-06,BOB,2003-11-14 09:00:00,5.5,55.0,SCS
2003-06,BOB,2003-11-14 12:00:00,5.5,54.5,CS
2003-06,BOB,2003-11-14 15:00:00,5.5,54.5,CS
2003-06,BOB,2003-11-14 18:00:00,5.5,52.0,DD
2003-06,BOB,2003-11-14 21:00:00,5.5,51.5,DD
2003-06,BOB,2003-11-15 00:00:00,5.5,51.0,DD
2003-06,BOB,2003-11-15 03:00:00,5.5,51.0,D
2003-06,BOB,2003-11-15 12:00:00,5.5,50.5,D
2003-07,BOB,2003-12-11 12:00:00,4.5,90.5,D
2003-07,BOB,2003-12-12 03:00:00,6.0,89.0,D
2003-07,BOB,2003-12-12 12:00:00,7.5,88.0,D
2003-07,BOB,2003-12-13 03:00:00,9.0,87.5,DD
2003-07,BOB,2003-12-13 12:00:00,9.5,87.0,CS
2003-07,BOB,2003-12-13 15:00:00,10.0,87.0,CS
2003-07,BOB,2003-12-13 18:00:00,10.0,87.0,CS
2003-07,BOB,2003-12-13 21:00:00,10.5,86.5,CS
2003-07,BOB,2003-12-14 00:00:00,10.5,86.0,CS
2003-07,BOB,2003-12-14 03:00:00,11.0,85.0,CS
2003-07,BOB,2003-12-14 06:00:00,11.0,85.0,CS
2003-07,BOB,2003-12-14 09:00:00,11.5,84.5,CS
2003-07,BOB,2003-12-14 12:00:00,12.0,83.5,SCS
2003-07,BOB,2003-12-14 15:00:00,12.5,83.0,SCS
2003-07,BOB,2003-12-14 18:00:00,12.8,82.5,SCS
2003-07,BOB,2003-12-14 21:00:00,13.4,82.2,SCS
2003-07,BOB,2003-12-15 00:00:00,13.8,81.7,SCS
2003-07,BOB,2003-12-15 03:00:00,14.0,81.5,SCS
2003-07,BOB,2003-12-15 06:00:00,14.3,81.5,SCS
2003-07,BOB,2003-12-15 09:00:00,15.0,81.0,SCS
2003-07,BOB,2003-12-15 12:00:00,15.5,81.0,SCS
2003-07,BOB,2003-12-15 15:00:00,15.8,81.0,SCS
2003-07,BOB,2003-12-15 18:00:00,16.0,81.0,SCS
2003-07,BOB,2003-12-15 21:00:00,16.5,81.0,CS
2003-07,BOB,2003-12-16 00:00:00,17.0,81.0,CS
2003-07,BOB,2003-12-16 03:00:00,17.0,81.0,DD
2003-07,BOB,2003-12-16 06:00:00,17.5,81.5,D
2003-07,BOB,2003-12-16 12:00:00,17.5,81.5,D
2004-01,,2004-05-05 03:00:00,11.5,73.5,D
2004-01,,2004-05-05 06:00:00,11.5,73.5,DD
2004-01,,2004-05-05 09:00:00,11.5,73.5,DD
2004-01,,2004-05-05 12:00:00,11.5,73.5,CS
2004-01,,2004-05-05 15:00:00,11.5,73.0,CS
2004-01,,2004-05-05 18:00:00,11.5,73.0,CS
2004-01,,2004-05-05 21:00:00,11.5,73.0,CS
2004-01,,2004-05-06 00:00:00,11.5,73.0,CS
2004-01,,2004-05-06 03:00:00,11.5,73.0,CS
2004-01,,2004-05-06 06:00:00,11.5,73.0,CS
2004-01,,2004-05-06 09:00:00,11.5,73.0,CS
2004-01,,2004-05-06 12:00:00,11.5,73.0,CS
2004-01,,2004-05-06 15:00:00,11.5,73.0,CS
2004-01,,2004-05-06 18:00:00,11.5,73.0,CS
2004-01,,2004-05-06 21:00:00,11.5,73.0,CS
2004-01,,2004-05-07 00:00:00,11.5,73.0,CS
2004-01,,2004-05-07 03:00:00,12.5,72.0,SCS
2004-01,,2004-05-07 06:00:00,13.0,71.5,SCS
2004-01,,2004-05-07 09:00:00,13.0,71.5,SCS
2004-01,,2004-05-07 12:00:00,13.0,71.5,SCS
2004-01,,2004-05-07 15:00:00,13.0,71.5,SCS
2004-01,,2004-05-07 18:00:00,13.0,71.5,SCS
2004-01,,2004-05-07 21:00:00,13.0,71.5,SCS
2004-01,,2004-05-08 00:00:00,13.5,71.0,SCS
2004-01,,2004-05-08 03:00:00,13.5,71.0,SCS
2004-01,,2004-05-08 06:00:00,13.5,71.0,SCS
2004-01,,2004-05-08 09:00:00,13.5,71.0,SCS
2004-01,,2004-05-08 12:00:00,13.5,71.0,CS
2004-01,,2004-05-08 15:00:00,13.5,71.0,CS
2004-01,,2004-05-08 18:00:00,14.0,71.0,CS
2004-01,,2004-05-08 21:00:00,14.5,70.5,CS
2004-01,,2004-05-09 00:00:00,14.5,70.5,CS
2004-01,,2004-05-09 03:00:00,15.0,70.5,CS
2004-01,,2004-05-09 06:00:00,15.5,70.0,CS
2004-01,,2004-05-09 09:00:00,16.0,70.0,CS
2004-01,,2004-05-09 12:00:00,16.5,70.0,CS
2004-01,,2004-05-09 15:00:00,17.0,70.0,CS
2004-01,,2004-05-09 18:00:00,17.5,70.0,CS
2004-01,,2004-05-09 21:00:00,18.0,70.0,CS
2004-01,,2004-05-10 00:00:00,18.5,70.0,CS
2004-01,,2004-05-10 03:00:00,19.0,70.0,CS
2004-01,,2004-05-10 06:00:00,19.0,70.0,DD
2004-01,,2004-05-10 09:00:00,19.5,70.0,D
2004-02,BOB,2004-05-16 09:00:00,17.0,91.5,D
2004-02,BOB,2004-05-16 12:00:00,17.5,91.0,D
2004-02,BOB,2004-05-16 18:00:00,17.5,91.0,DD
2004-02,BOB,2004-05-16 21:00:00,18.0,90.5,DD
2004-02,BOB,2004-05-17 00:00:00,18.5,90.5,DD
2004-02,BOB,2004-05-17 03:00:00,18.5,90.0,CS
2004-02,BOB,2004-05-17 06:00:00,18.5,90.0,CS
2004-02,BOB,2004-05-17 09:00:00,18.5,89.5,CS
2004-02,BOB,2004-05-17 12:00:00,18.5,89.0,CS
2004-02,BOB,2004-05-17 15:00:00,18.5,89.0,CS
2004-02,BOB,2004-05-17 18:00:00,18.5,89.0,CS
2004-02,BOB,2004-05-17 21:00:00,19.0,88.5,CS
2004-02,BOB,2004-05-18 00:00:00,19.0,88.5,CS
2004-02,BOB,2004-05-18 03:00:00,19.0,88.5,CS
2004-02,BOB,2004-05-18 06:00:00,19.0,88.5,SCS
2004-02,BOB,2004-05-18 09:00:00,19.0,89.5,SCS
2004-02,BOB,2004-05-18 12:00:00,19.0,90.0,SCS
2004-02,BOB,2004-05-18 15:00:00,19.0,90.0,VSCS
2004-02,BOB,2004-05-18 18:00:00,19.5,90.5,VSCS
2004-02,BOB,2004-05-18 21:00:00,19.0,91.0,VSCS
2004-02,BOB,2004-05-19 00:00:00,20.0,91.5,VSCS
2004-02,BOB,2004-05-19 03:00:00,20.5,92.0,ESCS
2004-03,BOB,2004-06-10 03:00:00,17.5,67.5,D
2004-03,BOB,2004-06-10 06:00:00,17.5,67.5,D
2004-03,BOB,2004-06-10 09:00:00,17.5,66.5,DD
2004-03,BOB,2004-06-10 12:00:00,17.5,66.5,DD
2004-03,BOB,2004-06-10 15:00:00,17.5,66.5,DD
2004-03,BOB,2004-06-10 18:00:00,17.5,66.5,DD
2004-03,BOB,2004-06-10 21:00:00,17.5,66.0,DD
2004-03,BOB,2004-06-11 00:00:00,18.0,66.0,DD
2004-03,BOB,2004-06-11 03:00:00,18.0,66.0,DD
2004-03,BOB,2004-06-11 06:00:00,18.0,66.0,DD
2004-03,BOB,2004-06-11 09:00:00,18.0,66.0,DD
2004-03,BOB,2004-06-11 12:00:00,18.0,66.0,DD
2004-03,BOB,2004-06-11 15:00:00,18.0,66.0,DD
2004-03,BOB,2004-06-11 18:00:00,18.0,66.0,DD
2004-03,BOB,2004-06-11 21:00:00,18.0,66.0,DD
2004-03,BOB,2004-06-12 00:00:00,18.0,66.0,DD
2004-03,BOB,2004-06-12 03:00:00,18.0,66.0,DD
2004-03,BOB,2004-06-12 06:00:00,18.0,66.0,DD
2004-03,BOB,2004-06-12 09:00:00,18.0,66.0,DD
2004-03,BOB,2004-06-12 12:00:00,18.0,65.5,D
2004-03,BOB,2004-06-13 03:00:00,18.0,65.0,D
2004-04,BOB,2004-06-11 03:00:00,15.5,90.0,D
2004-04,BOB,2004-06-11 06:00:00,15.5,90.0,D
2004-04,BOB,2004-06-11 09:00:00,15.5,89.5,D
2004-04,BOB,2004-06-11 12:00:00,15.5,89.0,D
2004-04,BOB,2004-06-11 15:00:00,15.5,89.0,D
2004-04,BOB,2004-06-11 18:00:00,15.5,89.0,D
2004-04,BOB,2004-06-11 21:00:00,15.5,89.0,D
2004-04,BOB,2004-06-12 00:00:00,16.0,88.0,D
2004-04,BOB,2004-06-12 03:00:00,17.5,87.0,DD
2004-04,BOB,2004-06-12 06:00:00,17.5,87.0,DD
2004-04,BOB,2004-06-12 09:00:00,17.5,86.5,DD
2004-04,BOB,2004-06-12 12:00:00,18.0,86.0,DD
2004-04,BOB,2004-06-12 15:00:00,18.0,86.0,DD
2004-04,BOB,2004-06-12 18:00:00,18.5,85.5,DD
2004-04,BOB,2004-06-12 21:00:00,19.0,85.5,DD
2004-04,BOB,2004-06-13 00:00:00,19.5,85.5,DD
2004-04,BOB,2004-06-13 03:00:00,19.5,85.5,DD
2004-04,BOB,2004-06-13 06:00:00,19.5,85.5,DD
2004-04,BOB,2004-06-13 09:00:00,20.0,85.5,DD
2004-04,BOB,2004-06-13 12:00:00,20.5,85.5,DD
2004-04,BOB,2004-06-14 03:00:00,21.5,84.0,DD
2004-04,BOB,2004-06-14 09:00:00,22.0,83.0,D
2004-05,LAND,2004-09-12 03:00:00,22.5,88.5,D
2004-05,LAND,2004-09-12 12:00:00,23.0,88.5,D
2004-05,LAND,2004-09-13 03:00:00,23.0,88.0,D
2004-05,LAND,2004-09-13 12:00:00,23.0,88.0,D
2004-05,LAND,2004-09-14 03:00:00,22.5,88.0,D
2004-05,LAND,2004-09-14 12:00:00,22.5,88.0,D
2004-05,LAND,2004-09-15 03:00:00,22.5,88.0,D
2004-05,LAND,2004-09-15 12:00:00,22.5,88.0,D
2004-06,LAND,2004-09-30 09:00:00,16.0,69.0,D
2004-06,LAND,2004-09-30 12:00:00,16.5,68.5,DD
2004-06,LAND,2004-09-30 15:00:00,17.0,68.0,DD
2004-06,LAND,2004-09-30 18:00:00,17.5,68.0,DD
2004-06,LAND,2004-09-30 21:00:00,18.0,67.5,DD
2004-06,LAND,2004-10-01 00:00:00,18.5,67.0,DD
2004-06,LAND,2004-10-01 03:00:00,19.0,67.0,DD
2004-06,LAND,2004-10-01 06:00:00,19.0,67.0,DD
2004-06,LAND,2004-10-01 09:00:00,19.5,66.5,CS
2004-06,LAND,2004-10-01 12:00:00,20.0,66.5,CS
2004-06,LAND,2004-10-01 15:00:00,20.0,66.5,CS
2004-06,LAND,2004-10-01 18:00:00,20.0,66.5,CS
2004-06,LAND,2004-10-01 21:00:00,20.0,66.5,CS
2004-06,LAND,2004-10-02 00:00:00,21.0,66.5,CS
2004-06,LAND,2004-10-02 03:00:00,21.0,66.5,CS
2004-06,LAND,2004-10-02 06:00:00,21.5,67.0,CS
2004-06,LAND,2004-10-02 09:00:00,21.5,67.0,SCS
2004-06,LAND,2004-10-02 12:00:00,22.0,67.5,SCS
2004-06,LAND,2004-10-02 15:00:00,22.0,67.5,SCS
2004-06,LAND,2004-10-02 18:00:00,22.5,68.0,SCS
2004-06,LAND,2004-10-02 21:00:00,22.5,68.5,SCS
2004-06,LAND,2004-10-03 00:00:00,23.0,68.5,CS
2004-06,LAND,2004-10-03 03:00:00,23.0,68.5,DD
2004-06,LAND,2004-10-03 06:00:00,23.0,68.5,DD
2004-06,LAND,2004-10-03 09:00:00,23.0,68.5,DD
2004-06,LAND,2004-10-03 12:00:00,23.0,68.5,D
2004-06,LAND,2004-10-03 15:00:00,23.0,68.5,D
2004-06,LAND,2004-10-03 18:00:00,23.0,68.5,D
2004-07,BOB,2004-10-02 03:00:00,11.5,87.0,D
2004-07,BOB,2004-10-02 06:00:00,12.0,86.5,D
2004-07,BOB,2004-10-02 09:00:00,12.5,86.0,D
2004-07,BOB,2004-10-02 12:00:00,12.5,86.0,D
2004-07,BOB,2004-10-02 15:00:00,13.0,85.5,D
2004-07,BOB,2004-10-02 18:00:00,13.0,85.5,D
2004-07,BOB,2004-10-02 21:00:00,13.0,85.5,D
2004-07,BOB,2004-10-03 00:00:00,13.5,85.0,D
2004-07,BOB,2004-10-03 03:00:00,14.5,84.5,D
2004-07,BOB,2004-10-03 06:00:00,14.5,84.5,D
2004-07,BOB,2004-10-03 09:00:00,15.0,84.0,D
2004-07,BOB,2004-10-03 12:00:00,15.5,83.5,D
2004-07,BOB,2004-10-03 15:00:00,15.5,83.5,D
2004-07,BOB,2004-10-03 18:00:00,16.5,83.0,D
2004-07,BOB,2004-10-03 21:00:00,17.0,83.0,D
2004-07,BOB,2004-10-04 00:00:00,17.5,82.5,D
2004-07,BOB,2004-10-04 03:00:00,18.0,84.0,D
2004-08,LAND,2004-10-07 03:00:00,22.5,87.0,D
2004-08,LAND,2004-10-07 12:00:00,23.5,88.0,D
2004-08,LAND,2004-10-08 03:00:00,24.0,90.0,D
2004-09,LAND,2004-11-02 12:00:00,12.0,67.0,D
2004-09,LAND,2004-11-03 03:00:00,13.0,67.0,D
2004-09,LAND,2004-11-03 12:00:00,13.5,67.0,D
2004-09,LAND,2004-11-04 03:00:00,13.5,67.0,D
2004-09,LAND,2004-11-04 12:00:00,14.0,67.0,D
2004-09,LAND,2004-11-05 03:00:00,14.0,67.0,DD
2004-09,LAND,2004-11-05 12:00:00,15.0,66.0,DD
2004-09,LAND,2004-11-06 03:00:00,15.0,63.0,DD
2004-09,LAND,2004-11-06 09:00:00,15.0,61.5,D
2004-09,LAND,2004-11-06 12:00:00,15.0,61.0,D
2004-09,LAND,2004-11-07 03:00:00,14.5,58.5,D
2004-09,LAND,2004-11-07 09:00:00,14.0,57.0,D
2004-09,LAND,2004-11-07 12:00:00,13.5,56.5,D
2004-10,LAND,2004-11-29 03:00:00,1.5,66.0,D
2004-10,LAND,2004-11-29 06:00:00,2.0,65.5,D
2004-10,LAND,2004-11-29 09:00:00,2.5,65.0,D
2004-10,LAND,2004-11-29 12:00:00,3.0,64.5,CS
2004-10,LAND,2004-11-29 15:00:00,3.5,64.0,CS
2004-10,LAND,2004-11-29 18:00:00,3.5,64.0,CS
2004-10,LAND,2004-11-29 21:00:00,3.5,63.5,CS
2004-10,LAND,2004-11-30 00:00:00,4.5,63.0,CS
2004-10,LAND,2004-11-30 03:00:00,5.0,62.5,CS
2004-10,LAND,2004-11-30 06:00:00,5.5,61.5,SCS
2004-10,LAND,2004-11-30 09:00:00,6.0,61.0,SCS
2004-10,LAND,2004-11-30 12:00:00,6.0,60.5,SCS
2004-10,LAND,2004-11-30 15:00:00,6.0,60.5,SCS
2004-10,LAND,2004-11-30 18:00:00,6.0,60.0,CS
2004-10,LAND,2004-11-30 21:00:00,6.5,60.0,CS
2004-10,LAND,2004-12-01 00:00:00,7.0,59.5,CS
2004-10,LAND,2004-12-01 03:00:00,7.0,59.5,CS
2004-10,LAND,2004-12-01 06:00:00,7.0,59.5,CS
2004-10,LAND,2004-12-01 09:00:00,7.5,58.5,DD
2004-10,LAND,2004-12-01 12:00:00,7.5,58.5,DD
2004-10,LAND,2004-12-02 03:00:00,8.0,56.5,D
2004-10,LAND,2004-12-02 12:00:00,8.0,55.0,D
2005-01,BOB,2005-01-13 12:00:00,5.5,87.0,D
2005-01,BOB,2005-01-14 03:00:00,5.5,87.0,DD
2005-01,BOB,2005-01-14 12:00:00,5.5,87.0,DD
2005-01,BOB,2005-01-15 03:00:00,5.5,87.0,CS
2005-01,BOB,2005-01-15 06:00:00,5.5,87.0,CS
2005-01,BOB,2005-01-15 09:00:00,5.5,87.0,CS
2005-01,BOB,2005-01-15 12:00:00,5.5,87.0,CS
2005-01,BOB,2005-01-15 15:00:00,5.5,87.0,CS
2005-01,BOB,2005-01-15 18:00:00,5.5,87.0,CS
2005-01,BOB,2005-01-15 21:00:00,5.5,87.0,CS
2005-01,BOB,2005-01-16 00:00:00,5.5,87.0,CS
2005-01,BOB,2005-01-16 03:00:00,5.5,86.5,CS
2005-01,BOB,2005-01-16 06:00:00,5.5,86.5,CS
2005-01,BOB,2005-01-16 09:00:00,5.5,86.5,CS
2005-01,BOB,2005-01-16 12:00:00,5.5,86.5,CS
2005-01,BOB,2005-01-16 15:00:00,5.5,86.5,CS
2005-01,BOB,2005-01-16 18:00:00,5.5,86.5,CS
2005-01,BOB,2005-01-16 21:00:00,5.5,86.5,CS
2005-01,BOB,2005-01-17 00:00:00,5.5,86.0,DD
2005-01,BOB,2005-01-17 03:00:00,5.0,86.0,DD
2005-01,BOB,2005-01-17 06:00:00,5.0,86.0,DD
2005-01,BOB,2005-01-17 09:00:00,5.0,86.0,D
2005-01,BOB,2005-01-17 12:00:00,5.0,86.0,D
2005-02,BOB,2005-06-21 03:00:00,21.5,68.5,D
2005-02,BOB,2005-06-21 12:00:00,22.0,68.0,D
2005-02,BOB,2005-06-22 03:00:00,22.0,68.0,D
2005-02,BOB,2005-06-22 12:00:00,22.0,67.0,D
2005-03,LAND,2005-06-27 12:00:00,21.5,88.0,D
2005-03,LAND,2005-06-28 03:00:00,23.0,86.0,D
2005-03,LAND,2005-06-28 12:00:00,23.0,86.0,D
2005-03,LAND,2005-06-29 03:00:00,23.0,86.0,D
2005-03,LAND,2005-06-29 12:00:00,23.5,85.5,D
2005-03,LAND,2005-06-30 03:00:00,24.0,84.0,D
2005-03,LAND,2005-06-30 12:00:00,24.0,82.0,D
2005-03,LAND,2005-07-01 03:00:00,24.5,80.5,D
2005-03,LAND,2005-07-01 12:00:00,24.5,80.5,D
2005-03,LAND,2005-07-02 03:00:00,24.5,80.5,D
2005-03,LAND,2005-07-02 12:00:00,24.5,80.5,D
2005-03,LAND,2005-07-03 03:00:00,24.5,80.5,D
2005-03,LAND,2005-07-03 12:00:00,24.5,80.5,D
2005-03,LAND,2005-07-04 03:00:00,25.0,79.5,D
2005-03,LAND,2005-07-04 12:00:00,25.0,79.5,D
2005-03,LAND,2005-07-05 03:00:00,26.0,80.0,D
2005-03,LAND,2005-07-05 12:00:00,26.0,80.0,D
2005-04,BOB,2005-07-29 03:00:00,21.5,87.5,D
2005-04,BOB,2005-07-29 12:00:00,21.5,87.5,D
2005-04,BOB,2005-07-30 03:00:00,21.5,87.5,DD
2005-04,BOB,2005-07-30 12:00:00,21.5,85.5,DD
2005-04,BOB,2005-07-31 03:00:00,21.5,85.5,DD
2005-04,BOB,2005-07-31 12:00:00,22.0,82.5,DD
2005-05,BOB,2005-09-12 03:00:00,20.0,88.0,D
2005-05,BOB,2005-09-12 12:00:00,21.0,85.0,D
2005-05,BOB,2005-09-13 03:00:00,21.5,84.0,D
2005-05,BOB,2005-09-13 12:00:00,22.0,82.5,D
2005-05,BOB,2005-09-14 03:00:00,23.0,80.0,D
2005-05,BOB,2005-09-14 12:00:00,23.0,80.0,D
2005-05,BOB,2005-09-15 03:00:00,24.5,78.5,D
2005-05,BOB,2005-09-15 12:00:00,25.5,78.0,D
2005-05,BOB,2005-09-16 03:00:00,27.0,78.0,D
2005-05,BOB,2005-09-16 12:00:00,28.0,78.0,D
2005-06,BOB,2005-09-14 03:00:00,20.0,68.5,D
2005-06,BOB,2005-09-14 12:00:00,20.5,68.0,D
2005-06,BOB,2005-09-15 03:00:00,20.5,68.0,D
2005-06,BOB,2005-09-15 12:00:00,20.5,68.0,D
2005-06,BOB,2005-09-16 03:00:00,21.5,67.5,D
2005-06,BOB,2005-09-16 12:00:00,21.5,69.0,D
2005-07,BOB,2005-09-17 03:00:00,20.0,90.5,D
2005-07,BOB,2005-09-17 12:00:00,20.5,90.0,D
2005-07,BOB,2005-09-18 03:00:00,20.5,87.5,DD
2005-07,BOB,2005-09-18 06:00:00,20.0,87.5,DD
2005-07,BOB,2005-09-18 09:00:00,19.5,87.0,DD
2005-07,BOB,2005-09-18 12:00:00,19.5,86.5,CS
2005-07,BOB,2005-09-18 15:00:00,19.5,86.5,CS
2005-07,BOB,2005-09-18 18:00:00,19.0,85.5,CS
2005-07,BOB,2005-09-18 21:00:00,18.5,84.5,CS
2005-07,BOB,2005-09-19 00:00:00,18.5,84.5,CS
2005-07,BOB,2005-09-19 03:00:00,18.5,84.0,CS
2005-07,BOB,2005-09-19 06:00:00,18.5,83.5,CS
2005-07,BOB,2005-09-19 09:00:00,18.5,83.5,CS
2005-07,BOB,2005-09-19 12:00:00,18.5,83.5,CS
2005-07,BOB,2005-09-19 15:00:00,18.5,83.5,CS
2005-07,BOB,2005-09-19 18:00:00,18.5,83.0,CS
2005-07,BOB,2005-09-19 21:00:00,18.5,83.0,DD
2005-07,BOB,2005-09-20 00:00:00,19.0,82.5,DD
2005-07,BOB,2005-09-20 03:00:00,19.0,82.5,DD
2005-07,BOB,2005-09-20 06:00:00,19.0,82.5,DD
2005-07,BOB,2005-09-20 09:00:00,19.0,81.5,DD
2005-07,BOB,2005-09-20 12:00:00,19.0,80.5,D
2005-07,BOB,2005-09-21 03:00:00,19.5,79.5,D
2005-07,BOB,2005-09-21 12:00:00,21.0,76.0,D
2005-08,BOB,2005-10-26 03:00:00,12.0,84.5,D
2005-08,BOB,2005-10-26 06:00:00,12.0,84.5,D
2005-08,BOB,2005-10-26 09:00:00,12.0,84.0,D
2005-08,BOB,2005-10-26 12:00:00,12.5,84.0,D
2005-08,BOB,2005-10-26 15:00:00,12.5,84.0,D
2005-08,BOB,2005-10-26 18:00:00,12.5,84.0,DD
2005-08,BOB,2005-10-26 21:00:00,12.5,84.0,DD
2005-08,BOB,2005-10-27 00:00:00,12.5,84.0,DD
2005-08,BOB,2005-10-27 03:00:00,13.0,82.5,DD
2005-08,BOB,2005-10-27 06:00:00,13.0,81.5,DD
2005-08,BOB,2005-10-27 09:00:00,13.0,81.5,DD
2005-08,BOB,2005-10-27 12:00:00,13.5,81.5,DD
2005-08,BOB,2005-10-27 15:00:00,14.0,81.5,DD
2005-08,BOB,2005-10-27 18:00:00,14.0,81.5,DD
2005-08,BOB,2005-10-27 21:00:00,15.0,81.0,DD
2005-08,BOB,2005-10-28 00:00:00,15.0,81.0,DD
2005-08,BOB,2005-10-28 03:00:00,15.5,80.0,DD
2005-08,BOB,2005-10-28 06:00:00,15.5,80.0,DD
2005-08,BOB,2005-10-28 09:00:00,15.5,80.0,D
2005-08,BOB,2005-10-28 12:00:00,15.5,79.8,D
2005-08,BOB,2005-10-29 03:00:00,15.5,79.5,D
2005-09,BOB,2005-11-20 03:00:00,8.0,84.5,D
2005-09,BOB,2005-11-20 06:00:00,8.0,84.5,D
2005-09,BOB,2005-11-20 09:00:00,8.0,84.5,D
2005-09,BOB,2005-11-20 12:00:00,8.0,84.0,D
2005-09,BOB,2005-11-20 15:00:00,8.0,84.0,D
2005-09,BOB,2005-11-20 18:00:00,8.0,84.0,D
2005-09,BOB,2005-11-20 21:00:00,8.0,84.0,D
2005-09,BOB,2005-11-21 00:00:00,8.0,84.0,D
2005-09,BOB,2005-11-21 03:00:00,8.5,83.0,D
2005-09,BOB,2005-11-21 06:00:00,8.5,83.0,D
2005-09,BOB,2005-11-21 09:00:00,9.0,82.0,D
2005-09,BOB,2005-11-21 12:00:00,9.0,81.5,D
2005-09,BOB,2005-11-21 15:00:00,9.0,81.5,D
2005-09,BOB,2005-11-21 18:00:00,9.0,81.0,D
2005-09,BOB,2005-11-21 21:00:00,9.0,81.0,D
2005-09,BOB,2005-11-22 00:00:00,9.0,80.5,D
2005-09,BOB,2005-11-22 03:00:00,9.0,80.0,D
2005-09,BOB,2005-11-22 06:00:00,9.0,79.5,D
2005-09,BOB,2005-11-22 09:00:00,9.5,79.5,D
2005-10,BOB,2005-11-28 03:00:00,10.5,90.5,D
2005-10,BOB,2005-11-28 06:00:00,10.5,90.0,DD
2005-10,BOB,2005-11-28 09:00:00,10.5,89.0,DD
2005-10,BOB,2005-11-28 12:00:00,10.5,88.5,DD
2005-10,BOB,2005-11-28 15:00:00,10.5,88.0,DD
2005-10,BOB,2005-11-28 18:00:00,10.5,88.0,CS
2005-10,BOB,2005-11-28 21:00:00,10.5,88.0,CS
2005-10,BOB,2005-11-29 00:00:00,10.5,87.5,CS
2005-10,BOB,2005-11-29 03:00:00,10.5,87.0,CS
2005-10,BOB,2005-11-29 06:00:00,11.0,86.0,CS
2005-10,BOB,2005-11-29 09:00:00,11.5,85.0,CS
2005-10,BOB,2005-11-29 12:00:00,12.0,84.0,CS
2005-10,BOB,2005-11-29 15:00:00,12.0,84.0,CS
2005-10,BOB,2005-11-29 18:00:00,12.0,84.0,CS
2005-10,BOB,2005-11-29 21:00:00,12.0,84.0,CS
2005-10,BOB,2005-11-30 00:00:00,12.0,84.0,CS
2005-10,BOB,2005-11-30 03:00:00,12.0,84.0,CS
2005-10,BOB,2005-11-30 06:00:00,12.5,84.0,CS
2005-10,BOB,2005-11-30 09:00:00,12.5,84.0,CS
2005-10,BOB,2005-11-30 12:00:00,12.5,84.0,CS
2005-10,BOB,2005-11-30 15:00:00,12.5,84.0,CS
2005-10,BOB,2005-11-30 18:00:00,12.5,84.0,CS
2005-10,BOB,2005-11-30 21:00:00,12.5,84.0,CS
2005-10,BOB,2005-12-01 00:00:00,12.5,84.0,CS
2005-10,BOB,2005-12-01 03:00:00,12.5,84.0,CS
2005-10,BOB,2005-12-01 06:00:00,12.5,83.5,CS
2005-10,BOB,2005-12-01 09:00:00,12.5,83.5,CS
2005-10,BOB,2005-12-01 12:00:00,12.5,83.5,DD
2005-10,BOB,2005-12-01 15:00:00,12.5,83.5,DD
2005-10,BOB,2005-12-01 18:00:00,13.0,83.0,DD
2005-10,BOB,2005-12-01 21:00:00,13.0,83.0,DD
2005-10,BOB,2005-12-02 00:00:00,13.0,82.5,D
2005-10,BOB,2005-12-02 03:00:00,13.0,82.5,D
2005-11,BOB,2005-12-06 03:00:00,10.5,89.5,D
2005-11,BOB,2005-12-06 06:00:00,10.5,89.5,D
2005-11,BOB,2005-12-06 09:00:00,11.0,89.0,DD
2005-11,BOB,2005-12-06 12:00:00,11.0,89.0,DD
2005-11,BOB,2005-12-06 15:00:00,11.0,89.0,DD
2005-11,BOB,2005-12-06 18:00:00,11.0,88.5,DD
2005-11,BOB,2005-12-06 21:00:00,11.0,88.5,DD
2005-11,BOB,2005-12-07 00:00:00,11.0,88.5,DD
2005-11,BOB,2005-12-07 03:00:00,11.0,87.5,CS
2005-11,BOB,2005-12-07 06:00:00,11.0,87.0,CS
2005-11,BOB,2005-12-07 09:00:00,11.0,86.5,CS
2005-11,BOB,2005-12-07 12:00:00,11.0,86.5,CS
2005-11,BOB,2005-12-07 15:00:00,11.0,86.5,CS
2005-11,BOB,2005-12-07 18:00:00,11.0,86.0,CS
2005-11,BOB,2005-12-07 21:00:00,11.0,86.0,CS
2005-11,BOB,2005-12-08 00:00:00,11.0,86.0,CS
2005-11,BOB,2005-12-08 03:00:00,10.5,86.0,CS
2005-11,BOB,2005-12-08 06:00:00,10.5,85.5,CS
2005-11,BOB,2005-12-08 09:00:00,10.5,85.0,CS
2005-11,BOB,2005-12-08 12:00:00,10.5,84.5,CS
2005-11,BOB,2005-12-08 15:00:00,10.5,84.5,CS
2005-11,BOB,2005-12-08 18:00:00,10.5,84.0,CS
2005-11,BOB,2005-12-08 21:00:00,10.5,84.0,CS
2005-11,BOB,2005-12-09 00:00:00,10.5,83.5,CS
2005-11,BOB,2005-12-09 03:00:00,10.5,83.0,CS
2005-11,BOB,2005-12-09 06:00:00,10.5,83.0,CS
2005-11,BOB,2005-12-09 09:00:00,10.5,82.5,CS
2005-11,BOB,2005-12-09 12:00:00,10.5,82.0,CS
2005-11,BOB,2005-12-09 15:00:00,10.5,81.5,CS
2005-11,BOB,2005-12-09 18:00:00,10.5,81.5,CS
2005-11,BOB,2005-12-09 21:00:00,10.5,81.0,CS
2005-10,BOB,2005-12-10 03:00:00,10.4,79.8,DD
2005-11,BOB,2005-12-10 06:00:00,10.5,79.5,D
2005-11,BOB,2005-12-10 09:00:00,10.5,79.5,D
2005-11,BOB,2005-12-10 12:00:00,10.5,79.5,D
2005-12,BOB,2005-12-15 12:00:00,8.0,87.0,D
2005-12,BOB,2005-12-15 15:00:00,8.0,87.0,D
2005-12,BOB,2005-12-15 18:00:00,8.0,87.0,D
2005-12,BOB,2005-12-15 21:00:00,8.0,87.0,D
2005-12,BOB,2005-12-16 00:00:00,8.0,87.0,D
2005-12,BOB,2005-12-16 03:00:00,8.0,85.0,D
2005-12,BOB,2005-12-16 06:00:00,8.0,85.0,D
2005-12,BOB,2005-12-16 09:00:00,8.0,84.5,D
2005-12,BOB,2005-12-16 12:00:00,8.0,84.5,D
2005-12,BOB,2005-12-16 15:00:00,8.0,84.5,D
2005-12,BOB,2005-12-16 18:00:00,8.0,84.5,D
2005-12,BOB,2005-12-16 21:00:00,8.0,84.5,D
2005-12,BOB,2005-12-17 00:00:00,8.0,84.0,D
2005-12,BOB,2005-12-17 03:00:00,8.0,84.0,DD
2005-12,BOB,2005-12-17 06:00:00,8.0,84.0,DD
2005-12,BOB,2005-12-17 09:00:00,8.5,83.5,DD
2005-12,BOB,2005-12-17 12:00:00,8.5,83.5,DD
2005-12,BOB,2005-12-17 15:00:00,8.5,83.5,DD
2005-12,BOB,2005-12-17 18:00:00,9.0,83.0,DD
2005-12,BOB,2005-12-17 21:00:00,9.0,83.0,DD
2005-12,BOB,2005-12-18 00:00:00,9.5,83.0,DD
2005-12,BOB,2005-12-18 03:00:00,10.0,83.0,DD
2005-12,BOB,2005-12-18 06:00:00,10.0,83.0,DD
2005-12,BOB,2005-12-18 09:00:00,10.5,82.5,DD
2005-12,BOB,2005-12-18 12:00:00,10.5,82.5,DD
2005-12,BOB,2005-12-18 15:00:00,10.5,82.5,DD
2005-12,BOB,2005-12-18 18:00:00,11.0,82.5,DD
2005-12,BOB,2005-12-18 21:00:00,11.0,82.5,DD
2005-12,BOB,2005-12-19 00:00:00,11.0,82.5,DD
2005-12,BOB,2005-12-19 03:00:00,11.0,82.5,DD
2005-12,BOB,2005-12-19 06:00:00,11.0,82.5,DD
2005-12,BOB,2005-12-19 09:00:00,11.0,82.5,DD
2005-12,BOB,2005-12-19 12:00:00,11.0,82.5,DD
2005-12,BOB,2005-12-19 15:00:00,11.5,82.5,DD
2005-12,BOB,2005-12-19 18:00:00,11.5,82.5,DD
2005-12,BOB,2005-12-19 21:00:00,11.5,82.5,DD
2005-12,BOB,2005-12-20 00:00:00,11.5,83.0,DD
2005-12,BOB,2005-12-20 03:00:00,11.5,83.5,DD
2005-12,BOB,2005-12-20 06:00:00,11.5,84.0,D
2005-12,BOB,2005-12-20 09:00:00,12.0,84.5,D
2005-12,BOB,2005-12-20 12:00:00,12.0,84.5,D
2005-12,BOB,2005-12-20 15:00:00,12.0,84.5,D
2005-12,BOB,2005-12-20 18:00:00,12.0,84.5,D
2005-12,BOB,2005-12-20 21:00:00,12.0,84.5,D
2005-12,BOB,2005-12-21 00:00:00,12.0,84.5,D
2005-12,BOB,2005-12-21 03:00:00,12.0,84.5,D
2005-12,BOB,2005-12-21 06:00:00,12.0,84.5,D
2005-12,BOB,2005-12-21 09:00:00,12.0,84.5,D
2005-12,BOB,2005-12-21 12:00:00,12.0,84.5,D
2005-12,BOB,2005-12-21 15:00:00,12.0,84.5,D
2005-12,BOB,2005-12-21 18:00:00,12.0,84.5,D
2005-12,BOB,2005-12-21 21:00:00,12.0,84.5,D
2005-12,BOB,2005-12-22 00:00:00,12.0,84.5,D
2006-01,,2006-01-13 12:00:00,5.0,77.0,D
2006-01,,2006-01-14 00:00:00,5.0,76.0,D
2006-01,,2006-01-14 03:00:00,5.0,75.5,DD
2006-01,,2006-01-14 06:00:00,7.0,74.0,DD
2006-01,,2006-01-14 09:00:00,7.0,73.5,DD
2006-01,,2006-01-14 12:00:00,7.0,73.0,D
2006-01,,2006-01-14 15:00:00,7.0,72.5,D
2006-01,,2006-01-14 18:00:00,7.0,72.5,D
2006-01,,2006-01-14 21:00:00,7.0,72.0,D
2006-02,BOB,2006-04-25 03:00:00,9.5,90.5,D
2006-02,BOB,2006-04-25 06:00:00,9.5,90.5,D
2006-02,BOB,2006-04-25 09:00:00,9.5,90.0,DD
2006-02,BOB,2006-04-25 12:00:00,10.0,89.5,CS
2006-02,BOB,2006-04-25 15:00:00,10.0,89.5,CS
2006-02,BOB,2006-04-25 18:00:00,10.0,89.5,CS
2006-02,BOB,2006-04-25 21:00:00,10.0,89.5,CS
2006-02,BOB,2006-04-26 00:00:00,10.5,89.0,CS
2006-02,BOB,2006-04-26 03:00:00,10.5,89.0,CS
2006-02,BOB,2006-04-26 06:00:00,11.0,89.0,CS
2006-02,BOB,2006-04-26 09:00:00,11.0,89.5,CS
2006-02,BOB,2006-04-26 12:00:00,11.5,90.0,CS
2006-02,BOB,2006-04-26 15:00:00,12.0,90.5,CS
2006-02,BOB,2006-04-26 18:00:00,12.0,90.5,CS
2006-02,BOB,2006-04-26 21:00:00,12.0,90.5,CS
2006-02,BOB,2006-04-27 00:00:00,12.0,90.5,CS
2006-02,BOB,2006-04-27 03:00:00,12.5,90.5,SCS
2006-02,BOB,2006-04-27 06:00:00,12.5,90.5,SCS
2006-02,BOB,2006-04-27 09:00:00,12.5,90.5,SCS
2006-02,BOB,2006-04-27 12:00:00,13.0,90.5,VSCS
2006-02,BOB,2006-04-27 15:00:00,13.0,90.5,VSCS
2006-02,BOB,2006-04-27 18:00:00,13.0,90.5,VSCS
2006-02,BOB,2006-04-27 21:00:00,13.5,90.5,VSCS
2006-02,BOB,2006-04-28 00:00:00,14.0,91.0,VSCS
2006-02,BOB,2006-04-28 03:00:00,14.5,91.5,VSCS
2006-02,BOB,2006-04-28 06:00:00,15.0,92.0,ESCS
2006-02,BOB,2006-04-28 09:00:00,15.3,92.3,ESCS
2006-02,BOB,2006-04-28 12:00:00,15.5,92.5,ESCS
2006-02,BOB,2006-04-28 15:00:00,16.0,93.0,ESCS
2006-02,BOB,2006-04-28 18:00:00,16.0,93.0,ESCS
2006-02,BOB,2006-04-28 21:00:00,16.5,93.5,ESCS
2006-02,BOB,2006-04-29 00:00:00,16.5,93.5,ESCS
2006-02,BOB,2006-04-29 03:00:00,17.0,94.0,ESCS
2006-02,BOB,2006-04-29 06:00:00,17.5,94.5,ESCS
2006-02,BOB,2006-04-29 09:00:00,18.0,95.0,SCS
2006-02,BOB,2006-04-29 12:00:00,18.5,95.5,SCS
2006-02,BOB,2006-04-29 15:00:00,18.5,95.5,SCS
2006-02,BOB,2006-04-29 18:00:00,19.0,96.0,CS
2006-03,BOB,2006-07-02 00:00:00,20.0,89.5,D
2006-03,BOB,2006-07-02 03:00:00,20.5,89.0,DD
2006-03,BOB,2006-07-02 06:00:00,20.5,89.0,DD
2006-03,BOB,2006-07-02 09:00:00,20.5,88.5,DD
2006-03,BOB,2006-07-02 12:00:00,20.5,88.0,DD
2006-03,BOB,2006-07-02 15:00:00,20.5,87.0,DD
2006-03,BOB,2006-07-02 18:00:00,20.5,86.0,DD
2006-03,BOB,2006-07-02 21:00:00,20.5,86.0,DD
2006-03,BOB,2006-07-03 00:00:00,20.5,85.5,DD
2006-03,BOB,2006-07-03 03:00:00,20.5,85.5,DD
2006-03,BOB,2006-07-03 06:00:00,20.5,85.5,DD
2006-03,BOB,2006-07-03 09:00:00,21.0,84.5,DD
2006-03,BOB,2006-07-03 12:00:00,21.0,84.0,DD
2006-03,BOB,2006-07-03 15:00:00,21.0,83.5,DD
2006-03,BOB,2006-07-03 18:00:00,21.0,83.0,DD
2006-03,BOB,2006-07-03 21:00:00,21.0,82.5,DD
2006-03,BOB,2006-07-04 00:00:00,21.0,82.0,DD
2006-03,BOB,2006-07-04 03:00:00,21.5,81.5,DD
2006-03,BOB,2006-07-04 06:00:00,21.5,81.0,DD
2006-03,BOB,2006-07-04 09:00:00,21.5,80.0,D
2006-03,BOB,2006-07-04 12:00:00,21.5,79.5,D
2006-03,BOB,2006-07-04 15:00:00,21.5,79.0,D
2006-03,BOB,2006-07-04 18:00:00,21.5,78.5,D
2006-03,BOB,2006-07-04 21:00:00,21.5,78.0,D
2006-03,BOB,2006-07-05 00:00:00,21.5,78.0,D
2006-03,BOB,2006-07-05 03:00:00,22.0,77.5,D
2006-03,BOB,2006-07-05 06:00:00,22.0,77.5,D
2006-04,BOB,2006-08-02 03:00:00,20.5,87.5,D
2006-04,BOB,2006-08-02 06:00:00,20.5,87.5,D
2006-04,BOB,2006-08-02 09:00:00,20.0,87.0,DD
2006-04,BOB,2006-08-02 12:00:00,20.0,86.5,DD
2006-04,BOB,2006-08-02 15:00:00,20.0,86.5,DD
2006-04,BOB,2006-08-02 18:00:00,20.0,86.0,DD
2006-04,BOB,2006-08-02 21:00:00,20.0,85.5,DD
2006-04,BOB,2006-08-03 03:00:00,19.5,85.0,DD
2006-04,BOB,2006-08-03 06:00:00,19.5,85.0,DD
2006-04,BOB,2006-08-03 09:00:00,19.5,84.5,DD
2006-04,BOB,2006-08-03 12:00:00,19.5,84.0,DD
2006-04,BOB,2006-08-03 15:00:00,19.5,84.0,DD
2006-04,BOB,2006-08-03 18:00:00,19.5,83.5,DD
2006-04,BOB,2006-08-03 21:00:00,19.5,83.0,DD
2006-04,BOB,2006-08-04 00:00:00,19.5,83.0,DD
2006-04,BOB,2006-08-04 03:00:00,20.0,82.5,DD
2006-04,BOB,2006-08-04 06:00:00,20.0,82.5,DD
2006-04,BOB,2006-08-04 09:00:00,20.5,82.0,D
2006-04,BOB,2006-08-04 12:00:00,21.0,81.0,D
2006-04,BOB,2006-08-04 15:00:00,21.0,81.0,D
2006-04,BOB,2006-08-04 18:00:00,21.0,81.0,D
2006-04,BOB,2006-08-04 21:00:00,21.0,81.0,D
2006-04,BOB,2006-08-05 00:00:00,21.0,80.5,D
2006-04,BOB,2006-08-05 03:00:00,21.0,80.0,D
2006-04,BOB,2006-08-05 06:00:00,21.0,79.5,D
2006-04,BOB,2006-08-05 09:00:00,21.0,79.5,D
2006-05,BOB,2006-08-12 03:00:00,21.0,88.0,D
2006-05,BOB,2006-08-12 06:00:00,21.0,88.0,D
2006-05,BOB,2006-08-12 09:00:00,21.0,87.5,D
2006-05,BOB,2006-08-12 12:00:00,21.0,87.5,D
2006-05,BOB,2006-08-12 15:00:00,22.0,86.5,D
2006-05,BOB,2006-08-12 18:00:00,22.0,85.0,D
2006-05,BOB,2006-08-12 21:00:00,22.0,83.5,D
2006-05,BOB,2006-08-13 00:00:00,22.0,82.5,D
2006-06,BOB,2006-08-16 03:00:00,20.5,88.0,D
2006-06,BOB,2006-08-16 06:00:00,20.5,87.5,D
2006-06,BOB,2006-08-16 09:00:00,20.5,87.5,D
2006-06,BOB,2006-08-16 12:00:00,20.5,87.0,D
2006-06,BOB,2006-08-16 15:00:00,20.5,86.5,D
2006-06,BOB,2006-08-16 18:00:00,20.5,86.0,D
2006-06,BOB,2006-08-16 21:00:00,21.0,85.0,D
2006-06,BOB,2006-08-17 00:00:00,21.5,84.5,D
2006-06,BOB,2006-08-17 03:00:00,22.0,83.5,D
2006-06,BOB,2006-08-17 06:00:00,22.0,83.5,D
2006-06,BOB,2006-08-17 09:00:00,22.5,83.0,D
2006-06,BOB,2006-08-17 12:00:00,22.5,81.0,D
2006-06,BOB,2006-08-17 15:00:00,22.5,81.0,D
2006-06,BOB,2006-08-17 18:00:00,22.5,80.5,D
2006-06,BOB,2006-08-17 21:00:00,22.5,80.0,D
2006-06,BOB,2006-08-18 00:00:00,22.5,79.0,D
2006-06,BOB,2006-08-18 03:00:00,23.0,78.0,D
2006-06,BOB,2006-08-18 06:00:00,23.0,77.5,D
2006-06,BOB,2006-08-18 09:00:00,23.5,77.0,D
2006-07,BOB,2006-08-29 03:00:00,20.5,87.5,D
2006-07,BOB,2006-08-29 06:00:00,20.5,86.5,D
2006-07,BOB,2006-08-29 09:00:00,21.0,85.0,D
2006-07,BOB,2006-08-29 12:00:00,21.0,84.5,D
2006-07,BOB,2006-08-29 15:00:00,21.0,84.5,D
2006-07,BOB,2006-08-29 18:00:00,21.0,84.0,D
2006-07,BOB,2006-08-29 21:00:00,21.0,83.5,D
2006-07,BOB,2006-08-30 00:00:00,21.0,83.0,D
2006-07,BOB,2006-08-30 03:00:00,22.0,83.0,D
2006-07,BOB,2006-08-30 06:00:00,22.5,82.5,D
2006-07,BOB,2006-08-30 09:00:00,22.5,81.5,D
2006-07,BOB,2006-08-30 12:00:00,22.5,81.0,D
2006-07,BOB,2006-08-30 15:00:00,22.5,81.0,D
2006-07,BOB,2006-08-30 18:00:00,22.5,81.0,D
2006-07,BOB,2006-08-30 21:00:00,22.5,80.5,D
2006-07,BOB,2006-08-31 00:00:00,23.0,80.0,D
2006-07,BOB,2006-08-31 03:00:00,23.5,79.0,D
2006-07,BOB,2006-08-31 06:00:00,24.0,78.0,D
2006-07,BOB,2006-08-31 09:00:00,24.0,78.0,D
2006-07,BOB,2006-08-31 12:00:00,24.0,78.0,D
2006-07,BOB,2006-08-31 15:00:00,24.0,78.0,D
2006-07,BOB,2006-08-31 18:00:00,24.5,77.5,D
2006-07,BOB,2006-08-31 21:00:00,25.0,77.0,D
2006-07,BOB,2006-09-01 00:00:00,25.5,77.0,D
2006-07,BOB,2006-09-01 03:00:00,26.0,76.5,D
2006-07,BOB,2006-09-01 06:00:00,26.0,76.5,D
2006-08,BOB,2006-09-03 03:00:00,20.0,90.0,D
2006-08,BOB,2006-09-03 06:00:00,20.5,89.5,D
2006-08,BOB,2006-09-03 09:00:00,20.6,89.0,D
2006-08,BOB,2006-09-03 12:00:00,20.5,88.5,D
2006-08,BOB,2006-09-03 15:00:00,20.5,88.0,D
2006-08,BOB,2006-09-03 18:00:00,20.5,87.5,D
2006-08,BOB,2006-09-03 21:00:00,20.5,87.5,D
2006-08,BOB,2006-09-04 00:00:00,21.0,87.0,D
2006-08,BOB,2006-09-04 03:00:00,21.0,86.5,D
2006-08,BOB,2006-09-04 06:00:00,21.5,85.5,D
2006-08,BOB,2006-09-04 09:00:00,21.5,85.0,D
2006-08,BOB,2006-09-04 12:00:00,22.0,84.5,D
2006-08,BOB,2006-09-04 15:00:00,22.0,84.5,D
2006-08,BOB,2006-09-04 18:00:00,22.0,84.5,D
2006-08,BOB,2006-09-04 21:00:00,22.0,84.5,D
2006-09,LAND,2006-09-21 03:00:00,23.0,86.5,D
2006-09,LAND,2006-09-21 06:00:00,23.0,86.5,D
2006-09,LAND,2006-09-21 09:00:00,23.0,86.5,D
2006-09,LAND,2006-09-21 12:00:00,23.0,86.5,D
2006-09,LAND,2006-09-21 15:00:00,23.0,86.5,D
2006-09,LAND,2006-09-21 18:00:00,23.0,86.5,D
2006-09,LAND,2006-09-21 21:00:00,23.0,86.5,D
2006-09,LAND,2006-09-22 00:00:00,23.5,86.0,D
2006-09,LAND,2006-09-22 03:00:00,23.5,86.0,D
2006-09,LAND,2006-09-22 06:00:00,23.5,86.0,D
2006-09,LAND,2006-09-22 09:00:00,23.5,86.0,D
2006-09,LAND,2006-09-22 12:00:00,23.5,86.0,D
2006-09,LAND,2006-09-22 15:00:00,23.5,86.0,D
2006-09,LAND,2006-09-22 18:00:00,23.5,86.0,D
2006-09,LAND,2006-09-22 21:00:00,23.5,86.0,D
2006-09,LAND,2006-09-23 00:00:00,23.5,86.0,D
2006-09,LAND,2006-09-23 03:00:00,23.5,85.5,D
2006-09,LAND,2006-09-23 06:00:00,23.5,85.5,D
2006-09,LAND,2006-09-23 09:00:00,23.5,85.5,D
2006-09,LAND,2006-09-23 12:00:00,23.5,85.5,D
2006-09,LAND,2006-09-23 15:00:00,23.5,85.5,D
2006-09,LAND,2006-09-23 18:00:00,23.5,85.5,D
2006-09,LAND,2006-09-23 21:00:00,23.5,85.5,D
2006-09,LAND,2006-09-24 00:00:00,23.5,85.5,D
2006-10,LAND,2006-09-21 03:00:00,19.5,66.0,D
2006-10,LAND,2006-09-21 06:00:00,19.5,66.0,DD
2006-10,LAND,2006-09-21 09:00:00,19.5,66.0,DD
2006-10,LAND,2006-09-21 12:00:00,19.5,66.0,DD
2006-10,LAND,2006-09-21 15:00:00,19.5,66.0,DD
2006-10,LAND,2006-09-21 18:00:00,19.5,66.0,DD
2006-10,LAND,2006-09-21 21:00:00,19.5,66.0,DD
2006-10,LAND,2006-09-22 00:00:00,20.0,66.0,CS
2006-10,LAND,2006-09-22 03:00:00,20.0,66.0,CS
2006-10,LAND,2006-09-22 06:00:00,20.0,66.0,CS
2006-10,LAND,2006-09-22 09:00:00,20.0,66.0,CS
2006-10,LAND,2006-09-22 12:00:00,20.5,66.5,SCS
2006-10,LAND,2006-09-22 15:00:00,20.5,66.5,SCS
2006-10,LAND,2006-09-22 18:00:00,20.5,66.5,SCS
2006-10,LAND,2006-09-22 21:00:00,20.5,66.5,SCS
2006-10,LAND,2006-09-23 00:00:00,21.0,67.0,SCS
2006-10,LAND,2006-09-23 03:00:00,21.0,67.0,SCS
2006-10,LAND,2006-09-23 06:00:00,21.0,67.0,SCS
2006-10,LAND,2006-09-23 09:00:00,21.0,67.0,SCS
2006-10,LAND,2006-09-23 12:00:00,21.0,67.0,SCS
2006-10,LAND,2006-09-23 15:00:00,21.0,67.0,SCS
2006-10,LAND,2006-09-23 18:00:00,21.0,67.0,SCS
2006-10,LAND,2006-09-23 21:00:00,21.0,67.0,CS
2006-10,LAND,2006-09-24 00:00:00,21.0,67.0,CS
2006-10,LAND,2006-09-24 03:00:00,21.0,67.0,CS
2006-10,LAND,2006-09-24 06:00:00,21.0,67.0,DD
2006-10,LAND,2006-09-24 09:00:00,21.0,67.0,DD
2006-10,LAND,2006-09-24 12:00:00,21.0,67.0,D
2006-11,BOB,2006-09-28 09:00:00,18.0,89.0,D
2006-11,BOB,2006-09-28 12:00:00,18.5,88.5,D
2006-11,BOB,2006-09-28 15:00:00,18.5,88.0,D
2006-11,BOB,2006-09-28 18:00:00,18.5,87.5,D
2006-11,BOB,2006-09-28 21:00:00,19.0,87.0,D
2006-11,BOB,2006-09-29 00:00:00,19.0,86.5,D
2006-11,BOB,2006-09-29 03:00:00,19.0,86.0,D
2006-11,BOB,2006-09-29 06:00:00,19.0,85.5,D
2006-11,BOB,2006-09-29 09:00:00,19.0,85.0,D
2006-11,BOB,2006-09-29 12:00:00,19.0,84.5,D
2006-11,BOB,2006-09-29 15:00:00,19.0,84.5,D
2006-11,BOB,2006-09-29 18:00:00,19.0,84.5,D
2006-11,BOB,2006-09-29 21:00:00,19.0,84.0,D
2006-11,BOB,2006-09-30 00:00:00,19.5,83.5,D
2006-12,BOB,2006-10-29 00:00:00,14.0,80.5,D
2006-12,BOB,2006-10-29 03:00:00,14.5,80.5,D
2006-12,BOB,2006-10-29 06:00:00,14.5,80.5,D
2006-12,BOB,2006-10-29 09:00:00,15.0,80.5,DD
2006-12,BOB,2006-10-29 12:00:00,15.0,80.5,CS
2006-12,BOB,2006-10-29 15:00:00,15.0,80.5,CS
2006-12,BOB,2006-10-29 18:00:00,15.5,80.5,CS
2006-12,BOB,2006-10-29 21:00:00,15.5,80.5,CS
2006-12,BOB,2006-10-30 00:00:00,15.5,80.5,CS
2006-12,BOB,2006-10-30 03:00:00,15.6,80.3,CS
2006-12,BOB,2006-10-30 06:00:00,15.7,80.3,DD
2006-12,BOB,2006-10-30 09:00:00,15.8,80.3,D
2007-01,BOB,2007-05-03 12:00:00,13.5,93.0,D
2007-01,BOB,2007-05-03 15:00:00,13.5,93.0,D
2007-01,BOB,2007-05-03 18:00:00,13.5,93.5,D
2007-01,BOB,2007-05-03 21:00:00,14.0,93.5,D
2007-01,BOB,2007-05-04 00:00:00,14.0,93.5,D
2007-01,BOB,2007-05-04 03:00:00,14.5,93.5,D
2007-01,BOB,2007-05-04 06:00:00,15.0,93.5,D
2007-01,BOB,2007-05-04 09:00:00,15.0,93.5,D
2007-01,BOB,2007-05-04 12:00:00,15.5,93.5,D
2007-01,BOB,2007-05-04 15:00:00,15.5,93.5,D
2007-01,BOB,2007-05-04 18:00:00,15.5,93.5,D
2007-01,BOB,2007-05-04 21:00:00,16.0,94.0,D
2007-02,BOB,2007-05-13 03:00:00,15.0,90.5,D
2007-02,BOB,2007-05-13 06:00:00,15.0,90.5,D
2007-02,BOB,2007-05-13 09:00:00,15.0,90.5,D
2007-02,BOB,2007-05-13 12:00:00,15.5,90.5,D
2007-02,BOB,2007-05-13 15:00:00,15.5,90.5,D
2007-02,BOB,2007-05-13 18:00:00,15.5,90.5,D
2007-02,BOB,2007-05-13 21:00:00,16.0,90.5,DD
2007-02,BOB,2007-05-14 00:00:00,16.0,90.5,DD
2007-02,BOB,2007-05-14 03:00:00,16.5,91.0,CS
2007-02,BOB,2007-05-14 06:00:00,17.0,91.0,CS
2007-02,BOB,2007-05-14 09:00:00,18.0,91.5,CS
2007-02,BOB,2007-05-14 12:00:00,19.0,91.5,CS
2007-02,BOB,2007-05-14 15:00:00,19.5,91.5,CS
2007-02,BOB,2007-05-14 18:00:00,20.0,92.0,CS
2007-02,BOB,2007-05-14 21:00:00,21.0,92.0,CS
2007-03,BOB,2007-06-01 18:00:00,15.0,68.0,D
2007-03,BOB,2007-06-01 21:00:00,15.0,68.0,D
2007-03,BOB,2007-06-02 00:00:00,15.0,68.0,D
2007-03,BOB,2007-06-02 03:00:00,15.0,67.5,DD
2007-03,BOB,2007-06-02 09:00:00,15.0,67.0,CS
2007-03,BOB,2007-06-02 12:00:00,15.0,67.0,CS
2007-03,BOB,2007-06-02 15:00:00,15.0,67.0,CS
2007-03,BOB,2007-06-02 18:00:00,15.0,67.0,CS
2007-03,BOB,2007-06-02 21:00:00,15.0,66.5,CS
2007-03,BOB,2007-06-03 00:00:00,15.5,66.5,SCS
2007-03,BOB,2007-06-03 03:00:00,15.5,66.5,SCS
2007-03,BOB,2007-06-03 06:00:00,16.0,66.5,SCS
2007-03,BOB,2007-06-03 09:00:00,16.5,66.5,SCS
2007-03,BOB,2007-06-03 12:00:00,17.5,66.5,SCS
2007-03,BOB,2007-06-03 15:00:00,17.5,66.5,SCS
2007-03,BOB,2007-06-03 18:00:00,18.0,66.0,VSCS
2007-03,BOB,2007-06-03 21:00:00,18.0,66.0,VSCS
2007-03,BOB,2007-06-04 00:00:00,18.5,65.0,VSCS
2007-03,BOB,2007-06-04 03:00:00,18.5,65.0,ESCS
2007-03,BOB,2007-06-04 06:00:00,19.0,64.5,ESCS
2007-03,BOB,2007-06-04 09:00:00,19.5,64.52,ESCS
2007-03,BOB,2007-06-04 12:00:00,20.0,64.0,ESCS
2007-03,BOB,2007-06-04 15:00:00,20.0,64.0,SUCS
2007-03,BOB,2007-06-04 18:00:00,20.5,63.5,SUCS
2007-03,BOB,2007-06-04 21:00:00,20.5,63.5,ESCS
2007-03,BOB,2007-06-05 00:00:00,20.5,63.0,ESCS
2007-03,BOB,2007-06-05 03:00:00,21.0,62.0,ESCS
2007-03,BOB,2007-06-05 06:00:00,21.5,61.5,ESCS
2007-03,BOB,2007-06-05 09:00:00,21.5,61.0,ESCS
2007-03,BOB,2007-06-05 12:00:00,21.5,61.0,ESCS
2007-03,BOB,2007-06-05 15:00:00,22.0,61.0,VSCS
2007-03,BOB,2007-06-05 18:00:00,22.0,60.5,VSCS
2007-03,BOB,2007-06-05 21:00:00,22.5,60.5,VSCS
2007-03,BOB,2007-06-06 00:00:00,22.5,59.5,VSCS
2007-03,BOB,2007-06-06 03:00:00,23.0,59.0,VSCS
2007-03,BOB,2007-06-06 06:00:00,23.5,59.5,VSCS
2007-03,BOB,2007-06-06 09:00:00,23.5,59.5,VSCS
2007-03,BOB,2007-06-06 12:00:00,24.0,59.0,VSCS
2007-03,BOB,2007-06-06 15:00:00,24.0,59.0,VSCS
2007-03,BOB,2007-06-06 18:00:00,24.5,59.0,VSCS
2007-03,BOB,2007-06-06 21:00:00,25.0,59.0,SCS
2007-03,BOB,2007-06-07 00:00:00,25.0,59.0,CS
2007-03,BOB,2007-06-07 03:00:00,25.5,58.5,CS
2007-04,BOB,2007-06-21 03:00:00,15.5,86.0,D
2007-04,BOB,2007-06-21 06:00:00,15.5,85.0,D
2007-04,BOB,2007-06-21 09:00:00,16.0,84.5,D
2007-04,BOB,2007-06-21 12:00:00,16.0,84.0,DD
2007-04,BOB,2007-06-21 15:00:00,16.0,83.5,DD
2007-04,BOB,2007-06-21 18:00:00,16.0,83.0,DD
2007-04,BOB,2007-06-21 21:00:00,16.5,82.5,DD
2007-04,BOB,2007-06-22 00:00:00,16.5,82.0,DD
2007-04,BOB,2007-06-22 03:00:00,16.5,81.0,DD
2007-04,BOB,2007-06-22 06:00:00,16.5,80.0,DD
2007-04,BOB,2007-06-22 09:00:00,16.5,79.0,DD
2007-04,BOB,2007-06-22 12:00:00,17.0,78.5,DD
2007-04,BOB,2007-06-22 15:00:00,17.0,78.0,DD
2007-04,BOB,2007-06-22 18:00:00,17.0,77.5,DD
2007-04,BOB,2007-06-22 21:00:00,17.5,77.0,DD
2007-04,BOB,2007-06-23 00:00:00,17.5,77.0,DD
2007-04,BOB,2007-06-23 03:00:00,18.0,76.0,D
2007-04,BOB,2007-06-23 06:00:00,18.5,75.0,D
2007-04,BOB,2007-06-23 09:00:00,19.0,74.0,D
2007-05,BOB,2007-06-25 03:00:00,23.5,67.5,D
2007-05,BOB,2007-06-25 06:00:00,23.5,67.5,D
2007-05,BOB,2007-06-25 09:00:00,23.5,67.0,D
2007-05,BOB,2007-06-25 12:00:00,23.5,66.5,DD
2007-05,BOB,2007-06-25 15:00:00,23.5,66.5,DD
2007-05,BOB,2007-06-25 18:00:00,23.5,66.0,DD
2007-05,BOB,2007-06-25 21:00:00,23.5,66.0,CS
2007-05,BOB,2007-06-26 00:00:00,24.0,65.0,CS
2007-06,BOB,2007-06-28 00:00:00,18.5,87.0,D
2007-06,BOB,2007-06-28 03:00:00,18.5,87.0,DD
2007-06,BOB,2007-06-28 06:00:00,18.5,87.0,DD
2007-06,BOB,2007-06-28 09:00:00,19.0,86.5,DD
2007-06,BOB,2007-06-28 12:00:00,19.0,86.0,DD
2007-06,BOB,2007-06-28 15:00:00,19.0,86.0,DD
2007-06,BOB,2007-06-28 18:00:00,19.0,86.0,DD
2007-06,BOB,2007-06-28 21:00:00,19.5,86.0,DD
2007-06,BOB,2007-06-29 00:00:00,19.5,86.0,DD
2007-06,BOB,2007-06-29 03:00:00,20.0,86.0,DD
2007-06,BOB,2007-06-29 06:00:00,20.5,85.5,DD
2007-06,BOB,2007-06-29 09:00:00,20.5,85.0,DD
2007-06,BOB,2007-06-29 12:00:00,20.5,84.5,DD
2007-06,BOB,2007-06-29 15:00:00,20.5,84.0,DD
2007-06,BOB,2007-06-29 18:00:00,20.5,83.0,DD
2007-06,BOB,2007-06-29 21:00:00,21.0,82.0,DD
2007-06,BOB,2007-06-30 00:00:00,21.5,81.5,DD
2007-06,BOB,2007-06-30 03:00:00,22.0,81.0,D
2007-06,BOB,2007-06-30 06:00:00,22.0,81.0,D
2007-06,BOB,2007-06-30 09:00:00,22.5,81.0,D
2007-06,BOB,2007-06-30 12:00:00,22.5,80.5,D
2007-07,BOB,2007-07-04 03:00:00,22.0,89.5,D
2007-07,BOB,2007-07-04 06:00:00,22.0,89.5,D
2007-07,BOB,2007-07-04 09:00:00,22.0,89.5,D
2007-07,BOB,2007-07-04 12:00:00,23.0,89.5,D
2007-07,BOB,2007-07-04 15:00:00,23.0,89.5,D
2007-07,BOB,2007-07-04 18:00:00,23.0,89.5,D
2007-07,BOB,2007-07-04 21:00:00,23.0,89.5,D
2007-07,BOB,2007-05-07 00:00:00,23.0,89.5,D
2007-07,BOB,2007-05-07 03:00:00,23.0,88.0,D
2007-07,BOB,2007-05-07 06:00:00,23.0,88.0,D
2007-07,BOB,2007-05-07 09:00:00,23.0,88.0,D
2007-07,BOB,2007-05-07 12:00:00,23.0,88.0,DD
2007-07,BOB,2007-05-07 15:00:00,23.0,88.0,DD
2007-07,BOB,2007-05-07 18:00:00,23.0,88.0,DD
2007-07,BOB,2007-05-07 21:00:00,23.0,88.0,DD
2007-07,BOB,2007-06-07 00:00:00,23.0,88.0,DD
2007-07,BOB,2007-06-07 03:00:00,23.0,87.0,DD
2007-07,BOB,2007-06-07 06:00:00,23.0,87.0,DD
2007-07,BOB,2007-06-07 09:00:00,23.0,87.0,DD
2007-07,BOB,2007-06-07 12:00:00,23.0,86.0,DD
2007-07,BOB,2007-06-07 15:00:00,23.0,86.0,DD
2007-07,BOB,2007-06-07 18:00:00,23.0,86.0,DD
2007-07,BOB,2007-06-07 21:00:00,23.0,86.0,DD
2007-07,BOB,2007-07-07 00:00:00,23.0,86.0,DD
2007-07,BOB,2007-07-07 03:00:00,23.5,83.5,D
2007-07,BOB,2007-07-07 06:00:00,23.5,83.5,D
2007-07,BOB,2007-07-07 09:00:00,23.5,83.5,D
2007-07,BOB,2007-07-07 12:00:00,23.5,82.0,D
2007-07,BOB,2007-07-07 15:00:00,23.5,82.0,D
2007-07,BOB,2007-07-07 18:00:00,23.5,82.0,D
2007-07,BOB,2007-07-07 21:00:00,23.5,82.0,D
2007-07,BOB,2007-08-07 00:00:00,23.5,82.0,D
2007-07,BOB,2007-08-07 03:00:00,23.5,79.0,D
2007-07,BOB,2007-08-07 06:00:00,23.5,79.0,D
2007-07,BOB,2007-08-07 09:00:00,23.5,79.0,D
2007-07,BOB,2007-08-07 12:00:00,24.0,78.0,D
2007-07,BOB,2007-08-07 15:00:00,24.0,78.0,D
2007-07,BOB,2007-08-07 18:00:00,24.0,78.0,D
2007-07,BOB,2007-08-07 21:00:00,24.0,78.0,D
2007-07,BOB,2007-09-07 00:00:00,24.0,78.0,D
2007-07,BOB,2007-09-07 03:00:00,25.0,78.0,D
2007-07,BOB,2007-09-07 06:00:00,25.0,78.0,D
2007-07,BOB,2007-09-07 09:00:00,25.0,78.0,D
2007-08,BOB,2007-05-08 00:00:00,20.0,88.5,D
2007-08,BOB,2007-05-08 03:00:00,20.0,88.5,D
2007-08,BOB,2007-05-08 06:00:00,20.0,88.5,D
2007-08,BOB,2007-05-08 09:00:00,20.0,88.5,D
2007-08,BOB,2007-05-08 12:00:00,20.0,88.0,D
2007-08,BOB,2007-05-08 15:00:00,20.0,88.5,D
2007-08,BOB,2007-05-08 18:00:00,20.0,87.5,DD
2007-08,BOB,2007-05-08 21:00:00,20.5,87.5,DD
2007-08,BOB,2007-06-08 00:00:00,20.5,87.0,DD
2007-08,BOB,2007-06-08 03:00:00,20.5,86.0,DD
2007-08,BOB,2007-06-08 06:00:00,20.5,85.0,DD
2007-08,BOB,2007-06-08 09:00:00,20.5,84.5,DD
2007-08,BOB,2007-06-08 12:00:00,20.5,84.5,DD
2007-08,BOB,2007-06-08 15:00:00,20.5,84.5,DD
2007-08,BOB,2007-06-08 18:00:00,20.5,84.0,DD
2007-08,BOB,2007-06-08 21:00:00,20.5,83.0,DD
2007-08,BOB,2007-07-08 00:00:00,21.0,82.5,DD
2007-08,BOB,2007-07-08 03:00:00,21.0,82.0,D
2007-08,BOB,2007-07-08 06:00:00,22.0,81.0,D
2007-08,BOB,2007-07-08 09:00:00,22.5,80.5,D
2007-11,BOB,2007-10-27 18:00:00,10.5,66.5,D
2007-11,BOB,2007-10-27 21:00:00,10.5,66.5,D
2007-11,BOB,2007-10-28 00:00:00,10.5,66.5,D
2007-11,BOB,2007-10-28 03:00:00,10.5,66.5,DD
2007-11,BOB,2007-10-28 09:00:00,11.5,66.0,DD
2007-11,BOB,2007-10-28 12:00:00,11.5,66.0,DD
2007-11,BOB,2007-10-28 15:00:00,11.5,66.0,DD
2007-11,BOB,2007-10-28 18:00:00,11.5,66.0,DD
2007-11,BOB,2007-10-28 21:00:00,11.5,66.0,DD
2007-11,BOB,2007-10-29 00:00:00,11.5,65.5,DD
2007-11,BOB,2007-10-29 03:00:00,11.5,65.5,DD
2007-11,BOB,2007-10-29 06:00:00,11.5,65.5,DD
2007-11,BOB,2007-10-29 09:00:00,11.5,65.5,DD
2007-11,BOB,2007-10-29 12:00:00,11.5,65.5,DD
2007-11,BOB,2007-10-29 15:00:00,11.5,65.5,DD
2007-11,BOB,2007-10-29 18:00:00,11.5,65.5,DD
2007-11,BOB,2007-10-29 21:00:00,11.5,65.5,DD
2007-11,BOB,2007-10-30 00:00:00,11.5,65.5,DD
2007-11,BOB,2007-10-30 03:00:00,11.5,65.5,DD
2007-11,BOB,2007-10-30 06:00:00,11.5,65.5,DD
2007-11,BOB,2007-10-30 09:00:00,11.5,65.5,DD
2007-11,BOB,2007-10-30 12:00:00,11.5,65.0,DD
2007-11,BOB,2007-10-30 15:00:00,11.5,64.5,DD
2007-11,BOB,2007-10-30 18:00:00,11.5,64.5,DD
2007-11,BOB,2007-10-30 21:00:00,11.5,64.5,DD
2007-11,BOB,2007-10-31 00:00:00,11.5,64.5,DD
2007-11,BOB,2007-10-31 03:00:00,11.5,64.0,DD
2007-11,BOB,2007-10-31 06:00:00,11.5,64.0,DD
2007-11,BOB,2007-10-31 09:00:00,11.5,63.5,DD
2007-11,BOB,2007-10-31 12:00:00,12.0,63.0,DD
2007-11,BOB,2007-10-31 15:00:00,12.0,63.0,DD
2007-11,BOB,2007-10-31 18:00:00,12.5,62.5,DD
2007-11,BOB,2007-10-31 21:00:00,12.0,62.0,DD
2007-11,BOB,2007-01-11 00:00:00,13.5,61.5,DD
2007-11,BOB,2007-01-11 03:00:00,14.0,60.5,DD
2007-11,BOB,2007-01-11 06:00:00,14.0,60.0,DD
2007-11,BOB,2007-01-11 09:00:00,14.0,59.5,DD
2007-11,BOB,2007-01-11 12:00:00,14.5,58.5,DD
2007-11,BOB,2007-01-11 15:00:00,14.5,58.0,DD
2007-11,BOB,2007-01-11 18:00:00,14.5,57.5,DD
2007-11,BOB,2007-01-11 21:00:00,14.5,57.0,DD
2007-11,BOB,2007-02-11 00:00:00,14.5,57.0,DD
2007-11,BOB,2007-02-11 03:00:00,14.5,56.5,D
2007-11,BOB,2007-02-11 06:00:00,14.5,56.5,D
2007-11,BOB,2007-02-11 09:00:00,15.0,56.0,D
2007-09,BOB,2007-11-11 09:00:00,10.0,92.0,D
2007-09,BOB,2007-11-11 12:00:00,10.0,92.0,D
2007-09,BOB,2007-11-11 15:00:00,10.0,92.0,D
2007-09,BOB,2007-11-11 18:00:00,10.5,91.5,DD
2007-09,BOB,2007-11-11 21:00:00,10.5,91.5,DD
2007-09,BOB,2007-12-11 00:00:00,10.5,91.5,DD
2007-09,BOB,2007-12-11 03:00:00,10.5,91.0,CS
2007-09,BOB,2007-12-11 06:00:00,11.0,90.5,CS
2007-09,BOB,2007-12-11 09:00:00,11.0,90.5,CS
2007-09,BOB,2007-12-11 12:00:00,11.5,90.0,SCS
2007-09,BOB,2007-12-11 15:00:00,11.5,90.0,SCS
2007-09,BOB,2007-12-11 18:00:00,11.5,90.0,VSCS
2007-09,BOB,2007-12-11 21:00:00,11.5,90.0,VSCS
2007-09,BOB,2007-11-13 00:00:00,12.0,89.5,ESCS
2007-09,BOB,2007-11-13 03:00:00,12.0,89.5,ESCS
2007-09,BOB,2007-11-13 06:00:00,12.0,89.5,ESCS
2007-09,BOB,2007-11-13 09:00:00,13.0,89.5,ESCS
2007-09,BOB,2007-11-13 12:00:00,13.0,89.5,ESCS
2007-09,BOB,2007-11-13 15:00:00,13.0,89.5,ESCS
2007-09,BOB,2007-11-13 18:00:00,13.5,89.5,ESCS
2007-09,BOB,2007-11-13 21:00:00,14.0,89.5,ESCS
2007-09,BOB,2007-11-14 00:00:00,14.5,89.5,ESCS
2007-09,BOB,2007-11-14 03:00:00,14.5,89.5,ESCS
2007-09,BOB,2007-11-14 06:00:00,15.0,89.5,ESCS
2007-09,BOB,2007-11-14 09:00:00,15.5,89.5,ESCS
2007-09,BOB,2007-11-14 12:00:00,16.0,89.0,ESCS
2007-09,BOB,2007-11-14 15:00:00,16.0,89.0,ESCS
2007-09,BOB,2007-11-14 18:00:00,16.5,89.0,ESCS
2007-09,BOB,2007-11-14 21:00:00,17.0,89.0,ESCS
2007-09,BOB,2007-11-15 00:00:00,17.5,89.0,ESCS
2007-09,BOB,2007-11-15 03:00:00,18.0,89.0,ESCS
2007-09,BOB,2007-11-15 06:00:00,19.5,89.0,ESCS
2007-09,BOB,2007-11-15 09:00:00,20.0,89.0,ESCS
2007-09,BOB,2007-11-15 12:00:00,21.0,89.0,ESCS
2007-09,BOB,2007-11-15 15:00:00,21.5,89.5,ESCS
2007-09,BOB,2007-11-15 18:00:00,22.5,90.5,VSCS
2007-09,BOB,2007-11-15 21:00:00,23.5,91.0,CS
2007-09,BOB,2007-11-16 00:00:00,23.5,91.0,CS
2007-09,BOB,2007-11-16 03:00:00,24.5,91.5,D
2008-01,BOB,2008-04-27 03:00:00,12.0,87.0,D
2008-01,BOB,2008-04-27 06:00:00,12.0,87.0,D
2008-01,BOB,2008-04-27 09:00:00,12.0,86.5,D
2008-01,BOB,2008-04-27 12:00:00,12.0,86.5,DD
2008-01,BOB,2008-04-27 15:00:00,12.0,86.5,DD
2008-01,BOB,2008-04-27 18:00:00,12.5,86.0,DD
2008-01,BOB,2008-04-27 21:00:00,13.0,85.5,DD
2008-01,BOB,2008-04-28 00:00:00,13.0,85.5,CS
2008-01,BOB,2008-04-28 03:00:00,13.0,85.5,CS
2008-01,BOB,2008-04-28 06:00:00,13.0,85.5,CS
2008-01,BOB,2008-04-28 09:00:00,13.0,85.5,SCS
2008-01,BOB,2008-04-28 12:00:00,13.0,85.5,SCS
2008-01,BOB,2008-04-28 15:00:00,13.0,85.5,SCS
2008-01,BOB,2008-04-28 18:00:00,13.0,85.5,SCS
2008-01,BOB,2008-04-28 21:00:00,13.0,85.5,SCS
2008-01,BOB,2008-04-29 00:00:00,13.0,85.5,SCS
2008-01,BOB,2008-04-29 03:00:00,13.5,85.5,VSCS
2008-01,BOB,2008-04-29 06:00:00,13.5,85.5,VSCS
2008-01,BOB,2008-04-29 09:00:00,13.5,85.5,VSCS
2008-01,BOB,2008-04-29 12:00:00,14.0,85.5,VSCS
2008-01,BOB,2008-04-29 15:00:00,14.0,85.5,VSCS
2008-01,BOB,2008-04-29 18:00:00,14.0,85.5,VSCS
2008-01,BOB,2008-04-29 21:00:00,14.0,86.0,VSCS
2008-01,BOB,2008-04-30 00:00:00,14.0,86.0,VSCS
2008-01,BOB,2008-04-30 03:00:00,14.5,86.5,VSCS
2008-01,BOB,2008-04-30 06:00:00,14.5,86.5,VSCS
2008-01,BOB,2008-04-30 09:00:00,14.5,87.0,VSCS
2008-01,BOB,2008-04-30 12:00:00,14.5,87.0,VSCS
2008-01,BOB,2008-04-30 15:00:00,15.0,87.5,VSCS
2008-01,BOB,2008-04-30 18:00:00,15.0,87.5,VSCS
2008-01,BOB,2008-04-30 21:00:00,15.0,87.5,VSCS
2008-01,BOB,2008-01-05 00:00:00,15.5,88.0,VSCS
2008-01,BOB,2008-01-05 03:00:00,15.5,89.0,VSCS
2008-01,BOB,2008-01-05 06:00:00,16.0,89.5,VSCS
2008-01,BOB,2008-01-05 09:00:00,16.0,90.0,VSCS
2008-01,BOB,2008-01-05 12:00:00,16.0,90.5,VSCS
2008-01,BOB,2008-01-05 15:00:00,16.0,91.0,VSCS
2008-01,BOB,2008-01-05 18:00:00,16.0,91.5,VSCS
2008-01,BOB,2008-01-05 21:00:00,16.0,92.0,VSCS
2008-01,BOB,2008-02-05 00:00:00,16.0,92.5,VSCS
2008-01,BOB,2008-02-05 03:00:00,16.0,93.0,VSCS
2008-01,BOB,2008-02-05 06:00:00,16.0,93.5,ESCS
2008-01,BOB,2008-02-05 09:00:00,16.0,94.0,ESCS
2008-01,BOB,2008-02-05 12:00:00,16.0,94.3,ESCS
2008-01,BOB,2008-02-05 15:00:00,16.0,95.0,ESCS
2008-01,BOB,2008-02-05 18:00:00,16.5,95.5,VSCS
2008-01,BOB,2008-02-05 21:00:00,16.5,95.5,SCS
2008-01,BOB,2008-03-05 00:00:00,16.5,95.5,SCS
2008-01,BOB,2008-03-05 03:00:00,17.0,96.0,SCS
2008-01,BOB,2008-03-05 06:00:00,17.5,96.5,CS
2008-01,BOB,2008-03-05 09:00:00,18.0,97.0,CS
2008-02,BOB,2008-05-06 00:00:00,15.5,66.0,D
2008-02,BOB,2008-05-06 03:00:00,16.0,66.0,D
2008-02,BOB,2008-05-06 06:00:00,16.5,65.5,D
2008-02,BOB,2008-05-06 09:00:00,17.0,65.0,D
2008-02,BOB,2008-05-06 12:00:00,18.0,64.5,D
2008-02,BOB,2008-05-06 15:00:00,18.5,64.5,D
2008-02,BOB,2008-05-06 18:00:00,19.0,64.0,D
2008-02,BOB,2008-05-06 21:00:00,19.5,63.5,D
2008-02,BOB,2008-06-06 00:00:00,19.5,63.0,D
2008-02,BOB,2008-06-06 03:00:00,19.5,62.0,D
2008-02,BOB,2008-06-06 06:00:00,20.0,62.0,D
2008-02,BOB,2008-06-06 09:00:00,20.0,61.5,D
2008-02,BOB,2008-06-06 12:00:00,20.0,61.5,D
2008-02,BOB,2008-06-06 15:00:00,20.0,61.5,D
2008-02,BOB,2008-06-06 18:00:00,20.0,61.0,D
2008-02,BOB,2008-06-06 21:00:00,20.0,61.0,D
2008-03,BOB,2008-07-06 03:00:00,21.5,90.0,D
2008-03,BOB,2008-07-06 09:00:00,21.5,89.5,D
2008-03,BOB,2008-07-06 12:00:00,22.0,89.5,D
2008-04,BOB,2008-09-08 12:00:00,20.0,86.0,D
2008-04,BOB,2008-10-08 03:00:00,21.5,85.5,D
2008-04,BOB,2008-10-08 09:00:00,22.5,85.2,D
2008-05,BOB,2008-10-08 12:00:00,19.5,88.5,D
2008-05,BOB,2008-10-08 15:00:00,19.5,88.5,D
2008-05,BOB,2008-10-08 18:00:00,19.5,88.0,D
2008-05,BOB,2008-10-08 03:00:00,19.5,88.0,D
2008-05,BOB,2008-10-08 06:00:00,20.0,87.5,DD
2008-05,BOB,2008-10-08 09:00:00,20.5,87.0,DD
2008-05,BOB,2008-10-08 00:00:00,21.0,86.0,DD
2008-06,BOB,2008-10-08 09:00:00,9.0,60.0,D
2008-06,BOB,2008-10-08 12:00:00,9.0,59.5,D
2008-06,BOB,2008-10-08 03:00:00,10.0,57.5,D
2008-07,BOB,2008-10-08 03:00:00,16.5,86.5,D
2008-07,BOB,2008-10-08 09:00:00,17.0,87.0,D
2008-07,BOB,2008-10-08 12:00:00,17.5,87.0,D
2008-07,BOB,2008-10-08 18:00:00,18.0,87.0,D
2008-07,BOB,2008-10-08 00:00:00,18.0,87.0,DD
2008-07,BOB,2008-10-08 15:00:00,20.5,88.5,CS
2008-07,BOB,2008-10-08 21:00:00,21.5,89.5,CS
2008-08,BOB,2008-10-08 12:00:00,11.5,85.5,D
2008-08,BOB,2008-10-08 18:00:00,12.0,85.0,D
2008-08,BOB,2008-10-08 00:00:00,12.0,85.0,D
2008-08,BOB,2008-10-08 03:00:00,12.5,85.0,DD
2008-08,BOB,2008-10-08 06:00:00,13.0,85.0,DD
2008-08,BOB,2008-10-08 09:00:00,13.5,84.5,DD
2008-08,BOB,2008-10-08 15:00:00,14.5,83.5,CS
2008-08,BOB,2008-10-08 21:00:00,14.5,83.0,CS
2008-09,BOB,2008-10-08 09:00:00,8.5,81.0,D
2008-09,BOB,2008-10-08 12:00:00,8.5,81.0,DD
2008-09,BOB,2008-10-08 15:00:00,9.0,81.0,DD
2008-09,BOB,2008-10-08 18:00:00,9.5,80.5,DD
2008-09,BOB,2008-10-08 21:00:00,10.0,80.0,DD
2008-09,BOB,2008-10-08 00:00:00,10.0,80.0,DD
2008-09,BOB,2008-10-08 03:00:00,10.5,80.0,CS
2008-09,BOB,2008-10-08 06:00:00,10.5,80.0,CS
2008-10,BOB,2008-04-12 03:00:00,6.5,90.0,D
2008-10,BOB,2008-04-12 09:00:00,7.0,89.5,D
2008-10,BOB,2008-04-12 12:00:00,7.0,89.5,D
2008-10,BOB,2008-04-12 18:00:00,7.0,89.0,D
2008-10,BOB,2008-05-12 00:00:00,7.5,88.5,DD
2008-10,BOB,2008-05-12 03:00:00,7.5,88.5,DD
2008-10,BOB,2008-05-12 09:00:00,8.0,88.0,DD
2008-10,BOB,2008-05-12 12:00:00,8.5,87.5,DD
2008-10,BOB,2008-05-12 18:00:00,8.5,87.0,DD
2008-10,BOB,2008-06-12 03:00:00,8.5,85.0,DD
2008-10,BOB,2008-06-12 09:00:00,8.5,84.5,DD
2008-10,BOB,2008-06-12 12:00:00,8.5,84.0,DD
2008-10,BOB,2008-06-12 18:00:00,8.5,83.5,DD
2008-10,BOB,2008-07-12 00:00:00,8.5,83.0,D
2008-10,BOB,2008-07-12 03:00:00,8.5,82.5,D
2008-10,BOB,2008-07-12 09:00:00,8.5,82.0,D
2008-10,BOB,2008-07-12 12:00:00,8.5,81.5,D
2009-01,BOB,2009-04-14 09:00:00,12.5,88.0,D
2009-01,BOB,2009-04-14 12:00:00,12.5,88.0,D
2009-01,BOB,2009-04-14 18:00:00,12.5,88.0,D
2009-01,BOB,2009-04-15 00:00:00,13.0,88.0,D
2009-01,BOB,2009-04-15 03:00:00,13.5,87.5,D
2009-01,BOB,2009-04-15 06:00:00,14.0,87.5,DD
2009-01,BOB,2009-04-15 12:00:00,15.0,86.5,CS
2009-01,BOB,2009-04-15 15:00:00,15.5,86.5,CS
2009-01,BOB,2009-04-15 18:00:00,16.0,86.5,CS
2009-01,BOB,2009-04-15 21:00:00,16.0,86.5,CS
2009-01,BOB,2009-04-16 00:00:00,16.5,86.0,CS
2009-01,BOB,2009-04-16 03:00:00,17.0,86.0,CS
2009-01,BOB,2009-04-16 06:00:00,17.5,86.0,CS
2009-01,BOB,2009-04-16 09:00:00,18.0,86.0,CS
2009-01,BOB,2009-04-16 12:00:00,18.5,86.5,CS
2009-01,BOB,2009-04-16 15:00:00,18.5,86.5,CS
2009-01,BOB,2009-04-16 18:00:00,19.5,87.0,CS
2009-01,BOB,2009-04-16 21:00:00,20.0,87.5,CS
2009-01,BOB,2009-04-17 00:00:00,20.5,88.0,CS
2009-01,BOB,2009-04-17 03:00:00,20.5,88.5,CS
2009-01,BOB,2009-04-17 06:00:00,21.0,89.0,CS
2009-01,BOB,2009-04-17 09:00:00,21.5,89.5,DD
2009-01,BOB,2009-04-17 12:00:00,21.5,90.0,D
2009-01,BOB,2009-04-17 15:00:00,22.0,91.5,D
2009-02,BOB,2009-05-23 06:00:00,16.5,88.0,D
2009-02,BOB,2009-05-23 12:00:00,16.5,88.0,D
2009-02,BOB,2009-05-23 18:00:00,17.0,88.5,D
2009-02,BOB,2009-05-24 00:00:00,17.0,88.5,D
2009-02,BOB,2009-05-24 03:00:00,18.0,88.5,DD
2009-02,BOB,2009-05-24 06:00:00,18.0,88.5,DD
2009-02,BOB,2009-05-24 09:00:00,18.0,88.5,DD
2009-02,BOB,2009-05-24 12:00:00,18.5,88.5,Cs
2009-02,BOB,2009-05-24 15:00:00,19.0,88.5,CS
2009-02,BOB,2009-05-24 18:00:00,19.0,88.5,CS
2009-02,BOB,2009-05-24 21:00:00,20.0,88.0,CS
2009-02,BOB,2009-05-25 00:00:00,20.0,88.0,CS
2009-02,BOB,2009-05-25 03:00:00,20.5,88.0,CS
2009-02,BOB,2009-05-25 06:00:00,21.5,88.0,SCS
2009-02,BOB,2009-05-25 09:00:00,22.0,88.0,SCS
2009-02,BOB,2009-05-25 12:00:00,22.5,88.0,SCS
2009-02,BOB,2009-05-25 15:00:00,23.0,88.0,CS
2009-02,BOB,2009-05-25 18:00:00,23.5,88.0,CS
2009-02,BOB,2009-05-25 21:00:00,24.0,88.0,CS
2009-02,BOB,2009-05-26 00:00:00,25.0,88.0,CS
2009-02,BOB,2009-05-26 03:00:00,25.5,88.0,DD
2009-02,BOB,2009-05-26 06:00:00,27.0,88.5,D
2009-03,BOB,2009-06-23 00:00:00,18.0,71.5,D
2009-03,BOB,2009-06-23 03:00:00,19.0,71.5,D
2009-03,BOB,2009-06-23 06:00:00,19.0,71.5,D
2009-03,BOB,2009-06-23 09:00:00,20.0,71.5,D
2009-03,BOB,2009-06-23 12:00:00,20.5,71.0,D
2009-03,BOB,2009-06-23 15:00:00,21.0,71.0,D
2009-03,BOB,2009-06-24 00:00:00,21.5,70.5,D
2009-04,BOB,2009-06-25 09:00:00,22.5,68.5,D
2009-04,BOB,2009-06-25 12:00:00,22.5,68.5,D
2009-04,BOB,2009-06-25 18:00:00,23.0,68.5,D
2009-05,BOB,2009-07-20 03:00:00,21.0,88.5,D
2009-05,BOB,2009-07-20 06:00:00,21.0,88.5,D
2009-05,BOB,2009-07-20 12:00:00,21.0,88.0,DD
2009-05,BOB,2009-07-20 18:00:00,21.5,87.0,DD
2009-05,BOB,2009-07-21 00:00:00,22.0,85.0,DD
2009-05,BOB,2009-07-21 03:00:00,22.0,84.5,DD
2009-05,BOB,2009-07-21 06:00:00,22.0,84.0,D
2009-06,BOB,2009-05-09 00:00:00,20.5,88.0,D
2009-06,BOB,2009-05-09 03:00:00,21.0,87.5,DD
2009-06,BOB,2009-05-09 06:00:00,21.5,88.0,DD
2009-06,BOB,2009-05-09 09:00:00,22.0,87.5,DD
2009-06,BOB,2009-05-09 12:00:00,22.5,87.5,DD
2009-06,BOB,2009-05-09 18:00:00,23.0,87.0,DD
2009-06,BOB,2009-06-09 00:00:00,23.0,86.5,DD
2009-06,BOB,2009-06-09 03:00:00,23.5,86.0,DD
2009-06,BOB,2009-06-09 09:00:00,23.5,85.5,DD
2009-06,BOB,2009-06-09 12:00:00,24.0,85.0,DD
2009-06,BOB,2009-06-09 18:00:00,24.3,84.5,DD
2009-06,BOB,2009-07-09 00:00:00,24.5,84.0,DD
2009-06,BOB,2009-07-09 03:00:00,24.5,84.0,DD
2009-06,BOB,2009-07-09 09:00:00,24.5,84.0,D
2009-07,BOB,2009-09-11 09:00:00,11.0,72.0,D
2009-07,BOB,2009-09-11 12:00:00,11.5,71.5,D
2009-07,BOB,2009-09-11 18:00:00,12.0,71.0,D
2009-07,BOB,2009-10-11 00:00:00,12.5,70.5,D
2009-07,BOB,2009-10-11 03:00:00,13.0,70.5,DD
2009-07,BOB,2009-10-11 06:00:00,13.5,70.5,DD
2009-07,BOB,2009-10-11 12:00:00,14.5,71.0,DD
2009-07,BOB,2009-10-11 18:00:00,15.0,71.0,CS
2009-07,BOB,2009-10-11 21:00:00,15.5,71.5,CS
2009-07,BOB,2009-11-11 00:00:00,16.0,71.5,CS
2009-07,BOB,2009-11-11 03:00:00,17.0,72.0,CS
2009-07,BOB,2009-11-11 06:00:00,17.5,72.5,CS
2009-07,BOB,2009-11-11 09:00:00,18.5,72.5,CS
2009-07,BOB,2009-11-11 12:00:00,19.5,73.5,DD
2009-07,BOB,2009-11-11 15:00:00,20.0,74.0,DD
2009-07,BOB,2009-11-11 18:00:00,20.0,74.0,D
2009-08,BOB,2009-10-12 09:00:00,6.5,85.0,D
2009-08,BOB,2009-10-12 12:00:00,6.5,85.0,D
2009-08,BOB,2009-10-12 18:00:00,6.5,85.0,D
2009-08,BOB,2009-11-12 00:00:00,7.0,84.5,DD
2009-08,BOB,2009-11-12 03:00:00,7.0,84.5,DD
2009-08,BOB,2009-11-12 06:00:00,8.0,84.5,DD
2009-08,BOB,2009-11-12 09:00:00,8.5,84.5,CS
2009-08,BOB,2009-11-12 12:00:00,8.5,84.5,CS
2009-08,BOB,2009-11-12 15:00:00,9.0,84.5,CS
2009-08,BOB,2009-11-12 18:00:00,9.0,84.5,CS
2009-08,BOB,2009-11-12 21:00:00,9.5,84.5,CS
2009-08,BOB,2009-12-12 00:00:00,10.0,84.5,CS
2009-08,BOB,2009-12-12 03:00:00,10.0,84.5,CS
2009-08,BOB,2009-12-12 06:00:00,10.0,84.5,CS
2009-08,BOB,2009-12-12 09:00:00,10.0,84.0,CS
2009-08,BOB,2009-12-12 12:00:00,10.0,83.5,CS
2009-08,BOB,2009-12-12 15:00:00,10.0,83.5,CS
2009-08,BOB,2009-12-12 18:00:00,9.5,83.5,DD
2009-08,BOB,2009-12-13 00:00:00,9.5,83.0,DD
2009-08,BOB,2009-12-13 03:00:00,9.5,83.0,DD
2009-08,BOB,2009-12-13 06:00:00,9.0,83.0,DD
2009-08,BOB,2009-12-13 12:00:00,9.0,83.0,DD
2009-08,BOB,2009-12-13 18:00:00,9.0,82.5,DD
2009-08,BOB,2009-12-14 00:00:00,9.0,82.0,DD
2009-08,BOB,2009-12-14 03:00:00,8.5,81.5,DD
2009-08,BOB,2009-12-14 06:00:00,8.5,81.5,DD
2009-08,BOB,2009-12-14 09:00:00,8.5,81.0,D
2009-08,BOB,2009-12-14 12:00:00,8.5,81.0,D
2009-08,BOB,2009-12-14 18:00:00,8.5,81.0,D
2009-08,BOB,2009-12-15 00:00:00,8.5,80.5,D
2010-01,BOB,2010-05-17 06:00:00,10.5,88.5,D
2010-01,BOB,2010-05-17 12:00:00,11.0,88.0,DD
2010-01,BOB,2010-05-17 18:00:00,11.5,87.5,DD
2010-01,BOB,2010-05-18 00:00:00,11.5,86.5,CS
2010-01,BOB,2010-05-18 03:00:00,12.0,85.5,CS
2010-01,BOB,2010-05-18 06:00:00,12.5,84.5,CS
2010-01,BOB,2010-05-18 09:00:00,13.0,84.0,CS
2010-01,BOB,2010-05-18 12:00:00,13.0,83.5,CS
2010-01,BOB,2010-05-18 15:00:00,13.0,83.0,CS
2010-01,BOB,2010-05-18 18:00:00,13.0,82.5,CS
2010-01,BOB,2010-05-18 21:00:00,13.0,82.0,CS
2010-01,BOB,2010-05-19 00:00:00,13.5,82.0,CS
2010-01,BOB,2010-05-19 03:00:00,13.5,82.0,CS
2010-01,BOB,2010-05-19 06:00:00,13.5,81.5,SCS
2010-01,BOB,2010-05-19 09:00:00,14.0,81.5,SCS
2010-01,BOB,2010-05-19 12:00:00,14.0,81.5,SCS
2010-01,BOB,2010-05-19 15:00:00,14.0,81.5,SCS
2010-01,BOB,2010-05-19 18:00:00,14.5,81.0,SCS
2010-01,BOB,2010-05-19 21:00:00,14.5,81.0,SCS
2010-01,BOB,2010-05-20 00:00:00,15.0,81.0,SCS
2010-01,BOB,2010-05-20 03:00:00,15.5,80.5,SCS
2010-01,BOB,2010-05-20 06:00:00,15.7,80.5,SCS
2010-01,BOB,2010-05-20 09:00:00,15.8,80.5,SCS
2010-01,BOB,2010-05-20 12:00:00,16.0,80.5,CS
2010-01,BOB,2010-05-20 15:00:00,16.0,80.5,CS
2010-01,BOB,2010-05-20 18:00:00,16.0,80.5,CS
2010-01,BOB,2010-05-20 21:00:00,16.0,80.7,CS
2010-01,BOB,2010-05-21 00:00:00,16.2,80.8,CS
2010-01,BOB,2010-05-21 03:00:00,16.5,81.0,DD
2010-01,BOB,2010-05-21 06:00:00,17.0,81.5,D
2010-02,BOB,2010-05-19 09:00:00,10.5,54.0,D
2010-02,BOB,2010-05-19 12:00:00,11.0,54.0,D
2010-02,BOB,2010-05-19 15:00:00,11.5,53.5,D
2010-02,BOB,2010-05-19 18:00:00,11.5,53.5,DD
2010-02,BOB,2010-05-19 21:00:00,11.5,53.0,DD
2010-02,BOB,2010-05-20 00:00:00,11.5,53.0,DD
2010-02,BOB,2010-05-20 03:00:00,11.5,53.0,DD
2010-02,BOB,2010-05-20 06:00:00,11.5,53.0,DD
2010-02,BOB,2010-05-20 09:00:00,12.0,53.0,DD
2010-02,BOB,2010-05-20 12:00:00,12.5,52.5,DD
2010-02,BOB,2010-05-20 18:00:00,12.5,51.5,DD
2010-02,BOB,2010-05-21 00:00:00,12.5,51.5,DD
2010-02,BOB,2010-05-21 03:00:00,12.5,51.5,DD
2010-02,BOB,2010-05-21 06:00:00,12.5,51.5,DD
2010-02,BOB,2010-05-21 09:00:00,12.5,51.5,DD
2010-02,BOB,2010-05-21 12:00:00,12.5,51.5,CS
2010-02,BOB,2010-05-21 15:00:00,12.5,51.5,CS
2010-02,BOB,2010-05-21 18:00:00,12.5,51.5,CS
2010-02,BOB,2010-05-21 21:00:00,12.5,51.0,CS
2010-02,BOB,2010-05-22 00:00:00,12.5,50.5,CS
2010-02,BOB,2010-05-22 03:00:00,12.5,50.5,CS
2010-02,BOB,2010-05-22 06:00:00,12.5,50.5,CS
2010-02,BOB,2010-05-22 09:00:00,12.5,50.0,CS
2010-02,BOB,2010-05-22 12:00:00,12.5,50.0,DD
2010-02,BOB,2010-05-22 18:00:00,12.5,50.0,D
2010-02,BOB,2010-05-23 06:00:00,15.0,64.0,D
2010-02,BOB,2010-05-23 12:00:00,15.5,63.5,D
2010-02,BOB,2010-05-23 18:00:00,15.5,63.5,D
2010-02,BOB,2010-05-23 00:00:00,15.5,63.5,DD
2010-02,BOB,2010-05-23 03:00:00,15.5,63.5,DD
2010-02,BOB,2010-05-23 09:00:00,16.0,63.0,CS
2010-02,BOB,2010-05-23 15:00:00,16.5,62.5,CS
2010-02,BOB,2010-05-23 21:00:00,17.0,62.0,CS
2010-02,BOB,2010-10-13 06:00:00,17.5,90.0,D
2010-02,BOB,2010-10-13 12:00:00,17.5,89.0,D
2010-02,BOB,2010-10-13 18:00:00,18.0,88.5,D
2010-02,BOB,2010-10-14 00:00:00,18.0,88.5,D
2010-02,BOB,2010-10-14 03:00:00,18.0,88.5,D
2010-02,BOB,2010-10-14 06:00:00,18.0,88.5,D
2010-02,BOB,2010-10-14 12:00:00,18.0,88.0,D
2010-02,BOB,2010-10-14 18:00:00,18.0,88.0,D
2010-02,BOB,2010-10-15 06:00:00,19.5,86.0,DD
2010-02,BOB,2010-10-15 12:00:00,19.5,85.5,DD
2010-02,BOB,2010-10-15 18:00:00,19.0,84.5,DD
2010-02,BOB,2010-10-16 00:00:00,19.0,84.0,D
2010-02,BOB,2010-10-16 12:00:00,17.5,91.5,D
2010-02,BOB,2010-10-20 18:00:00,17.5,91.5,D
2010-02,BOB,2010-10-21 00:00:00,17.5,91.5,D
2010-02,BOB,2010-10-21 03:00:00,17.5,91.5,DD
2010-02,BOB,2010-10-21 06:00:00,17.5,91.5,CS
2010-02,BOB,2010-10-21 09:00:00,17.5,91.5,CS
2010-02,BOB,2010-10-21 12:00:00,18.0,92.0,CS
2010-02,BOB,2010-10-21 15:00:00,18.0,92.0,CS
2010-02,BOB,2010-10-21 18:00:00,18.0,92.0,CS
2010-02,BOB,2010-10-21 21:00:00,18.5,92.5,CS
2010-02,BOB,2010-10-22 00:00:00,18.5,92.5,SCS
2010-02,BOB,2010-10-22 03:00:00,19.0,93.0,VSCS
2010-02,BOB,2010-10-22 06:00:00,19.0,93.0,ESCS
2010-02,BOB,2010-10-22 09:00:00,19.5,93.5,ESCS
2010-02,BOB,2010-10-22 12:00:00,19.8,93.5,ESCS
2010-02,BOB,2010-10-22 15:00:00,20.0,93.5,VSCS
2010-02,BOB,2010-10-22 18:00:00,20.5,94.0,VSCS
2010-02,BOB,2010-10-22 21:00:00,20.5,94.0,SCS
2010-02,BOB,2010-10-23 00:00:00,21.0,94.5,CS
2010-02,BOB,2010-10-23 03:00:00,21.5,95.0,CS
2010-02,BOB,2010-10-23 06:00:00,22.0,95.5,D
2010-02,BOB,2010-10-23 12:00:00,8.5,90.0,D
2010-02,BOB,2010-10-23 18:00:00,8.5,89.5,D
2010-02,BOB,2010-10-23 09:00:00,9.0,87.5,CS
2010-02,BOB,2010-10-23 15:00:00,9.5,87.0,CS
2010-02,BOB,2010-10-23 21:00:00,10.0,86.0,SCS
2011-01,BOB,2011-02-02 09:00:00,6.5,82.5,D
2011-01,BOB,2011-02-02 12:00:00,6.5,82.5,D
2011-01,BOB,2011-02-02 18:00:00,6.5,82.5,D
2011-02,AS,2011-06-11 12:00:00,20.0,71.5,D
2011-02,AS,2011-06-11 18:00:00,20.0,71.5,D
2011-02,AS,2011-06-12 00:00:00,21.0,70.5,D
2011-02,AS,2011-06-12 03:00:00,21.0,70.5,D
2011-02,AS,2011-06-12 06:00:00,21.0,70.5,D
2011-03,BOB,2011-06-16 03:00:00,21.5,89.0,D
2011-03,BOB,2011-06-16 06:00:00,21.5,89.0,DD
2011-03,BOB,2011-06-16 12:00:00,22.0,89.0,DD
2011-03,BOB,2011-06-16 18:00:00,22.5,89.0,DD
2011-03,BOB,2011-06-17 00:00:00,22.5,89.0,DD
2011-03,BOB,2011-06-17 03:00:00,22.5,89.0,DD
2011-03,BOB,2011-06-17 06:00:00,22.8,88.5,DD
2011-03,BOB,2011-06-17 12:00:00,23.0,88.0,DD
2011-03,BOB,2011-06-17 18:00:00,23.0,88.0,DD
2011-03,BOB,2011-06-18 00:00:00,23.0,87.5,DD
2011-03,BOB,2011-06-18 03:00:00,23.0,87.0,DD
2011-03,BOB,2011-06-18 06:00:00,23.0,87.0,DD
2011-03,BOB,2011-06-18 12:00:00,23.0,87.0,DD
2011-03,BOB,2011-06-18 18:00:00,23.0,86.5,DD
2011-03,BOB,2011-06-19 00:00:00,23.0,86.0,DD
2011-03,BOB,2011-06-19 03:00:00,23.5,85.5,DD
2011-03,BOB,2011-06-19 06:00:00,23.5,85.5,DD
2011-03,BOB,2011-06-19 12:00:00,23.5,85.0,DD
2011-03,BOB,2011-06-19 18:00:00,23.5,84.5,DD
2011-03,BOB,2011-06-20 00:00:00,23.5,84.0,DD
2011-03,BOB,2011-06-20 03:00:00,23.7,83.5,DD
2011-03,BOB,2011-06-20 06:00:00,23.7,83.5,D
2011-03,BOB,2011-06-20 12:00:00,24.0,83.0,D
2011-03,BOB,2011-06-20 18:00:00,24.0,83.0,D
2011-03,BOB,2011-06-21 00:00:00,24.5,82.5,D
2011-03,BOB,2011-06-21 03:00:00,24.5,82.0,D
2011-03,BOB,2011-06-21 06:00:00,24.5,81.5,D
2011-03,BOB,2011-06-21 12:00:00,24.5,81.0,D
2011-03,BOB,2011-06-21 18:00:00,24.5,81.0,D
2011-03,BOB,2011-06-22 00:00:00,24.5,80.5,D
2011-03,BOB,2011-06-22 03:00:00,24.5,80.0,D
2011-03,BOB,2011-06-22 06:00:00,24.5,80.0,D
2011-03,BOB,2011-06-22 12:00:00,24.5,79.1,D
2011-03,BOB,2011-06-22 18:00:00,24.5,78.5,D
2011-04,LAND,2011-07-22 00:00:00,23.5,84.5,D
2011-04,LAND,2011-07-22 03:00:00,24.0,84.0,D
2011-04,LAND,2011-07-22 06:00:00,24.0,84.0,D
2011-04,LAND,2011-07-22 12:00:00,24.0,83.0,D
2011-04,LAND,2011-07-22 18:00:00,24.0,81.5,D
2011-04,LAND,2011-07-23 00:00:00,24.5,80.5,D
2011-05,BOB,2011-09-22 03:00:00,21.5,87.5,D
2011-05,BOB,2011-09-22 06:00:00,21.6,87.3,D
2011-05,BOB,2011-09-22 12:00:00,21.7,87.2,D
2011-05,BOB,2011-09-22 18:00:00,21.8,87.0,D
2011-05,BOB,2011-09-23 00:00:00,22.5,86.5,D
2011-05,BOB,2011-09-23 03:00:00,22.5,86.5,D
2011-05,BOB,2011-09-23 06:00:00,22.5,86.5,D
2011-06,BOB,2011-10-19 00:00:00,20.0,90.5,D
2011-06,BOB,2011-10-19 03:00:00,20.2,91.0,D
2011-06,BOB,2011-10-19 06:00:00,20.5,91.5,DD
2011-06,BOB,2011-10-19 12:00:00,21.0,92.0,DD
2011-06,BOB,2011-10-19 18:00:00,21.5,92.5,DD
2011-06,BOB,2011-10-20 00:00:00,21.5,93.5,D
2011-07,AS,2011-10-29 06:00:00,13.0,62.0,D
2011-07,AS,2011-10-29 12:00:00,13.0,61.0,D
2011-07,AS,2011-10-29 18:00:00,13.0,61.0,D
2011-07,AS,2011-10-29 00:00:00,13.0,60.5,D
2011-07,AS,2011-10-30 03:00:00,13.0,60.0,D
2011-07,AS,2011-10-30 06:00:00,13.0,60.0,D
2011-07,AS,2011-10-30 12:00:00,13.5,59.5,D
2011-07,AS,2011-10-30 18:00:00,14.0,59.0,D
2011-07,AS,2011-10-31 00:00:00,14.5,59.0,D
2011-07,AS,2011-10-31 03:00:00,15.0,58.5,D
2011-07,AS,2011-10-31 06:00:00,16.0,57.0,D
2011-07,AS,2011-10-31 12:00:00,16.0,57.5,D
2011-07,AS,2011-10-31 18:00:00,16.0,57.0,D
2011-07,AS,2011-11-01 00:00:00,16.0,56.5,D
2011-07,AS,2011-11-01 03:00:00,16.0,56.0,DD
2011-07,AS,2011-11-01 06:00:00,16.0,56.0,DD
2011-07,AS,2011-11-01 12:00:00,16.0,55.5,DD
2011-07,AS,2011-11-01 18:00:00,16.0,55.5,DD
2011-07,AS,2011-11-02 00:00:00,16.0,55.3,DD
2011-07,AS,2011-11-02 03:00:00,16.0,55.0,CS
2011-07,AS,2011-11-02 06:00:00,16.0,54.5,CS
2011-07,AS,2011-11-02 09:00:00,16.0,54.5,CS
2011-07,AS,2011-11-02 12:00:00,16.5,54.5,CS
2011-07,AS,2011-11-02 15:00:00,16.8,54.3,CS
2011-07,AS,2011-11-02 18:00:00,17.1,54.2,DD
2011-07,AS,2011-11-03 00:00:00,17.1,54.2,DD
2011-07,AS,2011-11-03 03:00:00,17.1,54.2,DD
2011-07,AS,2011-11-03 06:00:00,17.1,54.2,DD
2011-07,AS,2011-11-03 12:00:00,17.0,54.5,DD
2011-07,AS,2011-11-03 18:00:00,17.0,54.8,DD
2011-07,AS,2011-11-04 00:00:00,17.0,55.0,DD
2011-07,AS,2011-11-04 03:00:00,16.5,55.0,D
2011-08,AS,2011-11-06 06:00:00,10.5,65.5,D
2011-08,AS,2011-11-06 12:00:00,10.5,65.5,D
2011-08,AS,2011-11-06 18:00:00,11.0,64.5,D
2011-08,AS,2011-11-06 00:00:00,11.5,64.0,D
2011-08,AS,2011-11-06 03:00:00,11.5,63.5,D
2011-08,AS,2011-11-08 00:00:00,13.5,60.0,D
2011-08,AS,2011-11-08 03:00:00,13.5,60.0,DD
2011-08,AS,2011-11-08 06:00:00,13.7,59.5,DD
2011-08,AS,2011-11-08 12:00:00,14.0,59.0,DD
2011-08,AS,2011-11-08 18:00:00,14.5,58.5,DD
2011-08,AS,2011-11-09 00:00:00,15.0,58.5,DD
2011-08,AS,2011-11-09 03:00:00,15.0,58.5,DD
2011-08,AS,2011-11-09 06:00:00,15.0,58.5,DD
2011-08,AS,2011-11-09 12:00:00,15.5,58.5,D
2011-08,AS,2011-11-09 18:00:00,15.5,58.5,D
2011-08,AS,2011-11-10 00:00:00,16.0,58.5,D
2011-08,AS,2011-11-10 03:00:00,16.0,58.5,D
2011-09,AS,2011-11-26 03:00:00,7.5,76.5,D
2011-09,AS,2011-11-26 06:00:00,8.0,75.5,D
2011-09,AS,2011-11-26 12:00:00,8.5,75.0,D
2011-09,AS,2011-11-26 18:00:00,8.5,75.0,D
2011-09,AS,2011-11-27 00:00:00,9.5,74.0,D
2011-09,AS,2011-11-27 03:00:00,10.5,73.0,D
2011-09,AS,2011-11-27 06:00:00,11.0,72.5,D
2011-09,AS,2011-11-27 12:00:00,12.0,71.5,D
2011-09,AS,2011-11-27 18:00:00,12.5,71.0,D
2011-09,AS,2011-11-28 00:00:00,13.5,70.0,DD
2011-09,AS,2011-11-28 03:00:00,14.0,69.5,DD
2011-09,AS,2011-11-28 06:00:00,14.5,69.0,DD
2011-09,AS,2011-11-28 12:00:00,15.0,68.0,DD
2011-09,AS,2011-11-28 18:00:00,15.5,67.5,DD
2011-09,AS,2011-11-29 00:00:00,15.5,67.0,DD
2011-09,AS,2011-11-29 03:00:00,15.7,66.8,DD
2011-09,AS,2011-11-29 06:00:00,16.0,66.5,DD
2011-09,AS,2011-11-29 12:00:00,16.0,66.5,D
2011-09,AS,2011-11-29 18:00:00,16.4,65.5,D
2011-09,AS,2011-11-30 00:00:00,17.0,64.4,D
2011-09,AS,2011-11-30 03:00:00,17.0,64.5,D
2011-09,AS,2011-11-30 06:00:00,17.5,63.5,D
2011-09,AS,2011-11-30 12:00:00,18.0,63.5,D
2011-09,AS,2011-11-30 18:00:00,19.0,62.5,D
2011-09,AS,2011-12-01 00:00:00,19.5,62.5,D
2011-09,AS,2011-12-01 03:00:00,19.5,62.5,D
2011-10,BOB,2011-12-25 12:00:00,8.5,88.5,D
2011-10,BOB,2011-12-25 18:00:00,9.0,88.0,D
2011-10,BOB,2011-12-26 00:00:00,9.5,87.5,DD
2011-10,BOB,2011-12-26 03:00:00,9.5,87.5,DD
2011-10,BOB,2011-12-26 06:00:00,10.0,87.5,DD
2011-10,BOB,2011-12-26 12:00:00,10.5,87.5,DD
2011-10,BOB,2011-12-26 18:00:00,11.0,87.5,CS
2011-10,BOB,2011-12-26 21:00:00,11.0,87.5,CS
2011-10,BOB,2011-12-27 00:00:00,11.5,87.5,CS
2011-10,BOB,2011-12-27 03:00:00,12.0,87.0,CS
2011-10,BOB,2011-12-27 06:00:00,12.0,87.0,CS
2011-10,BOB,2011-12-27 09:00:00,12.2,86.7,CS
2011-10,BOB,2011-12-27 12:00:00,12.5,86.5,CS
2011-10,BOB,2011-12-27 15:00:00,12.5,86.5,CS
2011-10,BOB,2011-12-27 18:00:00,12.5,86.0,CS
2011-10,BOB,2011-12-27 21:00:00,12.5,86.0,CS
2011-10,BOB,2011-12-28 00:00:00,12.5,85.5,CS
2011-10,BOB,2011-12-28 03:00:00,12.5,85.5,CS
2011-10,BOB,2011-12-28 06:00:00,12.5,85.0,CS
2011-10,BOB,2011-12-28 09:00:00,12.5,85.0,SCS
2011-10,BOB,2011-12-28 12:00:00,12.5,84.5,VSCS
2011-10,BOB,2011-12-28 15:00:00,12.5,84.0,VSCS
2011-10,BOB,2011-12-28 18:00:00,12.5,84.0,VSCS
2011-10,BOB,2011-12-28 21:00:00,12.5,83.5,VSCS
2011-10,BOB,2011-12-29 00:00:00,12.3,83.0,VSCS
2011-10,BOB,2011-12-29 03:00:00,12.0,82.5,VSCS
2011-10,BOB,2011-12-29 06:00:00,12.0,82.0,VSCS
2011-10,BOB,2011-12-29 09:00:00,12.0,81.7,VSCS
2011-10,BOB,2011-12-29 12:00:00,12.0,81.3,VSCS
2011-10,BOB,2011-12-29 15:00:00,12.0,81.0,VSCS
2011-10,BOB,2011-12-29 18:00:00,11.8,80.6,VSCS
2011-10,BOB,2011-12-29 21:00:00,11.8,80.3,VSCS
2011-10,BOB,2011-12-30 00:00:00,11.6,79.9,VSCS
2011-10,BOB,2011-12-30 03:00:00,11.6,79.5,SCS
2011-10,BOB,2011-12-30 06:00:00,11.6,79.0,DD
2011-10,BOB,2011-12-30 12:00:00,11.6,78.2,D
2012-01,BOB,2012-10-11 00:00:00,22.5,91.3,DD
2012-01,BOB,2012-10-11 03:00:00,23.0,91.5,D
2012-02,BOB,2012-10-22 21:00:00,11.0,66.5,D
2012-02,BOB,2012-10-23 03:00:00,11.0,66.0,D
2012-02,BOB,2012-10-23 12:00:00,11.5,64.0,D
2012-02,BOB,2012-10-23 15:00:00,11.5,63.5,DD
2012-02,BOB,2012-10-24 03:00:00,11.0,59.0,DD
2012-02,BOB,2012-10-24 12:00:00,10.5,56.5,CS
2012-02,BOB,2012-10-24 18:00:00,10.5,55.5,CS
2012-02,BOB,2012-10-25 00:00:00,10.5,54.0,CS
2012-02,BOB,2012-10-25 03:00:00,10.5,53.5,CS
2012-02,BOB,2012-10-25 06:00:00,10.0,53.0,CS
2012-02,BOB,2012-10-25 12:00:00,9.5,51.5,CS
2012-02,BOB,2012-10-25 18:00:00,9.5,50.5,DD
2012-02,BOB,2012-10-26 00:00:00,9.5,49.5,D
2012-02,BOB,2012-10-26 03:00:00,9.5,48.5,D
2012-03,BOB,2012-10-28 06:00:00,9.5,86.0,D
2012-03,BOB,2012-10-28 12:00:00,9.5,85.0,D
2012-03,BOB,2012-10-28 18:00:00,9.5,84.5,D
2012-03,BOB,2012-10-29 00:00:00,9.5,84.0,DD
2012-03,BOB,2012-10-29 03:00:00,9.5,83.5,DD
2012-03,BOB,2012-10-29 06:00:00,9.0,83.0,DD
2012-03,BOB,2012-10-29 12:00:00,9.0,82.5,DD
2012-03,BOB,2012-10-29 18:00:00,9.0,82.0,DD
2012-03,BOB,2012-10-30 00:00:00,9.0,82.0,DD
2012-03,BOB,2012-10-30 03:00:00,9.0,82.0,CS
2012-03,BOB,2012-10-30 06:00:00,9.0,82.0,CS
2012-03,BOB,2012-10-30 09:00:00,9.5,82.0,CS
2012-03,BOB,2012-10-30 12:00:00,9.5,82.0,CS
2012-03,BOB,2012-10-30 15:00:00,9.5,82.0,CS
2012-03,BOB,2012-10-30 18:00:00,10.0,82.0,CS
2012-03,BOB,2012-10-30 21:00:00,10.0,82.0,CS
2012-03,BOB,2012-10-31 00:00:00,10.5,81.5,CS
2012-03,BOB,2012-10-31 03:00:00,11.0,81.0,CS
2012-03,BOB,2012-10-31 06:00:00,11.5,81.0,CS
2012-03,BOB,2012-10-31 09:00:00,12.3,80.5,CS
2012-03,BOB,2012-10-31 12:00:00,12.7,79.8,CS
2012-03,BOB,2012-10-31 15:00:00,13.0,79.5,CS
2012-03,BOB,2012-10-31 18:00:00,13.0,78.5,DD
2012-03,BOB,2012-11-01 00:00:00,13.0,77.5,D
2012-03,BOB,2012-11-01 03:00:00,13.5,77.0,D
2012-03,BOB,2012-11-01 06:00:00,13.5,77.0,D
2012-03,BOB,2012-11-01 12:00:00,14.0,77.0,D
2012-03,BOB,2012-11-01 18:00:00,14.5,77.0,D
2012-04,BOB,2012-11-17 06:00:00,15.5,90.0,D
2012-04,BOB,2012-11-17 09:00:00,15.5,89.5,DD
2012-04,BOB,2012-11-17 12:00:00,16.0,89.0,DD
2012-04,BOB,2012-11-17 18:00:00,16.0,89.0,DD
2012-04,BOB,2012-11-18 00:00:00,16.0,88.5,DD
2012-04,BOB,2012-11-18 03:00:00,16.0,88.5,DD
2012-04,BOB,2012-11-18 06:00:00,16.0,88.0,DD
2012-04,BOB,2012-11-18 12:00:00,16.0,87.5,DD
2012-04,BOB,2012-11-18 18:00:00,16.0,87.5,DD
2012-04,BOB,2012-11-19 00:00:00,15.5,87.0,D
2012-04,BOB,2012-11-19 03:00:00,15.0,86.5,D
2012-04,BOB,2012-11-19 06:00:00,15.0,86.5,D
2012-04,BOB,2012-11-19 12:00:00,15.0,86.0,D
2012-05,BOB,2012-12-22 06:00:00,9.0,64.0,D
2012-05,BOB,2012-12-22 09:00:00,9.0,63.0,D
2012-05,BOB,2012-12-22 12:00:00,9.0,62.5,D
2012-05,BOB,2012-12-23 00:00:00,9.0,60.5,DD
2012-05,BOB,2012-12-23 03:00:00,9.0,60.0,DD
2012-05,BOB,2012-12-23 12:00:00,8.5,57.0,DD
2012-05,BOB,2012-12-24 03:00:00,8.0,54.0,DD
2012-05,BOB,2012-12-24 12:00:00,7.0,52.0,D
2013-01,BOB,2013-05-10 09:00:00,5.0,92.0,D
2013-01,BOB,2013-05-10 12:00:00,5.5,92.0,DD
2013-01,BOB,2013-05-10 18:00:00,6.0,91.5,DD
2013-01,BOB,2013-05-11 00:00:00,6.5,91.0,DD
2013-01,BOB,2013-05-11 03:00:00,7.0,90.5,CS
2013-01,BOB,2013-05-11 06:00:00,7.5,90.5,CS
2013-01,BOB,2013-05-11 09:00:00,7.5,90.0,CS
2013-01,BOB,2013-05-11 12:00:00,8.0,89.5,CS
2013-01,BOB,2013-05-11 15:00:00,8.5,89.0,CS
2013-01,BOB,2013-05-11 18:00:00,9.0,89.0,CS
2013-01,BOB,2013-05-11 21:00:00,9.5,88.5,CS
2013-01,BOB,2013-05-12 00:00:00,10.0,88.0,CS
2013-01,BOB,2013-05-12 03:00:00,10.0,87.5,CS
2013-01,BOB,2013-05-12 06:00:00,10.0,87.5,CS
2013-01,BOB,2013-05-12 09:00:00,10.5,87.0,CS
2013-01,BOB,2013-05-12 12:00:00,10.5,87.0,CS
2013-01,BOB,2013-05-12 15:00:00,10.5,86.5,CS
2013-01,BOB,2013-05-12 18:00:00,11.0,86.5,CS
2013-01,BOB,2013-05-12 21:00:00,11.0,86.5,CS
2013-01,BOB,2013-05-13 00:00:00,11.5,86.5,CS
2013-01,BOB,2013-05-13 03:00:00,12.0,86.5,CS
2013-01,BOB,2013-05-13 06:00:00,12.0,86.5,CS
2013-01,BOB,2013-05-13 09:00:00,12.0,86.0,CS
2013-01,BOB,2013-05-13 12:00:00,12.0,86.0,CS
2013-01,BOB,2013-05-13 15:00:00,12.5,86.0,CS
2013-01,BOB,2013-05-13 18:00:00,12.5,85.5,CS
2013-01,BOB,2013-05-13 21:00:00,13.0,85.5,CS
2013-01,BOB,2013-05-14 00:00:00,13.5,85.5,CS
2013-01,BOB,2013-05-14 03:00:00,13.5,85.5,CS
2013-01,BOB,2013-05-14 06:00:00,14.0,85.5,CS
2013-01,BOB,2013-05-14 09:00:00,14.0,85.5,CS
2013-01,BOB,2013-05-14 12:00:00,14.5,86.0,CS
2013-01,BOB,2013-05-14 15:00:00,14.5,86.0,CS
2013-01,BOB,2013-05-14 18:00:00,15.0,86.5,CS
2013-01,BOB,2013-05-14 21:00:00,15.5,86.5,CS
2013-01,BOB,2013-05-15 00:00:00,16.0,87.0,CS
2013-01,BOB,2013-05-15 03:00:00,16.5,87.0,CS
2013-01,BOB,2013-05-15 06:00:00,17.0,87.5,CS
2013-01,BOB,2013-05-15 09:00:00,17.5,87.5,CS
2013-01,BOB,2013-05-15 12:00:00,18.0,88.0,CS
2013-01,BOB,2013-05-15 15:00:00,18.5,88.5,CS
2013-01,BOB,2013-05-15 18:00:00,19.0,88.5,CS
2013-01,BOB,2013-05-15 21:00:00,19.5,89.0,CS
2013-01,BOB,2013-05-16 00:00:00,20.0,89.5,CS
2013-01,BOB,2013-05-16 03:00:00,21.0,90.0,CS
2013-01,BOB,2013-05-16 06:00:00,22.5,91.0,CS
2013-01,BOB,2013-05-16 09:00:00,23.5,92.0,CS
2013-01,BOB,2013-05-16 12:00:00,24.0,92.5,DD
2013-01,BOB,2013-05-16 18:00:00,25.0,93.5,D
2013-02,BOB,2013-05-29 03:00:00,21.0,89.5,D
2013-02,BOB,2013-05-29 06:00:00,21.3,89.3,D
2013-02,BOB,2013-05-29 09:00:00,21.5,89.0,D
2013-02,BOB,2013-05-29 12:00:00,21.7,88.8,D
2013-02,BOB,2013-05-29 15:00:00,22.0,88.7,D
2013-02,BOB,2013-05-29 18:00:00,22.1,88.4,D
2013-02,BOB,2013-05-30 00:00:00,22.2,87.8,D
2013-02,BOB,2013-05-30 03:00:00,22.3,87.5,D
2013-02,BOB,2013-05-30 06:00:00,22.3,87.5,D
2013-02,BOB,2013-05-30 12:00:00,22.7,87.3,D
2013-02,BOB,2013-05-30 18:00:00,22.8,87.2,D
2013-02,BOB,2013-05-31 00:00:00,23.5,87.1,D
2013-02,BOB,2013-05-31 03:00:00,24.0,87.0,D
2013-02,BOB,2013-05-31 06:00:00,24.5,87.0,D
2013-02,BOB,2013-05-31 09:00:00,25.0,87.0,D
2013-03,BOB,2013-07-30 03:00:00,21.0,88.0,D
2013-03,BOB,2013-07-30 06:00:00,21.5,87.5,D
2013-03,BOB,2013-07-30 12:00:00,21.7,87.0,D
2013-03,BOB,2013-07-30 18:00:00,21.7,85.5,D
2013-03,BOB,2013-07-31 00:00:00,21.8,84.0,D
2013-03,BOB,2013-07-31 03:00:00,21.8,83.0,D
2013-03,BOB,2013-07-31 06:00:00,21.8,82.5,D
2013-03,BOB,2013-07-31 12:00:00,22.0,80.5,D
2013-03,BOB,2013-08-01 00:00:00,22.5,80.0,D
2013-04,BOB,2013-08-20 00:00:00,22.0,87.5,D
2013-04,BOB,2013-08-20 03:00:00,22.0,87.5,D
2013-04,BOB,2013-08-20 06:00:00,22.0,87.5,D
2013-04,BOB,2013-08-20 12:00:00,22.3,87.5,D
2013-04,BOB,2013-08-20 18:00:00,22.5,87.5,D
2013-04,BOB,2013-08-21 00:00:00,23.3,87.0,D
2013-04,BOB,2013-08-21 03:00:00,23.3,86.0,D
2013-04,BOB,2013-08-21 06:00:00,23.2,85.7,D
2013-04,BOB,2013-08-21 12:00:00,23.2,84.0,D
2013-04,BOB,2013-08-21 18:00:00,23.2,82.2,D
2013-04,BOB,2013-08-22 00:00:00,23.2,82.0,D
2013-04,BOB,2013-08-22 03:00:00,23.2,80.7,D
2013-04,BOB,2013-08-22 06:00:00,23.2,80.3,D
2013-04,BOB,2013-08-22 12:00:00,23.0,80.1,D
2013-04,BOB,2013-08-23 00:00:00,22.8,79.8,D
2013-05,BOB,2013-10-08 03:00:00,12.0,96.0,D
2013-05,BOB,2013-10-08 06:00:00,12.0,95.5,D
2013-05,BOB,2013-10-08 12:00:00,12.0,94.5,D
2013-05,BOB,2013-10-08 18:00:00,12.5,94.0,D
2013-05,BOB,2013-10-09 00:00:00,13.0,93.5,DD
2013-05,BOB,2013-10-09 03:00:00,13.0,93.5,DD
2013-05,BOB,2013-10-09 06:00:00,13.0,93.0,DD
2013-05,BOB,2013-10-09 09:00:00,13.5,92.5,DD
2013-05,BOB,2013-10-09 12:00:00,13.5,92.5,CS
2013-05,BOB,2013-10-09 15:00:00,13.6,92.5,CS
2013-05,BOB,2013-10-09 18:00:00,14.0,92.0,CS
2013-05,BOB,2013-10-09 21:00:00,14.0,92.0,CS
2013-05,BOB,2013-10-10 00:00:00,14.5,91.5,CS
2013-05,BOB,2013-10-10 03:00:00,14.5,91.0,SCS
2013-05,BOB,2013-10-10 06:00:00,15.0,90.5,VSCS
2013-05,BOB,2013-10-10 09:00:00,15.0,90.5,VSCS
2013-05,BOB,2013-10-10 12:00:00,15.5,90.0,VSCS
2013-05,BOB,2013-10-10 15:00:00,15.5,90.0,ESCS
2013-05,BOB,2013-10-10 18:00:00,15.5,89.5,ESCS
2013-05,BOB,2013-10-10 21:00:00,15.5,89.0,ESCS
2013-05,BOB,2013-10-11 00:00:00,16.0,88.5,ESCS
2013-05,BOB,2013-10-11 03:00:00,16.0,88.5,ESCS
2013-05,BOB,2013-10-11 06:00:00,16.2,88.3,ESCS
2013-05,BOB,2013-10-11 09:00:00,16.5,88.0,ESCS
2013-05,BOB,2013-10-11 12:00:00,16.8,87.7,ESCS
2013-05,BOB,2013-10-11 15:00:00,16.9,87.2,ESCS
2013-05,BOB,2013-10-11 18:00:00,17.0,87.0,ESCS
2013-05,BOB,2013-10-11 21:00:00,17.1,86.8,ESCS
2013-05,BOB,2013-10-12 00:00:00,17.5,86.5,ESCS
2013-05,BOB,2013-10-12 03:00:00,17.8,86.0,ESCS
2013-05,BOB,2013-10-12 06:00:00,18.1,85.7,ESCS
2013-05,BOB,2013-10-12 09:00:00,18.6,85.4,ESCS
2013-05,BOB,2013-10-12 12:00:00,18.7,85.2,ESCS
2013-05,BOB,2013-10-12 15:00:00,19.1,85.2,ESCS
2013-05,BOB,2013-10-12 18:00:00,19.5,84.8,ESCS
2013-05,BOB,2013-10-12 21:00:00,20.0,84.5,ESCS
2013-05,BOB,2013-10-13 00:00:00,20.5,84.5,VSCS
2013-05,BOB,2013-10-13 03:00:00,21.0,84.0,SCS
2013-05,BOB,2013-10-13 06:00:00,21.5,84.0,CS
2013-05,BOB,2013-10-13 09:00:00,21.8,83.8,CS
2013-05,BOB,2013-10-13 12:00:00,22.5,83.8,CS
2013-05,BOB,2013-10-13 18:00:00,23.0,83.5,DD
2013-05,BOB,2013-10-14 00:00:00,23.5,84.0,DD
2013-05,BOB,2013-10-14 03:00:00,24.0,84.1,D
2013-05,BOB,2013-10-14 06:00:00,24.5,84.2,D
2013-07,BOB,2013-11-13 00:00:00,11.5,86.5,D
2013-07,BOB,2013-11-13 03:00:00,11.5,86.0,D
2013-07,BOB,2013-11-13 06:00:00,11.5,86.0,D
2013-07,BOB,2013-11-13 12:00:00,11.5,86.0,D
2013-07,BOB,2013-11-13 18:00:00,11.5,85.5,D
2013-07,BOB,2013-11-14 00:00:00,11.5,85.0,D
2013-07,BOB,2013-11-14 03:00:00,11.5,85.0,D
2013-07,BOB,2013-11-14 06:00:00,11.5,85.0,D
2013-07,BOB,2013-11-14 12:00:00,10.5,84.5,D
2013-07,BOB,2013-11-14 18:00:00,10.5,84.5,D
2013-07,BOB,2013-11-15 00:00:00,10.0,84.0,D
2013-07,BOB,2013-11-15 03:00:00,9.5,83.5,D
2013-07,BOB,2013-11-15 06:00:00,9.5,83.5,D
2013-07,BOB,2013-11-15 12:00:00,9.5,83.0,D
2013-07,BOB,2013-11-15 18:00:00,10.0,82.0,D
2013-07,BOB,2013-11-16 00:00:00,10.5,81.5,D
2013-07,BOB,2013-11-16 03:00:00,11.0,80.5,D
2013-07,BOB,2013-11-16 06:00:00,11.0,80.0,D
2013-07,BOB,2013-11-16 09:00:00,11.0,79.5,D
2013-07,BOB,2013-11-16 12:00:00,11.0,79.0,D
2013-07,BOB,2013-11-16 18:00:00,11.0,78.0,D
2013-08,BOB,2013-11-19 00:00:00,14.5,86.5,D
2013-08,BOB,2013-11-19 03:00:00,14.5,86.0,D
2013-08,BOB,2013-11-19 06:00:00,14.5,85.5,D
2013-08,BOB,2013-11-19 12:00:00,15.0,85.0,D
2013-08,BOB,2013-11-19 15:00:00,15.0,85.0,DD
2013-08,BOB,2013-11-19 18:00:00,15.0,84.5,DD
2013-08,BOB,2013-11-20 00:00:00,15.0,84.0,DD
2013-08,BOB,2013-11-20 03:00:00,15.0,84.0,CS
2013-08,BOB,2013-11-20 06:00:00,15.2,84.0,CS
2013-08,BOB,2013-11-20 09:00:00,15.2,84.0,CS
2013-08,BOB,2013-11-20 12:00:00,15.3,83.9,CS
2013-08,BOB,2013-11-20 15:00:00,15.3,83.9,CS
2013-08,BOB,2013-11-20 18:00:00,15.4,83.7,CS
2013-08,BOB,2013-11-20 21:00:00,15.5,83.6,CS
2013-08,BOB,2013-11-21 00:00:00,15.6,83.5,SCS
2013-08,BOB,2013-11-21 03:00:00,15.8,83.4,SCS
2013-08,BOB,2013-11-21 06:00:00,15.9,83.3,SCS
2013-08,BOB,2013-11-21 09:00:00,16.0,83.1,SCS
2013-08,BOB,2013-11-21 12:00:00,16.1,82.9,SCS
2013-08,BOB,2013-11-21 15:00:00,16.1,82.7,SCS
2013-08,BOB,2013-11-21 18:00:00,16.2,82.7,SCS
2013-08,BOB,2013-11-21 21:00:00,16.2,82.3,SCS
2013-08,BOB,2013-11-22 00:00:00,16.2,81.9,SCS
2013-08,BOB,2013-11-22 03:00:00,16.2,81.7,SCS
2013-08,BOB,2013-11-22 06:00:00,16.2,81.3,SCS
2013-08,BOB,2013-11-22 09:00:00,16.1,81.2,CS
2013-08,BOB,2013-11-22 12:00:00,15.9,80.7,DD
2013-08,BOB,2013-11-22 18:00:00,15.9,80.4,D
2014-01,BOB,2014-01-04 03:00:00,8.5,83.5,D
2014-01,BOB,2014-01-04 06:00:00,9.0,83.0,D
2014-01,BOB,2014-01-04 12:00:00,9.0,83.0,D
2014-01,BOB,2014-01-04 18:00:00,9.2,82.5,D
2014-01,BOB,2014-01-05 00:00:00,9.3,82.0,D
2014-01,BOB,2014-01-05 03:00:00,9.3,82.0,D
2014-01,BOB,2014-01-05 06:00:00,9.3,81.8,D
2014-01,BOB,2014-01-05 12:00:00,9.3,81.5,D
2014-01,BOB,2014-01-05 18:00:00,9.3,81.3,D
2014-01,BOB,2014-01-06 00:00:00,9.3,81.3,D
2014-01,BOB,2014-01-06 03:00:00,9.4,81.0,D
2014-01,BOB,2014-01-06 06:00:00,9.0,80.7,
2014-01,BOB,2014-01-06 12:00:00,8.8,80.6,D
2014-01,BOB,2014-01-07 00:00:00,8.0,80.0,D
2014-02,BOB,2014-05-21 03:00:00,15.5,90.5,D
2014-02,BOB,2014-05-21 06:00:00,16.0,90.5,D
2014-02,BOB,2014-05-21 12:00:00,16.5,91.0,D
2014-02,BOB,2014-05-21 18:00:00,16.5,91.0,D
2014-02,BOB,2014-05-22 00:00:00,16.5,92.0,D
2014-02,BOB,2014-05-22 03:00:00,16.5,92.0,D
2014-02,BOB,2014-05-22 06:00:00,17.0,92.5,D
2014-02,BOB,2014-05-22 12:00:00,17.5,92.0,D
2014-02,BOB,2014-05-22 18:00:00,17.5,92.0,D
2014-02,BOB,2014-05-23 00:00:00,17.0,91.0,D
2014-03,AS,2014-06-10 09:00:00,15.5,68.5,D
2014-03,AS,2014-06-10 12:00:00,16.0,68.0,D
2014-03,AS,2014-06-10 18:00:00,16.5,67.5,DD
2014-03,AS,2014-06-11 00:00:00,16.5,67.2,CS
2014-03,AS,2014-06-11 03:00:00,16.7,67.0,CS
2014-03,AS,2014-06-11 06:00:00,16.9,66.7,CS
2014-03,AS,2014-06-11 09:00:00,17.0,66.5,CS
2014-03,AS,2014-06-11 12:00:00,17.3,66.2,CS
2014-03,AS,2014-06-11 15:00:00,17.5,66.0,CS
2014-03,AS,2014-06-11 18:00:00,17.5,65.8,CS
2014-03,AS,2014-06-11 21:00:00,17.5,65.7,CS
2014-03,AS,2014-06-12 00:00:00,17.8,65.3,CS
2014-03,AS,2014-06-12 03:00:00,18.0,65.0,CS
2014-03,AS,2014-06-12 06:00:00,18.1,64.7,CS
2014-03,AS,2014-06-12 09:00:00,18.3,64.3,CS
2014-03,AS,2014-06-12 12:00:00,18.3,63.9,CS
2014-03,AS,2014-06-12 15:00:00,18.3,63.6,CS
2014-03,AS,2014-06-12 18:00:00,18.3,63.4,CS
2014-03,AS,2014-06-12 21:00:00,18.4,63.3,CS
2014-03,AS,2014-06-13 00:00:00,18.4,62.9,CS
2014-03,AS,2014-06-13 03:00:00,18.7,62.7,CS
2014-03,AS,2014-06-13 06:00:00,19.0,62.6,CS
2014-03,AS,2014-06-13 09:00:00,19.5,62.5,DD
2014-03,AS,2014-06-13 12:00:00,19.8,62.4,D
2014-03,AS,2014-06-13 18:00:00,20.0,62.0,D
2014-03,AS,2014-06-14 00:00:00,20.5,62.0,D
2014-04,LAND,2014-07-21 03:00:00,22.0,87.0,D
2014-04,LAND,2014-07-21 06:00:00,22.2,86.4,D
2014-04,LAND,2014-07-21 12:00:00,22.5,85.0,D
2014-04,LAND,2014-07-21 18:00:00,22.5,84.0,D
2014-04,LAND,2014-07-22 00:00:00,22.5,83.0,D
2014-04,LAND,2014-07-22 03:00:00,22.5,82.5,D
2014-04,LAND,2014-07-22 06:00:00,22.5,82.0,D
2014-04,LAND,2014-07-22 12:00:00,22.5,81.0,D
2014-04,LAND,2014-07-22 18:00:00,22.5,79.6,D
2014-04,LAND,2014-07-23 00:00:00,22.5,78.2,D
2014-04,LAND,2014-07-23 03:00:00,22.5,77.5,D
2014-04,LAND,2014-07-23 06:00:00,22.5,77.0,D
2014-05,BOB,2014-08-03 12:00:00,21.5,88.5,D
2014-05,BOB,2014-08-03 18:00:00,21.9,88.3,DD
2014-05,BOB,2014-08-04 03:00:00,22.5,87.2,DD
2014-05,BOB,2014-08-04 06:00:00,22.5,86.5,DD
2014-05,BOB,2014-08-04 12:00:00,22.2,86.1,DD
2014-05,BOB,2014-08-04 18:00:00,22.2,86.1,DD
2014-05,BOB,2014-08-05 00:00:00,22.0,83.5,DD
2014-05,BOB,2014-08-05 03:00:00,22.2,83.5,DD
2014-05,BOB,2014-08-05 06:00:00,22.9,83.0,DD
2014-05,BOB,2014-08-05 09:00:00,23.5,82.5,D
2014-05,BOB,2014-08-05 12:00:00,24.0,82.0,D
2014-05,BOB,2014-08-05 18:00:00,24.2,81.3,D
2014-05,BOB,2014-08-06 03:00:00,24.5,80.2,D
2014-05,BOB,2014-08-06 06:00:00,24.6,80.0,D
2014-05,BOB,2014-08-06 12:00:00,25.0,79.5,D
2014-05,BOB,2014-08-06 18:00:00,25.3,79.0,D
2014-05,BOB,2014-08-06 00:00:00,25.5,78.5,D
2014-06,BOB,2014-10-07 03:00:00,11.5,95.0,D
2014-06,BOB,2014-10-07 06:00:00,11.7,94.8,D
2014-06,BOB,2014-10-07 12:00:00,12.0,94.0,DD
2014-06,BOB,2014-10-07 18:00:00,12.0,93.5,DD
2014-06,BOB,2014-10-08 00:00:00,12.2,93.0,DD
2014-06,BOB,2014-10-08 03:00:00,12.3,92.9,CS
2014-06,BOB,2014-10-08 06:00:00,12.5,92.5,CS
2014-06,BOB,2014-10-08 09:00:00,12.7,91.7,CS
2014-06,BOB,2014-10-08 12:00:00,12.8,91.0,CS
2014-06,BOB,2014-10-08 15:00:00,13.0,90.5,CS
2014-06,BOB,2014-10-08 18:00:00,13.2,90.2,CS
2014-06,BOB,2014-10-08 21:00:00,13.5,89.6,CS
2014-06,BOB,2014-10-09 00:00:00,13.7,89.2,CS
2014-06,BOB,2014-10-09 03:00:00,13.8,89.0,SCS
2014-06,BOB,2014-10-09 06:00:00,13.9,88.8,SCS
2014-06,BOB,2014-10-09 09:00:00,14.6,88.6,SCS
2014-06,BOB,2014-10-09 12:00:00,14.1,88.4,SCS
2014-06,BOB,2014-10-09 15:00:00,14.1,88.1,SCS
2014-06,BOB,2014-10-09 18:00:00,14.1,87.9,SCS
2014-06,BOB,2014-10-09 21:00:00,14.3,87.7,SCS
2014-06,BOB,2014-10-10 00:00:00,14.4,87.6,SCS
2014-06,BOB,2014-10-10 03:00:00,14.7,87.2,SCS
2014-06,BOB,2014-10-10 06:00:00,14.8,87.0,SCS
2014-06,BOB,2014-10-10 09:00:00,15.0,86.8,VSCS
2014-06,BOB,2014-10-10 12:00:00,15.2,86.7,VSCS
2014-06,BOB,2014-10-10 15:00:00,15.4,86.5,VSCS
2014-06,BOB,2014-10-10 18:00:00,15.5,86.4,VSCS
2014-06,BOB,2014-10-10 21:00:00,15.7,86.1,VSCS
2014-06,BOB,2014-10-11 00:00:00,15.9,85.7,VSCS
2014-06,BOB,2014-10-11 03:00:00,16.0,85.4,VSCS
2014-06,BOB,2014-10-11 06:00:00,16.1,85.1,ESCS
2014-06,BOB,2014-10-11 09:00:00,16.1,85.0,ESCS
2014-06,BOB,2014-10-11 12:00:00,16.2,84.8,ESCS
2014-06,BOB,2014-10-11 15:00:00,16.2,84.8,ESCS
2014-06,BOB,2014-10-11 18:00:00,16.4,84.7,ESCS
2014-06,BOB,2014-10-11 21:00:00,16.7,84.4,ESCS
2014-06,BOB,2014-10-12 00:00:00,17.2,84.2,ESCS
2014-06,BOB,2014-10-12 03:00:00,17.4,83.8,ESCS
2014-06,BOB,2014-10-12 06:00:00,17.6,83.4,ESCS
2014-06,BOB,2014-10-12 09:00:00,17.8,83.0,ESCS
2014-06,BOB,2014-10-12 12:00:00,18.0,82.7,SCS
2014-06,BOB,2014-10-12 15:00:00,18.3,82.5,CS
2014-06,BOB,2014-10-12 18:00:00,18.7,82.3,CS
2014-06,BOB,2014-10-12 21:00:00,18.7,82.3,DD
2014-06,BOB,2014-10-13 00:00:00,19.5,81.5,DD
2014-06,BOB,2014-10-13 03:00:00,20.5,81.5,DD
2014-06,BOB,2014-10-13 06:00:00,20.7,81.5,D
2014-06,BOB,2014-10-13 12:00:00,21.3,81.5,D
2014-06,BOB,2014-10-13 18:00:00,22.3,81.5,D
2014-06,BOB,2014-10-14 00:00:00,24.8,81.5,D
2014-06,BOB,2014-10-14 03:00:00,25.1,81.6,D
2014-06,BOB,2014-10-14 06:00:00,25.6,81.7,D
2014-06,BOB,2014-10-14 09:00:00,26.3,81.8,D
2014-07,AS,2014-10-25 00:00:00,12.5,61.5,D
2014-07,AS,2014-10-25 03:00:00,12.5,61.5,D
2014-07,AS,2014-10-25 06:00:00,12.5,61.5,D
2014-07,AS,2014-10-25 12:00:00,13.0,61.0,D
2014-07,AS,2014-10-25 18:00:00,13.0,61.0,D
2014-07,AS,2014-10-26 00:00:00,14.0,62.0,D
2014-07,AS,2014-10-26 03:00:00,14.0,62.0,DD
2014-07,AS,2014-10-26 06:00:00,14.1,62.0,CS
2014-07,AS,2014-10-26 09:00:00,14.1,62.0,CS
2014-07,AS,2014-10-26 12:00:00,14.2,62.0,CS
2014-07,AS,2014-10-26 15:00:00,14.3,62.0,CS
2014-07,AS,2014-10-26 18:00:00,14.4,62.0,CS
2014-07,AS,2014-10-26 21:00:00,14.5,62.0,SCS
2014-07,AS,2014-10-27 00:00:00,14.8,62.0,SCS
2014-07,AS,2014-10-27 03:00:00,14.9,62.0,SCS
2014-07,AS,2014-10-27 06:00:00,14.9,62.0,VSCS
2014-07,AS,2014-10-27 09:00:00,14.9,62.0,VSCS
2014-07,AS,2014-10-27 12:00:00,15.0,62.0,VSCS
2014-07,AS,2014-10-27 15:00:00,15.1,62.0,VSCS
2014-07,AS,2014-10-27 18:00:00,15.3,62.0,VSCS
2014-07,AS,2014-10-27 21:00:00,15.6,61.8,VSCS
2014-07,AS,2014-10-28 00:00:00,15.7,61.8,VSCS
2014-07,AS,2014-10-28 03:00:00,15.8,61.7,VSCS
2014-07,AS,2014-10-28 06:00:00,15.9,61.6,VSCS
2014-07,AS,2014-10-28 09:00:00,16.3,61.6,ESCS
2014-07,AS,2014-10-28 12:00:00,16.7,61.8,ESCS
2014-07,AS,2014-10-28 15:00:00,17.2,61.8,ESCS
2014-07,AS,2014-10-28 18:00:00,17.6,61.8,ESCS
2014-07,AS,2014-10-28 21:00:00,18.0,61.8,ESCS
2014-07,AS,2014-10-29 00:00:00,18.2,62.0,ESCS
2014-07,AS,2014-10-29 03:00:00,18.7,62.0,ESCS
2014-07,AS,2014-10-29 06:00:00,18.9,62.0,ESCS
2014-07,AS,2014-10-29 09:00:00,19.0,62.0,ESCS
2014-07,AS,2014-10-29 12:00:00,19.2,62.2,VSCS
2014-07,AS,2014-10-29 15:00:00,19.4,62.5,VSCS
2014-07,AS,2014-10-29 18:00:00,19.4,62.8,VSCS
2014-07,AS,2014-10-29 21:00:00,19.4,63.1,SCS
2014-07,AS,2014-10-30 00:00:00,19.5,63.6,SCS
2014-07,AS,2014-10-30 03:00:00,19.8,64.1,SCS
2014-07,AS,2014-10-30 06:00:00,20.2,64.3,SCS
2014-07,AS,2014-10-30 09:00:00,20.2,64.5,CS
2014-07,AS,2014-10-30 12:00:00,20.5,64.6,CS
2014-07,AS,2014-10-30 18:00:00,20.6,64.7,CS
2014-07,AS,2014-10-30 21:00:00,20.7,65.0,DD
2014-07,AS,2014-10-31 00:00:00,20.7,65.1,D
2014-08,BOB,2014-11-05 09:00:00,13.0,87.5,D
2014-08,BOB,2014-11-05 12:00:00,13.0,87.5,D
2014-08,BOB,2014-11-05 18:00:00,13.5,87.5,D
2014-08,BOB,2014-11-06 00:00:00,13.8,87.5,D
2014-08,BOB,2014-11-06 03:00:00,14.0,87.5,DD
2014-08,BOB,2014-11-06 06:00:00,14.1,87.5,DD
2014-08,BOB,2014-11-06 12:00:00,14.1,88.0,DD
2014-08,BOB,2014-11-06 18:00:00,13.8,88.0,DD
2014-08,BOB,2014-11-07 00:00:00,14.0,87.5,DD
2014-08,BOB,2014-11-07 03:00:00,14.2,87.5,DD
2014-08,BOB,2014-11-07 06:00:00,14.2,87.5,D
2014-08,BOB,2014-11-07 12:00:00,14.2,87.5,D
2014-08,BOB,2014-11-07 18:00:00,14.3,87.0,D
2014-08,BOB,2014-11-08 00:00:00,14.3,86.5,D
2015-01,,2015-06-07 03:00:00,14.5,68.5,D
2015-01,,2015-06-07 06:00:00,15.0,68.2,D
2015-01,,2015-06-07 12:00:00,16.0,68.0,D
2015-01,,2015-06-07 18:00:00,16.5,68.0,D
2015-01,,2015-06-08 00:00:00,17.5,67.5,DD
2015-01,,2015-06-08 03:00:00,17.9,67.2,CS
2015-01,,2015-06-08 06:00:00,17.9,67.2,CS
2015-01,,2015-06-08 09:00:00,18.5,66.7,CS
2015-01,,2015-06-08 12:00:00,18.6,66.5,CS
2015-01,,2015-06-08 15:00:00,18.8,66.2,CS
2015-01,,2015-06-08 18:00:00,19.2,65.7,CS
2015-01,,2015-06-08 21:00:00,19.5,65.3,CS
2015-01,,2015-06-09 00:00:00,20.0,65.0,CS
2015-01,,2015-06-09 03:00:00,20.0,65.0,CS
2015-01,,2015-06-09 06:00:00,20.3,64.6,CS
2015-01,,2015-06-09 09:00:00,20.5,63.8,CS
2015-01,,2015-06-09 12:00:00,21.0,63.0,CS
2015-01,,2015-06-09 15:00:00,21.2,62.5,CS
2015-01,,2015-06-09 18:00:00,21.2,62.5,CS
2015-01,,2015-06-09 21:00:00,21.3,62.3,CS
2015-01,,2015-06-10 00:00:00,21.3,62.1,CS
2015-01,,2015-06-10 03:00:00,21.3,61.8,CS
2015-01,,2015-06-10 06:00:00,21.3,61.5,CS
2015-01,,2015-06-10 09:00:00,21.2,61.1,CS
2015-01,,2015-06-10 12:00:00,21.2,61.1,CS
2015-01,,2015-06-10 15:00:00,20.9,60.8,CS
2015-01,,2015-06-10 18:00:00,20.9,60.8,CS
2015-01,,2015-06-10 21:00:00,20.9,60.8,CS
2015-01,,2015-06-11 00:00:00,20.8,60.8,CS
2015-01,,2015-06-11 03:00:00,20.8,60.8,CS
2015-01,,2015-06-11 06:00:00,20.8,60.5,CS
2015-01,,2015-06-11 09:00:00,20.8,60.3,CS
2015-01,,2015-06-11 12:00:00,20.8,60.0,CS
2015-01,,2015-06-11 15:00:00,20.8,59.7,CS
2015-01,,2015-06-11 18:00:00,20.8,59.7,DD
2015-01,,2015-06-12 00:00:00,20.8,59.5,D
2015-01,,2015-06-12 03:00:00,20.8,59.5,D
2015-01,,2015-06-12 06:00:00,20.8,59.5,D
2015-02,BOB,2015-06-20 03:00:00,18.0,86.0,D
2015-02,BOB,2015-06-20 06:00:00,18.5,86.0,D
2015-02,BOB,2015-06-20 12:00:00,19.0,85.5,D
2015-02,BOB,2015-06-20 18:00:00,19.2,85.4,D
2015-02,BOB,2015-06-21 00:00:00,19.7,85.0,D
2015-02,BOB,2015-06-21 03:00:00,20.0,85.0,D
2015-02,BOB,2015-06-21 06:00:00,20.0,84.5,D
2015-02,BOB,2015-06-21 12:00:00,20.5,84.5,D
2015-02,BOB,2015-06-21 18:00:00,21.0,84.5,D
2015-03,BOB,2015-06-22 03:00:00,20.0,67.0,D
2015-03,BOB,2015-06-22 06:00:00,20.0,67.0,D
2015-03,BOB,2015-06-22 12:00:00,20.0,67.0,D
2015-03,BOB,2015-06-22 18:00:00,20.2,68.5,D
2015-03,BOB,2015-06-22 00:00:00,20.5,69.5,D
2015-03,BOB,2015-06-23 03:00:00,20.5,70.5,DD
2015-03,BOB,2015-06-23 06:00:00,21.0,71.0,DD
2015-03,BOB,2015-06-23 12:00:00,21.0,71.3,DD
2015-03,BOB,2015-06-23 18:00:00,21.6,71.4,DD
2015-03,BOB,2015-06-23 00:00:00,22.2,71.5,DD
2015-03,BOB,2015-06-24 03:00:00,22.4,72.0,DD
2015-03,BOB,2015-06-24 06:00:00,22.8,72.7,DD
2015-03,BOB,2015-06-24 12:00:00,23.5,74.0,D
2015-03,BOB,2015-06-24 18:00:00,26.0,76.0,D
2015-04,LAND,2015-07-10 03:00:00,23.1,85.1,D
2015-04,LAND,2015-07-10 06:00:00,23.1,85.0,D
2015-04,LAND,2015-07-10 09:00:00,23.3,84.0,D
2015-04,LAND,2015-07-10 12:00:00,23.5,83.5,D
2015-04,LAND,2015-07-10 15:00:00,23.5,82.5,D
2015-04,LAND,2015-07-10 18:00:00,23.6,82.3,D
2015-04,LAND,2015-07-10 21:00:00,23.8,81.0,D
2015-04,LAND,2015-07-11 00:00:00,24.0,80.5,D
2015-04,LAND,2015-07-11 03:00:00,24.0,80.5,D
2015-04,LAND,2015-07-11 06:00:00,24.5,80.5,D
2015-04,LAND,2015-07-11 09:00:00,24.5,80.5,D
2015-04,LAND,2015-07-11 12:00:00,25.5,80.5,D
2015-04,LAND,2015-07-11 15:00:00,26.0,80.0,D
2015-04,LAND,2015-07-11 18:00:00,26.5,79.5,D
2015-04,LAND,2015-07-11 21:00:00,26.0,78.5,D
2015-04,LAND,2015-07-12 00:00:00,27.5,78.3,D
2015-04,LAND,2015-07-12 03:00:00,28.5,78.0,D
2015-04,LAND,2015-07-12 06:00:00,28.5,77.5,D
2015-04,LAND,2015-07-12 09:00:00,28.5,77.3,D
2015-05,LAND,2015-07-27 12:00:00,26.2,71.8,D
2015-05,LAND,2015-07-27 15:00:00,26.0,71.8,D
2015-05,LAND,2015-07-27 18:00:00,25.8,71.8,D
2015-05,LAND,2015-07-27 21:00:00,26.1,71.8,D
2015-05,LAND,2015-07-28 00:00:00,26.2,71.8,D
2015-05,LAND,2015-07-28 03:00:00,24.8,71.8,DD
2015-05,LAND,2015-07-28 06:00:00,24.8,71.8,DD
2015-05,LAND,2015-07-28 09:00:00,24.8,71.8,DD
2015-05,LAND,2015-07-28 12:00:00,25.5,72.0,DD
2015-05,LAND,2015-07-28 15:00:00,25.6,72.1,DD
2015-05,LAND,2015-07-28 18:00:00,25.8,72.1,DD
2015-05,LAND,2015-07-28 21:00:00,25.9,72.3,DD
2015-05,LAND,2015-07-29 00:00:00,26.5,72.5,DD
2015-05,LAND,2015-07-29 03:00:00,27.2,73.0,D
2015-05,LAND,2015-07-29 06:00:00,27.2,73.0,D
2015-05,LAND,2015-07-29 09:00:00,27.2,73.0,D
2015-05,LAND,2015-07-29 12:00:00,27.7,73.0,D
2015-05,LAND,2015-07-29 15:00:00,27.9,73.0,D
2015-05,LAND,2015-07-29 18:00:00,27.9,73.1,D
2015-05,LAND,2015-07-29 21:00:00,28.0,73.1,D
2015-05,LAND,2015-07-30 00:00:00,28.7,73.4,D
2015-06,BOB,2015-07-26 00:00:00,22.0,90.8,D
2015-06,BOB,2015-07-26 03:00:00,22.0,90.8,D
2015-06,BOB,2015-07-26 06:00:00,22.0,90.5,D
2015-06,BOB,2015-07-26 12:00:00,22.0,90.5,D
2015-06,BOB,2015-07-26 18:00:00,22.0,90.5,D
2015-06,BOB,2015-07-27 00:00:00,22.0,90.5,D
2015-06,BOB,2015-07-27 03:00:00,22.0,90.5,D
2015-06,BOB,2015-07-27 06:00:00,22.0,90.5,D
2015-06,BOB,2015-07-27 12:00:00,22.0,90.5,D
2015-06,BOB,2015-07-27 18:00:00,22.0,90.5,D
2015-06,BOB,2015-07-28 00:00:00,22.0,90.5,D
2015-06,BOB,2015-07-28 03:00:00,22.0,90.5,D
2015-06,BOB,2015-07-28 06:00:00,21.8,90.3,D
2015-06,BOB,2015-07-28 12:00:00,21.5,90.2,D
2015-06,BOB,2015-07-28 18:00:00,21.3,90.6,D
2015-06,BOB,2015-07-29 00:00:00,21.0,91.0,DD
2015-06,BOB,2015-07-29 03:00:00,21.1,91.0,DD
2015-06,BOB,2015-07-29 06:00:00,21.2,91.1,DD
2015-06,BOB,2015-07-29 12:00:00,21.5,91.4,DD
2015-06,BOB,2015-07-29 18:00:00,21.6,91.4,CS
2015-06,BOB,2015-07-30 00:00:00,21.7,91.4,CS
2015-06,BOB,2015-07-30 03:00:00,22.0,91.4,CS
2015-06,BOB,2015-07-30 06:00:00,22.2,91.4,CS
2015-06,BOB,2015-07-30 09:00:00,22.3,91.4,CS
2015-06,BOB,2015-07-30 12:00:00,22.4,91.4,CS
2015-06,BOB,2015-07-30 15:00:00,22.6,91.3,CS
2015-06,BOB,2015-07-30 18:00:00,22.8,91.1,CS
2015-06,BOB,2015-07-30 21:00:00,23.0,91.0,DD
2015-06,BOB,2015-07-31 00:00:00,23.1,90.0,DD
2015-06,BOB,2015-07-31 03:00:00,23.1,90.0,DD
2015-06,BOB,2015-07-31 06:00:00,23.1,89.8,DD
2015-06,BOB,2015-07-31 12:00:00,23.1,89.5,D
2015-06,BOB,2015-07-31 18:00:00,23.1,89.4,D
2015-06,BOB,2015-08-01 00:00:00,23.2,89.2,D
2015-06,BOB,2015-08-01 03:00:00,23.2,89.2,D
2015-06,BOB,2015-08-01 06:00:00,23.5,88.8,D
2015-06,BOB,2015-08-01 12:00:00,23.8,88.4,D
2015-06,BOB,2015-08-01 18:00:00,23.8,87.5,D
2015-06,BOB,2015-08-02 00:00:00,23.8,86.7,D
2015-06,BOB,2015-08-02 03:00:00,23.5,86.0,D
2015-06,BOB,2015-08-02 06:00:00,23.3,85.7,D
2015-06,BOB,2015-08-02 09:00:00,23.1,85.5,D
2015-07,LAND,2015-08-04 03:00:00,22.7,80.5,D
2015-07,LAND,2015-08-04 06:00:00,22.7,80.0,D
2015-07,LAND,2015-08-04 09:00:00,22.7,79.5,D
2015-07,LAND,2015-08-04 12:00:00,22.7,77.8,D
2015-07,LAND,2015-08-04 18:00:00,22.7,77.8,D
2015-08,LAND,2015-09-16 03:00:00,19.6,83.5,D
2015-08,LAND,2015-09-16 06:00:00,20.3,83.0,D
2015-08,LAND,2015-09-16 09:00:00,20.4,82.7,D
2015-08,LAND,2015-09-16 12:00:00,20.5,82.5,D
2015-08,LAND,2015-09-16 15:00:00,20.6,82.0,D
2015-08,LAND,2015-09-16 18:00:00,20.8,81.9,D
2015-08,LAND,2015-09-16 21:00:00,21.0,81.9,D
2015-08,LAND,2015-09-17 00:00:00,21.1,81.5,D
2015-08,LAND,2015-09-17 03:00:00,21.0,79.5,DD
2015-08,LAND,2015-09-17 06:00:00,20.5,79.5,DD
2015-08,LAND,2015-09-17 09:00:00,20.0,79.5,DD
2015-08,LAND,2015-09-17 12:00:00,20.5,79.0,DD
2015-08,LAND,2015-09-17 15:00:00,20.0,77.5,DD
2015-08,LAND,2015-09-17 18:00:00,20.0,77.0,DD
2015-08,LAND,2015-09-17 21:00:00,20.0,76.4,DD
2015-08,LAND,2015-09-18 00:00:00,20.8,77.4,DD
2015-08,LAND,2015-09-18 03:00:00,20.7,77.0,D
2015-08,LAND,2015-09-18 06:00:00,20.0,77.0,D
2015-08,LAND,2015-09-18 09:00:00,20.7,76.5,D
2015-08,LAND,2015-09-18 12:00:00,20.5,76.0,D
2015-08,LAND,2015-09-18 15:00:00,20.5,75.8,D
2015-08,LAND,2015-09-18 18:00:00,20.5,75.5,D
2015-08,LAND,2015-09-18 21:00:00,20.8,75.0,D
2015-08,LAND,2015-09-19 00:00:00,21.0,74.5,D
2015-09,LAND,2015-10-09 00:00:00,14.0,70.3,D
2015-09,LAND,2015-10-09 03:00:00,14.0,70.3,D
2015-09,LAND,2015-10-09 06:00:00,14.1,70.3,D
2015-09,LAND,2015-10-09 12:00:00,14.3,70.2,D
2015-09,LAND,2015-10-09 18:00:00,14.7,69.9,DD
2015-09,LAND,2015-10-10 00:00:00,15.0,69.6,DD
2015-09,LAND,2015-10-10 03:00:00,15.1,69.5,DD
2015-09,LAND,2015-10-10 06:00:00,15.1,69.4,DD
2015-09,LAND,2015-10-10 12:00:00,15.2,69.3,DD
2015-09,LAND,2015-10-10 18:00:00,15.3,69.2,DD
2015-09,LAND,2015-10-11 00:00:00,15.5,69.2,DD
2015-09,LAND,2015-10-11 03:00:00,15.6,69.2,D
2015-09,LAND,2015-10-11 06:00:00,15.7,69.2,D
2015-09,LAND,2015-10-11 12:00:00,15.9,69.2,D
2015-09,LAND,2015-10-11 18:00:00,16.0,69.2,D
2015-09,LAND,2015-10-12 00:00:00,16.1,69.0,D
2015-10,LAND,2015-10-28 03:00:00,11.5,65.0,D
2015-10,LAND,2015-10-28 06:00:00,11.8,64.9,D
2015-10,LAND,2015-10-28 12:00:00,12.5,64.7,DD
2015-10,LAND,2015-10-28 18:00:00,13.0,64.7,DD
2015-10,LAND,2015-10-29 00:00:00,13.7,64.3,CS
2015-10,LAND,2015-10-29 03:00:00,13.8,64.2,CS
2015-10,LAND,2015-10-29 06:00:00,13.9,63.8,CS
2015-10,LAND,2015-10-29 09:00:00,14.0,63.5,SCS
2015-10,LAND,2015-10-29 12:00:00,14.1,63.3,SCS
2015-10,LAND,2015-10-29 15:00:00,14.3,62.8,SCS
2015-10,LAND,2015-10-29 18:00:00,14.3,62.5,VSCS
2015-10,LAND,2015-10-29 21:00:00,14.3,62.3,VSCS
2015-10,LAND,2015-10-30 00:00:00,14.3,61.8,ESCS
2015-10,LAND,2015-10-30 03:00:00,14.3,61.5,ESCS
2015-10,LAND,2015-10-30 06:00:00,14.3,61.1,ESCS
2015-10,LAND,2015-10-30 09:00:00,14.2,60.8,ESCS
2015-10,LAND,2015-10-30 12:00:00,14.1,60.6,ESCS
2015-10,LAND,2015-10-30 15:00:00,14.0,60.4,ESCS
2015-10,LAND,2015-10-30 18:00:00,13.9,60.2,ESCS
2015-10,LAND,2015-10-30 21:00:00,13.9,59.9,ESCS
2015-10,LAND,2015-10-31 00:00:00,13.9,59.6,ESCS
2015-10,LAND,2015-10-31 03:00:00,13.8,59.2,ESCS
2015-10,LAND,2015-10-31 06:00:00,13.8,58.7,ESCS
2015-10,LAND,2015-10-31 09:00:00,13.8,58.3,ESCS
2015-10,LAND,2015-10-31 12:00:00,13.8,57.9,ESCS
2015-10,LAND,2015-10-31 15:00:00,13.8,57.5,ESCS
2015-10,LAND,2015-10-31 18:00:00,13.8,57.2,ESCS
2015-10,LAND,2015-10-31 21:00:00,13.7,56.8,ESCS
2015-10,LAND,2015-11-01 00:00:00,13.7,56.4,ESCS
2015-10,LAND,2015-11-01 03:00:00,13.6,56.1,ESCS
2015-10,LAND,2015-11-01 06:00:00,13.6,55.6,ESCS
2015-10,LAND,2015-11-01 09:00:00,13.6,55.1,ESCS
2015-10,LAND,2015-11-01 12:00:00,13.6,54.6,ESCS
2015-10,LAND,2015-11-01 15:00:00,13.6,54.2,ESCS
2015-10,LAND,2015-11-01 18:00:00,13.4,53.7,ESCS
2015-10,LAND,2015-11-01 21:00:00,13.3,53.1,ESCS
2015-10,LAND,2015-11-02 00:00:00,13.2,52.5,ESCS
2015-10,LAND,2015-11-02 03:00:00,13.2,52.2,ESCS
2015-10,LAND,2015-11-02 06:00:00,13.3,51.6,ESCS
2015-10,LAND,2015-11-02 09:00:00,13.3,51.0,ESCS
2015-10,LAND,2015-11-02 12:00:00,13.4,50.5,VSCS
2015-10,LAND,2015-11-02 15:00:00,13.5,50.0,VSCS
2015-10,LAND,2015-11-02 18:00:00,13.7,49.6,VSCS
2015-10,LAND,2015-11-02 21:00:00,13.8,49.3,VSCS
2015-10,LAND,2015-11-03 00:00:00,14.0,48.8,VSCS
2015-10,LAND,2015-11-03 03:00:00,14.2,48.4,SCS
2015-10,LAND,2015-11-03 06:00:00,14.2,47.8,CS
2015-10,LAND,2015-11-03 09:00:00,14.2,47.6,CS
2015-10,LAND,2015-11-03 12:00:00,14.2,47.3,CS
2015-10,LAND,2015-11-03 15:00:00,14.2,47.1,CS
2015-10,LAND,2015-11-03 18:00:00,14.3,47.0,DD
2015-10,LAND,2015-11-04 00:00:00,14.8,46.5,D
2015-11,LAND,2015-11-05 00:00:00,14.1,66.0,D
2015-11,LAND,2015-11-05 03:00:00,14.1,65.6,D
2015-11,LAND,2015-11-05 06:00:00,14.1,64.8,DD
2015-11,LAND,2015-11-05 12:00:00,14.0,64.0,CS
2015-11,LAND,2015-11-05 15:00:00,13.9,63.7,CS
2015-11,LAND,2015-11-05 18:00:00,13.9,63.4,CS
2015-11,LAND,2015-11-05 21:00:00,13.8,63.0,CS
2015-11,LAND,2015-11-06 00:00:00,13.7,62.5,CS
2015-11,LAND,2015-11-06 03:00:00,13.5,62.2,CS
2015-11,LAND,2015-11-06 06:00:00,13.2,61.9,CS
2015-11,LAND,2015-11-06 09:00:00,13.1,61.5,CS
2015-11,LAND,2015-11-06 12:00:00,13.0,61.0,CS
2015-11,LAND,2015-11-06 15:00:00,12.9,60.8,CS
2015-11,LAND,2015-11-06 18:00:00,12.9,60.6,CS
2015-11,LAND,2015-11-06 21:00:00,12.8,60.4,CS
2015-11,LAND,2015-11-07 00:00:00,12.8,60.1,CS
2015-11,LAND,2015-11-07 03:00:00,12.8,59.6,CS
2015-11,LAND,2015-11-07 06:00:00,12.7,59.2,SCS
2015-11,LAND,2015-11-07 09:00:00,12.6,58.8,SCS
2015-11,LAND,2015-11-07 12:00:00,12.7,58.4,SCS
2015-11,LAND,2015-11-07 15:00:00,12.6,57.9,VSCS
2015-11,LAND,2015-11-07 18:00:00,12.7,57.3,VSCS
2015-11,LAND,2015-11-07 21:00:00,12.7,56.7,VSCS
2015-11,LAND,2015-11-08 00:00:00,12.7,56.1,VSCS
2015-11,LAND,2015-11-08 03:00:00,12.7,55.5,ESCS
2015-11,LAND,2015-11-08 06:00:00,12.7,54.9,ESCS
2015-11,LAND,2015-11-08 09:00:00,12.7,54.2,ESCS
2015-11,LAND,2015-11-08 12:00:00,12.7,53.5,ESCS
2015-11,LAND,2015-11-08 15:00:00,12.7,52.9,ESCS
2015-11,LAND,2015-11-08 18:00:00,12.5,52.4,ESCS
2015-11,LAND,2015-11-08 21:00:00,12.5,51.7,ESCS
2015-11,LAND,2015-11-09 00:00:00,12.3,51.0,VSCS
2015-11,LAND,2015-11-09 03:00:00,12.3,50.3,VSCS
2015-11,LAND,2015-11-09 06:00:00,12.3,49.6,VSCS
2015-11,LAND,2015-11-09 09:00:00,12.4,48.8,VSCS
2015-11,LAND,2015-11-09 12:00:00,12.5,48.0,VSCS
2015-11,LAND,2015-11-09 15:00:00,12.5,47.6,VSCS
2015-11,LAND,2015-11-09 18:00:00,12.6,47.2,VSCS
2015-11,LAND,2015-11-09 21:00:00,12.7,46.8,SCS
2015-11,LAND,2015-11-10 00:00:00,12.9,46.4,SCS
2015-11,LAND,2015-11-10 03:00:00,13.1,46.2,CS
2015-11,LAND,2015-11-10 06:00:00,13.3,46.1,DD
2015-11,LAND,2015-11-10 12:00:00,13.6,46.5,D
2015-12,BOB,2015-11-08 03:00:00,10.7,83.7,D
2015-12,BOB,2015-11-08 06:00:00,10.8,83.2,D
2015-12,BOB,2015-11-08 12:00:00,11.0,82.5,D
2015-12,BOB,2015-11-08 18:00:00,11.2,81.4,DD
2015-12,BOB,2015-11-09 00:00:00,11.4,80.7,DD
2015-12,BOB,2015-11-09 03:00:00,11.6,80.3,DD
2015-12,BOB,2015-11-09 06:00:00,11.7,80.1,DD
2015-12,BOB,2015-11-09 12:00:00,12.1,80.0,DD
2015-12,BOB,2015-11-09 18:00:00,12.4,79.9,DD
2015-12,BOB,2015-11-10 00:00:00,12.4,79.6,DD
2015-12,BOB,2015-11-10 03:00:00,12.4,79.3,D
2016-01,BOB,2016-05-17 03:00:00,11.0,81.0,D
2016-01,BOB,2016-05-17 06:00:00,11.3,80.9,D
2016-01,BOB,2016-05-17 12:00:00,12.0,80.7,D
2016-01,BOB,2016-05-17 18:00:00,12.5,80.7,D
2016-01,BOB,2016-05-18 00:00:00,13.0,80.8,D
2016-01,BOB,2016-05-18 03:00:00,13.3,81.0,DD
2016-01,BOB,2016-05-18 06:00:00,13.8,81.0,DD
2016-01,BOB,2016-05-18 12:00:00,14.4,81.0,DD
2016-01,BOB,2016-05-18 18:00:00,14.4,81.0,DD
2016-01,BOB,2016-05-19 00:00:00,15.1,81.4,CS
2016-01,BOB,2016-05-19 03:00:00,15.6,81.6,CS
2016-01,BOB,2016-05-19 06:00:00,15.6,81.6,CS
2016-01,BOB,2016-05-19 12:00:00,16.0,81.9,CS
2016-01,BOB,2016-05-19 15:00:00,16.2,82.2,CS
2016-01,BOB,2016-05-19 18:00:00,16.4,82.6,CS
2016-01,BOB,2016-05-19 21:00:00,16.8,82.8,CS
2016-01,BOB,2016-05-20 00:00:00,17.2,83.3,CS
2016-01,BOB,2016-05-20 03:00:00,18.0,84.2,CS
2016-01,BOB,2016-05-20 06:00:00,18.4,84.6,CS
2016-01,BOB,2016-05-20 09:00:00,18.8,85.0,CS
2016-01,BOB,2016-05-20 12:00:00,19.7,86.5,CS
2016-01,BOB,2016-05-20 15:00:00,20.1,87.1,CS
2016-01,BOB,2016-05-20 18:00:00,20.4,87.7,CS
2016-01,BOB,2016-05-20 21:00:00,20.7,88.4,CS
2016-01,BOB,2016-05-21 00:00:00,21.0,89.0,CS
2016-01,BOB,2016-05-21 03:00:00,21.5,90.3,CS
2016-01,BOB,2016-05-21 06:00:00,21.9,91.0,CS
2016-01,BOB,2016-05-21 09:00:00,22.5,91.5,CS
2016-01,BOB,2016-05-21 12:00:00,22.8,92.0,CS
2016-01,BOB,2016-05-21 15:00:00,23.5,93.0,DD
2016-01,BOB,2016-05-21 18:00:00,24.0,94.0,DD
2016-01,BOB,2016-05-22 00:00:00,24.5,94.7,D
2016-02,BOB,2016-06-27 09:00:00,21.5,64.5,D
2016-02,BOB,2016-06-27 12:00:00,21.5,64.0,D
2016-02,BOB,2016-06-27 18:00:00,21.5,64.0,D
2016-02,BOB,2016-06-28 00:00:00,21.8,64.0,D
2016-02,BOB,2016-06-28 03:00:00,21.3,62.5,D
2016-02,BOB,2016-06-28 06:00:00,21.3,62.5,D
2016-02,BOB,2016-06-28 12:00:00,20.8,62.3,D
2016-02,BOB,2016-06-28 18:00:00,20.3,62.4,D
2016-02,BOB,2016-06-29 00:00:00,20.3,62.3,D
2016-03,LAND,2016-07-06 03:00:00,24.8,81.5,D
2016-03,LAND,2016-07-06 06:00:00,24.8,81.5,D
2016-03,LAND,2016-07-06 12:00:00,24.8,81.0,D
2016-03,LAND,2016-07-06 18:00:00,24.8,81.0,D
2016-03,LAND,2016-07-07 00:00:00,24.8,81.0,D
2016-04,LAND,2016-08-09 09:00:00,22.0,88.5,D
2016-04,LAND,2016-08-09 12:00:00,22.0,88.5,D
2016-04,LAND,2016-08-09 18:00:00,22.5,89.0,D
2016-04,LAND,2016-08-10 00:00:00,22.8,89.7,D
2016-04,LAND,2016-08-10 03:00:00,23.0,89.4,DD
2016-04,LAND,2016-08-10 06:00:00,23.1,89.3,DD
2016-04,LAND,2016-08-10 12:00:00,23.4,89.1,DD
2016-04,LAND,2016-08-10 18:00:00,23.6,88.5,DD
2016-04,LAND,2016-08-11 00:00:00,23.8,87.8,DD
2016-04,LAND,2016-08-11 03:00:00,24.0,87.4,DD
2016-04,LAND,2016-08-11 06:00:00,24.0,87.0,D
2016-04,LAND,2016-08-11 12:00:00,24.0,86.5,D
2016-04,LAND,2016-08-11 18:00:00,24.0,85.7,D
2016-04,LAND,2016-08-12 00:00:00,24.0,85.0,D
2016-04,LAND,2016-08-12 03:00:00,24.0,84.5,D
2016-04,LAND,2016-08-12 06:00:00,24.0,84.5,D
2016-04,LAND,2016-08-12 12:00:00,24.2,84.5,D
2016-04,LAND,2016-08-12 18:00:00,24.4,84.0,D
2016-05,BOB,2016-08-16 12:00:00,21.0,89.0,D
2016-05,BOB,2016-08-16 18:00:00,21.2,88.7,D
2016-05,BOB,2016-08-16 00:00:00,21.4,88.4,D
2016-05,BOB,2016-08-17 03:00:00,21.5,88.5,D
2016-05,BOB,2016-08-17 06:00:00,21.5,88.5,D
2016-05,BOB,2016-08-17 12:00:00,22.0,88.2,DD
2016-05,BOB,2016-08-17 18:00:00,22.9,86.9,DD
2016-05,BOB,2016-08-18 00:00:00,23.7,85.7,DD
2016-05,BOB,2016-08-18 03:00:00,24.0,85.0,DD
2016-05,BOB,2016-08-18 06:00:00,24.0,84.4,DD
2016-05,BOB,2016-08-18 12:00:00,24.1,83.4,DD
2016-05,BOB,2016-08-18 18:00:00,24.4,82.7,DD
2016-05,BOB,2016-08-19 00:00:00,24.7,82.1,DD
2016-05,BOB,2016-08-19 03:00:00,25.0,82.3,DD
2016-05,BOB,2016-08-19 06:00:00,24.8,80.6,DD
2016-05,BOB,2016-08-19 12:00:00,24.7,79.0,DD
2016-05,BOB,2016-08-19 18:00:00,24.7,78.4,DD
2016-05,BOB,2016-08-20 00:00:00,24.7,77.8,DD
2016-05,BOB,2016-08-20 03:00:00,24.8,77.5,DD
2016-05,BOB,2016-08-20 06:00:00,24.8,77.3,DD
2016-05,BOB,2016-08-20 12:00:00,24.8,77.2,DD
2016-05,BOB,2016-08-20 18:00:00,25.0,76.5,D
2016-06,BOB,2016-10-21 00:00:00,13.5,88.5,D
2016-06,BOB,2016-10-21 03:00:00,13.6,88.8,D
2016-06,BOB,2016-10-21 06:00:00,13.7,89.3,D
2016-06,BOB,2016-10-21 12:00:00,13.9,89.8,D
2016-06,BOB,2016-10-21 18:00:00,13.9,89.9,D
2016-06,BOB,2016-10-22 00:00:00,13.9,90.0,D
2016-06,BOB,2016-10-22 03:00:00,14.0,90.5,D
2016-06,BOB,2016-10-22 06:00:00,14.5,91.3,D
2016-06,BOB,2016-10-22 12:00:00,14.9,92.0,D
2016-06,BOB,2016-10-22 18:00:00,15.2,92.5,D
2016-06,BOB,2016-10-23 00:00:00,15.5,93.0,D
2016-06,BOB,2016-10-23 03:00:00,15.5,93.0,DD
2016-06,BOB,2016-10-23 06:00:00,15.5,93.0,DD
2016-06,BOB,2016-10-23 12:00:00,15.7,93.1,DD
2016-06,BOB,2016-10-23 18:00:00,16.0,93.2,DD
2016-06,BOB,2016-10-24 00:00:00,16.4,93.2,DD
2016-06,BOB,2016-10-24 03:00:00,16.4,93.2,DD
2016-06,BOB,2016-10-24 06:00:00,16.5,93.1,DD
2016-06,BOB,2016-10-24 12:00:00,16.7,92.7,DD
2016-06,BOB,2016-10-24 18:00:00,16.8,92.3,DD
2016-06,BOB,2016-10-25 00:00:00,16.9,91.7,DD
2016-06,BOB,2016-10-25 03:00:00,17.0,91.2,CS
2016-06,BOB,2016-10-25 06:00:00,17.0,90.9,CS
2016-06,BOB,2016-10-25 09:00:00,16.8,90.6,CS
2016-06,BOB,2016-10-25 12:00:00,16.9,90.5,CS
2016-06,BOB,2016-10-25 15:00:00,16.7,90.2,CS
2016-06,BOB,2016-10-25 18:00:00,16.7,89.8,CS
2016-06,BOB,2016-10-25 21:00:00,16.5,89.6,CS
2016-06,BOB,2016-10-26 00:00:00,16.6,89.0,CS
2016-06,BOB,2016-10-26 03:00:00,16.6,88.5,CS
2016-06,BOB,2016-10-26 06:00:00,16.5,88.0,CS
2016-06,BOB,2016-10-26 09:00:00,16.4,87.5,CS
2016-06,BOB,2016-10-26 12:00:00,16.3,87.0,CS
2016-06,BOB,2016-10-26 15:00:00,16.2,86.6,CS
2016-06,BOB,2016-10-26 18:00:00,16.1,86.4,CS
2016-06,BOB,2016-10-26 21:00:00,15.9,85.9,DD
2016-06,BOB,2016-10-27 00:00:00,15.7,85.5,DD
2016-06,BOB,2016-10-27 03:00:00,15.6,85.0,DD
2016-06,BOB,2016-10-27 06:00:00,15.6,84.5,DD
2016-06,BOB,2016-10-27 12:00:00,15.5,83.5,D
2016-06,BOB,2016-10-27 18:00:00,15.4,83.0,D
2016-07,BOB,2016-11-02 18:00:00,12.7,88.0,D
2016-07,BOB,2016-11-03 00:00:00,13.0,87.0,D
2016-07,BOB,2016-11-03 03:00:00,13.4,86.5,D
2016-07,BOB,2016-11-03 06:00:00,13.7,86.0,D
2016-07,BOB,2016-11-03 12:00:00,14.2,85.5,D
2016-07,BOB,2016-11-03 18:00:00,14.6,85.0,D
2016-07,BOB,2016-11-04 00:00:00,15.5,84.8,D
2016-07,BOB,2016-11-04 03:00:00,16.0,84.7,D
2016-07,BOB,2016-11-04 06:00:00,16.0,84.7,D
2016-07,BOB,2016-11-04 12:00:00,16.3,84.7,D
2016-07,BOB,2016-11-04 18:00:00,16.9,85.0,D
2016-07,BOB,2016-11-05 00:00:00,17.7,86.0,D
2016-07,BOB,2016-11-05 03:00:00,18.3,87.0,D
2016-07,BOB,2016-11-05 06:00:00,18.5,87.0,D
2016-07,BOB,2016-11-05 12:00:00,19.0,88.7,D
2016-07,BOB,2016-11-05 18:00:00,19.5,89.5,D
2016-07,BOB,2016-11-06 00:00:00,20.5,91.0,D
2016-07,BOB,2016-11-06 03:00:00,21.0,91.5,D
2016-07,BOB,2016-11-06 06:00:00,21.5,91.8,D
2016-07,BOB,2016-11-06 09:00:00,21.6,91.9,D
2016-08,BOB,2016-11-29 12:00:00,6.5,87.5,D
2016-08,BOB,2016-11-29 18:00:00,7.2,86.7,D
2016-08,BOB,2016-11-30 00:00:00,7.8,85.7,DD
2016-08,BOB,2016-11-30 03:00:00,8.2,85.3,CS
2016-08,BOB,2016-11-30 06:00:00,8.7,85.0,CS
2016-08,BOB,2016-11-30 09:00:00,9.5,84.3,CS
2016-08,BOB,2016-11-30 12:00:00,9.8,84.0,CS
2016-08,BOB,2016-11-30 15:00:00,10.0,83.5,CS
2016-08,BOB,2016-11-30 18:00:00,10.3,83.0,CS
2016-08,BOB,2016-11-30 21:00:00,10.4,82.0,CS
2016-08,BOB,2016-12-01 00:00:00,10.4,81.8,CS
2016-08,BOB,2016-12-01 03:00:00,10.4,81.7,CS
2016-08,BOB,2016-12-01 06:00:00,10.6,81.2,DD
2016-08,BOB,2016-12-01 12:00:00,10.7,80.7,DD
2016-08,BOB,2016-12-01 18:00:00,10.8,80.2,D
2016-08,BOB,2016-12-02 00:00:00,10.8,79.7,
2016-09,BOB,2016-12-06 09:00:00,8.5,91.0,D
2016-09,BOB,2016-12-06 12:00:00,8.5,90.5,D
2016-09,BOB,2016-12-06 18:00:00,9.5,90.5,D
2016-09,BOB,2016-12-07 00:00:00,9.8,90.5,D
2016-09,BOB,2016-12-07 03:00:00,9.8,90.5,D
2016-09,BOB,2016-12-07 06:00:00,9.8,90.5,D
2016-09,BOB,2016-12-07 12:00:00,10.0,90.5,D
2016-09,BOB,2016-12-07 18:00:00,10.8,90.5,DD
2016-09,BOB,2016-12-08 00:00:00,11.2,90.5,CS
2016-09,BOB,2016-12-08 03:00:00,11.5,90.5,CS
2016-09,BOB,2016-12-08 06:00:00,11.5,90.5,CS
2016-09,BOB,2016-12-08 09:00:00,11.5,90.5,CS
2016-09,BOB,2016-12-08 12:00:00,11.7,90.5,CS
2016-09,BOB,2016-12-08 15:00:00,11.7,90.5,CS
2016-09,BOB,2016-12-08 18:00:00,11.8,90.5,CS
2016-09,BOB,2016-12-08 21:00:00,12.0,90.5,CS
2016-09,BOB,2016-12-09 00:00:00,12.0,90.4,CS
2016-09,BOB,2016-12-09 03:00:00,12.1,90.4,CS
2016-09,BOB,2016-12-09 06:00:00,12.1,90.3,CS
2016-09,BOB,2016-12-09 09:00:00,12.2,90.3,CS
2016-09,BOB,2016-12-09 12:00:00,12.2,90.0,CS
2016-09,BOB,2016-12-09 15:00:00,12.2,89.9,CS
2016-09,BOB,2016-12-09 18:00:00,12.3,89.6,SCS
2016-09,BOB,2016-12-09 21:00:00,12.5,89.0,SCS
2016-09,BOB,2016-12-10 00:00:00,12.6,88.4,SCS
2016-09,BOB,2016-12-10 03:00:00,12.7,88.0,SCS
2016-09,BOB,2016-12-10 06:00:00,13.0,87.4,SCS
2016-09,BOB,2016-12-10 09:00:00,13.1,86.8,SCS
2016-09,BOB,2016-12-10 12:00:00,13.2,86.4,VSCS
2016-09,BOB,2016-12-10 15:00:00,13.3,85.9,VSCS
2016-09,BOB,2016-12-10 18:00:00,13.3,85.3,VSCS
2016-09,BOB,2016-12-10 21:00:00,13.3,85.0,VSCS
2016-09,BOB,2016-12-11 00:00:00,13.3,84.7,VSCS
2016-09,BOB,2016-12-11 03:00:00,13.1,84.3,VSCS
2016-09,BOB,2016-12-11 06:00:00,13.1,83.7,VSCS
2016-09,BOB,2016-12-11 09:00:00,13.1,83.3,VSCS
2016-09,BOB,2016-12-11 12:00:00,13.3,83.0,VSCS
2016-09,BOB,2016-12-11 15:00:00,13.3,82.5,VSCS
2016-09,BOB,2016-12-11 18:00:00,13.1,82.3,VSCS
2016-09,BOB,2016-12-11 21:00:00,13.2,81.9,VSCS
2016-09,BOB,2016-12-12 00:00:00,13.2,81.6,VSCS
2016-09,BOB,2016-12-12 03:00:00,13.2,81.2,VSCS
2016-09,BOB,2016-12-12 06:00:00,13.2,80.7,VSCS
2016-09,BOB,2016-12-12 09:00:00,13.1,80.3,SCS
2016-09,BOB,2016-12-12 12:00:00,13.0,79.9,SCS
2016-09,BOB,2016-12-12 15:00:00,12.9,79.5,CS
2016-09,BOB,2016-12-12 18:00:00,12.7,79.1,DD
2016-09,BOB,2016-12-13 00:00:00,12.5,78.0,D
2016-10,BOB,2016-12-17 03:00:00,11.0,62.5,D
2016-10,BOB,2016-12-17 06:00:00,11.8,61.7,D
2016-10,BOB,2016-12-17 12:00:00,11.3,60.5,D
2016-10,BOB,2016-12-17 18:00:00,10.8,59.8,D
2016-10,BOB,2016-12-18 00:00:00,9.8,58.0,D
2016-10,BOB,2016-12-18 03:00:00,9.4,56.8,D
2017-01,BOB,2017-04-15 00:00:00,12.0,88.0,D
2017-01,BOB,2017-04-15 03:00:00,12.5,88.3,D
2017-01,BOB,2017-04-15 06:00:00,13.2,89.0,D
2017-01,BOB,2017-04-15 09:00:00,13.7,89.5,DD
2017-01,BOB,2017-04-15 12:00:00,14.3,90.1,DD
2017-01,BOB,2017-04-15 18:00:00,15.3,91.0,CS
2017-01,BOB,2017-04-15 21:00:00,15.5,91.2,CS
2017-01,BOB,2017-04-16 00:00:00,16.2,92.0,CS
2017-01,BOB,2017-04-16 03:00:00,16.7,92.5,CS
2017-01,BOB,2017-04-16 06:00:00,17.0,92.9,CS
2017-01,BOB,2017-04-16 09:00:00,17.5,93.2,CS
2017-01,BOB,2017-04-16 12:00:00,17.8,93.6,CS
2017-01,BOB,2017-04-16 15:00:00,18.1,93.9,CS
2017-01,BOB,2017-04-16 18:00:00,18.4,94.3,CS
2017-01,BOB,2017-04-16 21:00:00,19.0,95.0,DD
2017-01,BOB,2017-04-17 00:00:00,19.5,95.5,D
2017-02,BOB,2017-05-28 00:00:00,14.0,88.5,D
2017-02,BOB,2017-05-28 03:00:00,14.5,89.5,D
2017-02,BOB,2017-05-28 06:00:00,15.0,90.0,D
2017-02,BOB,2017-05-28 09:00:00,15.4,90.5,DD
2017-02,BOB,2017-05-28 12:00:00,15.7,90.7,DD
2017-02,BOB,2017-05-28 15:00:00,16.0,91.0,CS
2017-02,BOB,2017-05-28 18:00:00,16.3,91.2,CS
2017-02,BOB,2017-05-28 21:00:00,16.6,91.3,CS
2017-02,BOB,2017-05-29 00:00:00,17.0,91.3,CS
2017-02,BOB,2017-05-29 03:00:00,17.3,91.3,CS
2017-02,BOB,2017-05-29 06:00:00,17.8,91.4,CS
2017-02,BOB,2017-05-29 09:00:00,18.3,91.5,CS
2017-02,BOB,2017-05-29 12:00:00,18.6,91.5,SCS
2017-02,BOB,2017-05-29 15:00:00,18.8,91.5,SCS
2017-02,BOB,2017-05-29 18:00:00,20.0,91.6,SCS
2017-02,BOB,2017-05-29 21:00:00,20.3,91.6,SCS
2017-02,BOB,2017-05-30 00:00:00,21.1,91.8,SCS
2017-02,BOB,2017-05-30 03:00:00,21.8,91.9,SCS
2017-02,BOB,2017-05-30 06:00:00,22.8,91.9,SCS
2017-02,BOB,2017-05-30 09:00:00,23.6,92.1,CS
2017-02,BOB,2017-05-30 12:00:00,24.2,92.2,DD
2017-02,BOB,2017-05-30 18:00:00,25.3,92.4,D
2017-03,BOB,2017-06-11 12:00:00,20.5,89.5,D
2017-03,BOB,2017-06-11 18:00:00,21.5,90.0,DD
2017-03,BOB,2017-06-12 00:00:00,22.5,90.5,DD
2017-03,BOB,2017-06-12 03:00:00,23.0,90.5,DD
2017-03,BOB,2017-06-12 06:00:00,23.5,90.7,DD
2017-03,BOB,2017-06-12 12:00:00,24.0,91.0,DD
2017-03,BOB,2017-06-12 18:00:00,24.5,91.5,D
2017-04,BOB,2017-07-18 00:00:00,19.0,86.0,D
2017-04,BOB,2017-07-18 03:00:00,19.0,86.0,D
2017-04,BOB,2017-07-18 06:00:00,19.5,85.5,D
2017-04,BOB,2017-07-18 12:00:00,19.9,85.3,D
2017-04,BOB,2017-07-18 18:00:00,19.9,85.3,D
2017-04,BOB,2017-07-19 00:00:00,20.1,85.2,D
2017-06,BOB,2017-09-10 00:00:00,22.4,88.4,D
2017-06,BOB,2017-09-10 03:00:00,22.5,88.4,DD
2017-06,BOB,2017-09-10 06:00:00,22.6,88.3,DD
2017-06,BOB,2017-09-10 12:00:00,22.9,88.1,DD
2017-06,BOB,2017-09-10 18:00:00,23.1,87.8,DD
2017-06,BOB,2017-10-10 00:00:00,23.2,87.1,DD
2017-06,BOB,2017-10-10 03:00:00,23.5,86.7,DD
2017-06,BOB,2017-10-10 06:00:00,23.8,86.6,D
2017-07,BOB,2017-10-19 00:00:00,16.5,86.5,D
2017-07,BOB,2017-10-19 03:00:00,16.8,86.5,D
2017-07,BOB,2017-10-19 06:00:00,17.3,86.3,D
2017-07,BOB,2017-10-19 12:00:00,20.0,86.5,D
2017-09,BOB,2017-11-29 03:00:00,6.5,81.8,D
2017-09,BOB,2017-11-29 06:00:00,6.5,80.4,D
2017-09,BOB,2017-11-29 12:00:00,6.2,80.0,D
2017-09,BOB,2017-11-29 18:00:00,6.3,79.2,D
2017-09,BOB,2017-11-29 21:00:00,6.5,78.6,DD
2017-09,BOB,2017-11-30 00:00:00,6.7,78.3,DD
2017-09,BOB,2017-11-30 03:00:00,7.5,77.5,CS
2017-09,BOB,2017-11-30 06:00:00,7.8,76.9,CS
2017-09,BOB,2017-11-30 09:00:00,7.9,76.4,CS
2017-09,BOB,2017-11-30 12:00:00,8.2,75.8,CS
2017-09,BOB,2017-11-30 15:00:00,8.3,75.4,CS
2017-09,BOB,2017-11-30 18:00:00,8.5,74.9,CS
2017-09,BOB,2017-11-30 21:00:00,8.6,74.5,CS
2017-09,BOB,2017-12-01 00:00:00,8.8,74.0,SCS
2017-09,BOB,2017-12-01 03:00:00,8.9,73.8,SCS
2017-09,BOB,2017-12-01 06:00:00,9.0,73.4,SCS
2017-09,BOB,2017-12-01 09:00:00,9.1,73.0,VSCS
2017-09,BOB,2017-12-01 12:00:00,9.2,72.8,VSCS
2017-09,BOB,2017-12-01 15:00:00,9.3,72.5,VSCS
2017-09,BOB,2017-12-01 18:00:00,9.4,72.1,VSCS
2017-09,BOB,2017-12-01 21:00:00,9.5,71.8,VSCS
2017-09,BOB,2017-12-02 00:00:00,9.6,71.5,VSCS
2017-09,BOB,2017-12-02 03:00:00,9.7,71.2,VSCS
2017-09,BOB,2017-12-02 06:00:00,9.8,71.0,VSCS
2017-09,BOB,2017-12-02 09:00:00,10.2,70.6,VSCS
2017-09,BOB,2017-12-02 12:00:00,10.5,70.3,VSCS
2017-09,BOB,2017-12-02 15:00:00,10.8,70.0,VSCS
2017-09,BOB,2017-12-02 18:00:00,11.1,69.7,VSCS
2017-09,BOB,2017-12-02 21:00:00,11.3,69.5,VSCS
2017-09,BOB,2017-12-03 00:00:00,11.7,69.2,VSCS
2017-09,BOB,2017-12-03 03:00:00,12.1,69.0,VSCS
2017-09,BOB,2017-12-03 06:00:00,12.3,68.9,VSCS
2017-09,BOB,2017-12-03 09:00:00,12.4,68.8,VSCS
2017-09,BOB,2017-12-03 12:00:00,12.9,68.7,VSCS
2017-09,BOB,2017-12-03 15:00:00,13.1,68.6,VSCS
2017-09,BOB,2017-12-03 18:00:00,13.5,68.5,VSCS
2017-09,BOB,2017-12-03 21:00:00,14.0,68.5,VSCS
2017-09,BOB,2017-12-04 00:00:00,14.5,68.5,VSCS
2017-09,BOB,2017-12-04 03:00:00,14.7,68.5,VSCS
2017-09,BOB,2017-12-04 06:00:00,14.9,68.7,VSCS
2017-09,BOB,2017-12-04 09:00:00,15.2,69.0,VSCS
2017-09,BOB,2017-12-04 12:00:00,15.7,69.2,VSCS
2017-09,BOB,2017-12-04 15:00:00,16.1,69.5,VSCS
2017-09,BOB,2017-12-04 18:00:00,16.5,69.8,SCS
2017-09,BOB,2017-12-04 21:00:00,16.9,70.1,SCS
2017-09,BOB,2017-12-05 00:00:00,17.3,70.4,SCS
2017-09,BOB,2017-12-05 03:00:00,17.7,70.7,CS
2017-09,BOB,2017-12-05 06:00:00,18.1,71.0,CS
2017-09,BOB,2017-12-05 09:00:00,18.3,71.2,DD
2017-09,BOB,2017-12-05 12:00:00,18.5,71.4,DD
2017-09,BOB,2017-12-05 15:00:00,18.8,71.6,D
2017-09,BOB,2017-12-05 18:00:00,19.2,71.9,D
2017-10,BOB,2017-06-12 03:00:00,8.5,88.5,D
2017-10,BOB,2017-06-12 06:00:00,8.8,88.3,D
2017-10,BOB,2017-06-12 12:00:00,9.8,88.0,D
2017-10,BOB,2017-06-12 18:00:00,10.0,88.0,D
2017-10,BOB,2017-07-12 00:00:00,11.1,88.0,D
2017-10,BOB,2017-07-12 03:00:00,12.0,88.0,D
2017-10,BOB,2017-07-12 06:00:00,12.2,87.9,D
2017-10,BOB,2017-07-12 12:00:00,12.8,87.7,D
2017-10,BOB,2017-07-12 18:00:00,13.4,87.6,D
2017-10,BOB,2017-08-12 00:00:00,14.3,87.0,DD
2017-10,BOB,2017-08-12 03:00:00,15.0,86.8,DD
2017-10,BOB,2017-08-12 06:00:00,15.5,86.7,DD
2017-10,BOB,2017-08-12 12:00:00,16.5,86.3,DD
2017-10,BOB,2017-08-12 18:00:00,18.0,86.2,D
2017-10,BOB,2017-09-12 00:00:00,19.0,86.3,D
2017-10,BOB,2017-09-12 03:00:00,19.2,86.5,D
2017-10,BOB,2017-09-12 06:00:00,19.5,86.7,D
2018-01,AS,2018-03-13 03:00:00,5.0,76.0,D
2018-01,AS,2018-03-13 06:00:00,5.5,75.8,D
2018-01,AS,2018-03-13 12:00:00,6.5,75.0,D
2018-01,AS,2018-03-13 18:00:00,6.7,74.8,D
2018-01,AS,2018-03-14 00:00:00,7.0,74.5,D
2018-01,AS,2018-03-14 03:00:00,7.5,74.0,D
2018-01,AS,2018-03-14 06:00:00,8.0,73.5,D
2018-01,AS,2018-03-14 12:00:00,8.7,72.8,D
2018-01,AS,2018-03-14 18:00:00,9.1,72.5,D
2018-02,AS,2018-05-16 12:00:00,13.0,50.0,D
2018-02,AS,2018-05-16 18:00:00,13.2,49.6,D
2018-02,AS,2018-05-17 00:00:00,13.2,49.0,DD
2018-02,AS,2018-05-17 03:00:00,13.2,48.7,CS
2018-02,AS,2018-05-17 06:00:00,13.0,48.4,CS
2018-02,AS,2018-05-17 09:00:00,13.0,48.3,CS
2018-02,AS,2018-05-17 12:00:00,13.0,48.1,CS
2018-02,AS,2018-05-17 15:00:00,13.0,47.8,CS
2018-02,AS,2018-05-17 18:00:00,12.8,47.5,CS
2018-02,AS,2018-05-17 21:00:00,12.7,47.2,CS
2018-02,AS,2018-05-18 00:00:00,12.4,46.6,CS
2018-02,AS,2018-05-18 03:00:00,12.2,46.3,CS
2018-02,AS,2018-05-18 06:00:00,12.0,46.0,CS
2018-02,AS,2018-05-18 09:00:00,11.8,45.6,CS
2018-02,AS,2018-05-18 12:00:00,11.6,45.5,CS
2018-02,AS,2018-05-18 15:00:00,11.4,45.3,CS
2018-02,AS,2018-05-18 18:00:00,11.3,45.1,CS
2018-02,AS,2018-05-18 21:00:00,11.2,45.0,CS
2018-02,AS,2018-05-19 00:00:00,11.1,44.8,CS
2018-02,AS,2018-05-19 03:00:00,10.9,44.4,CS
2018-02,AS,2018-05-19 06:00:00,10.8,44.1,CS
2018-02,AS,2018-05-19 09:00:00,10.6,43.9,CS
2018-02,AS,2018-05-19 12:00:00,10.4,43.6,CS
2018-02,AS,2018-05-19 18:00:00,10.2,43.3,DD
2018-02,AS,2018-05-20 00:00:00,10.0,42.9,D
2018-03,AS,2018-05-21 12:00:00,8.5,58.5,D
2018-03,AS,2018-05-21 18:00:00,8.7,58.0,D
2018-03,AS,2018-05-22 00:00:00,9.0,57.5,D
2018-03,AS,2018-05-22 03:00:00,9.2,57.2,DD
2018-03,AS,2018-05-22 06:00:00,9.5,57.0,DD
2018-03,AS,2018-05-22 12:00:00,10.2,56.8,CS
2018-03,AS,2018-05-22 15:00:00,10.5,56.7,CS
2018-03,AS,2018-05-22 18:00:00,10.7,56.4,CS
2018-03,AS,2018-05-22 21:00:00,10.8,56.2,CS
2018-03,AS,2018-05-23 00:00:00,11.0,56.0,CS
2018-03,AS,2018-05-23 03:00:00,11.2,55.9,SCS
2018-03,AS,2018-05-23 06:00:00,11.4,55.9,SCS
2018-03,AS,2018-05-23 09:00:00,11.8,55.9,VSCS
2018-03,AS,2018-05-23 12:00:00,12.0,55.9,VSCS
2018-03,AS,2018-05-23 15:00:00,12.3,55.9,VSCS
2018-03,AS,2018-05-23 18:00:00,12.5,55.8,VSCS
2018-03,AS,2018-05-23 21:00:00,12.8,55.7,VSCS
2018-03,AS,2018-05-24 00:00:00,13.0,55.6,VSCS
2018-03,AS,2018-05-24 03:00:00,13.3,55.4,VSCS
2018-03,AS,2018-05-24 06:00:00,13.7,55.3,VSCS
2018-03,AS,2018-05-24 09:00:00,14.0,55.2,VSCS
2018-03,AS,2018-05-24 12:00:00,14.3,55.2,VSCS
2018-03,AS,2018-05-24 15:00:00,14.6,55.1,VSCS
2018-03,AS,2018-05-24 18:00:00,14.9,54.9,VSCS
2018-03,AS,2018-05-24 21:00:00,15.1,54.7,VSCS
2018-03,AS,2018-05-25 00:00:00,15.2,54.5,VSCS
2018-03,AS,2018-05-25 03:00:00,15.4,54.5,ESCS
2018-03,AS,2018-05-25 06:00:00,15.8,54.4,ESCS
2018-03,AS,2018-05-25 09:00:00,16.2,54.2,ESCS
2018-03,AS,2018-05-25 12:00:00,16.4,54.1,ESCS
2018-03,AS,2018-05-25 15:00:00,16.5,54.0,ESCS
2018-03,AS,2018-05-25 18:00:00,16.7,53.9,ESCS
2018-03,AS,2018-05-25 21:00:00,17.1,53.6,ESCS
2018-03,AS,2018-05-26 00:00:00,17.2,53.5,VSCS
2018-03,AS,2018-05-26 03:00:00,17.4,53.4,SCS
2018-03,AS,2018-05-26 06:00:00,17.8,53.2,SCS
2018-03,AS,2018-05-26 09:00:00,18.1,53.1,CS
2018-03,AS,2018-05-26 12:00:00,18.3,53.0,CS
2018-03,AS,2018-05-26 15:00:00,18.5,52.9,CS
2018-03,AS,2018-05-26 18:00:00,18.6,52.8,DD
2018-03,AS,2018-05-27 00:00:00,19.0,52.6,D
2018-04,BOB,2018-05-29 06:00:00,18.5,92.2,D
2018-04,BOB,2018-05-29 12:00:00,19.2,93.0,D
2018-04,BOB,2018-05-29 18:00:00,19.8,93.7,DD
2018-04,BOB,2018-05-30 00:00:00,21.3,95.2,DD
2018-04,BOB,2018-05-30 03:00:00,21.8,95.8,D
2018-05,BOB,2018-06-10 06:00:00,22.3,91.5,D
2018-05,BOB,2018-06-10 12:00:00,22.7,91.4,D
2018-05,BOB,2018-06-10 18:00:00,23.0,91.3,D
2018-06,BOB,2018-07-21 03:00:00,21.0,88.0,D
2018-06,BOB,2018-07-21 06:00:00,21.4,87.7,D
2018-06,BOB,2018-07-21 09:00:00,21.5,87.6,DD
2018-06,BOB,2018-07-21 12:00:00,21.7,87.4,DD
2018-06,BOB,2018-07-21 18:00:00,22.0,87.0,D
2018-06,BOB,2018-07-22 00:00:00,22.2,86.8,D
2018-06,BOB,2018-07-22 03:00:00,22.6,86.2,D
2018-06,BOB,2018-07-22 06:00:00,22.7,86.1,D
2018-06,BOB,2018-07-22 12:00:00,23.0,85.1,D
2018-06,BOB,2018-07-22 18:00:00,23.5,84.5,D
2018-06,BOB,2018-07-23 00:00:00,23.9,84.0,D
2018-07,BOB,2018-08-07 09:00:00,21.5,87.5,D
2018-07,BOB,2018-08-07 12:00:00,21.5,87.0,D
2018-07,BOB,2018-08-07 18:00:00,21.6,86.0,D
2018-07,BOB,2018-08-08 00:00:00,21.7,84.5,D
2018-08,LAND,2018-08-15 03:00:00,20.0,86.0,D
2018-08,LAND,2018-08-15 06:00:00,20.1,85.6,D
2018-08,LAND,2018-08-15 12:00:00,20.2,85.0,D
2018-08,LAND,2018-08-15 18:00:00,20.3,84.0,D
2018-08,LAND,2018-08-16 00:00:00,20.5,82.0,D
2018-08,LAND,2018-08-16 03:00:00,20.6,81.0,D
2018-08,LAND,2018-08-16 06:00:00,20.7,80.5,D
2018-08,LAND,2018-08-16 12:00:00,21.1,78.3,D
2018-08,LAND,2018-08-16 18:00:00,21.2,77.5,D
2018-08,LAND,2018-08-17 00:00:00,21.8,75.8,D
2018-09,BOB,2018-09-06 00:00:00,21.8,88.0,D
2018-09,BOB,2018-09-06 03:00:00,21.8,87.9,DD
2018-09,BOB,2018-09-06 06:00:00,21.8,87.6,DD
2018-09,BOB,2018-09-06 12:00:00,21.7,86.8,DD
2018-09,BOB,2018-09-06 18:00:00,21.9,86.0,DD
2018-09,BOB,2018-09-07 00:00:00,22.2,84.0,D
2018-09,BOB,2018-09-07 03:00:00,22.9,83.3,D
2018-10,BOB,2018-09-19 15:00:00,17.2,89.0,D
2018-10,BOB,2018-09-19 18:00:00,17.4,88.8,D
2018-10,BOB,2018-09-20 00:00:00,17.5,87.5,D
2018-10,BOB,2018-09-20 03:00:00,17.5,87.0,DD
2018-10,BOB,2018-09-20 06:00:00,17.6,86.8,DD
2018-10,BOB,2018-09-20 12:00:00,18.4,85.8,DD
2018-10,BOB,2018-09-20 15:00:00,18.7,85.6,CS
2018-10,BOB,2018-09-20 18:00:00,19.2,85.0,CS
2018-10,BOB,2018-09-21 21:00:00,19.6,84.4,CS
2018-10,BOB,2018-09-21 00:00:00,20.0,83.7,DD
2018-10,BOB,2018-09-21 03:00:00,20.5,82.5,DD
2018-10,BOB,2018-09-21 06:00:00,21.0,81.4,DD
2018-10,BOB,2018-09-21 12:00:00,21.4,80.2,D
2018-10,BOB,2018-09-21 18:00:00,21.4,78.7,D
2018-10,BOB,2018-09-22 00:00:00,22.3,76.9,D
2018-10,BOB,2018-09-22 03:00:00,22.9,76.3,D
2018-10,BOB,2018-09-22 06:00:00,22.9,76.3,D
2018-11,AS,2018-10-06 09:00:00,11.2,67.0,D
2018-11,AS,2018-10-06 12:00:00,11.3,66.9,D
2018-11,AS,2018-10-06 18:00:00,11.6,66.5,D
2018-11,AS,2018-10-07 00:00:00,11.9,65.8,D
2018-11,AS,2018-10-07 03:00:00,12.0,65.6,D
2018-11,AS,2018-10-07 06:00:00,12.0,65.4,D
2018-11,AS,2018-10-07 09:00:00,12.0,64.8,DD
2018-11,AS,2018-10-07 12:00:00,12.1,64.3,DD
2018-11,AS,2018-10-07 18:00:00,12.2,63.5,DD
2018-11,AS,2018-10-08 00:00:00,12.3,62.4,CS
2018-11,AS,2018-10-08 03:00:00,12.4,62.0,CS
2018-11,AS,2018-10-08 06:00:00,12.4,61.8,CS
2018-11,AS,2018-10-08 09:00:00,12.5,61.5,CS
2018-11,AS,2018-10-08 12:00:00,12.5,61.0,CS
2018-11,AS,2018-10-08 15:00:00,12.6,60.8,CS
2018-11,AS,2018-10-08 18:00:00,12.7,60.5,CS
2018-11,AS,2018-10-08 21:00:00,12.8,60.2,CS
2018-11,AS,2018-10-09 00:00:00,12.9,60.2,CS
2018-11,AS,2018-10-09 03:00:00,13.0,60.1,CS
2018-11,AS,2018-10-09 06:00:00,13.1,60.1,CS
2018-11,AS,2018-10-09 09:00:00,13.2,60.0,SCS
2018-11,AS,2018-10-09 12:00:00,13.3,59.7,SCS
2018-11,AS,2018-10-09 15:00:00,13.4,59.5,SCS
2018-11,AS,2018-10-09 18:00:00,13.5,59.3,SCS
2018-11,AS,2018-10-09 21:00:00,13.6,59.1,SCS
2018-11,AS,2018-10-10 00:00:00,14.1,59.0,VSCS
2018-11,AS,2018-10-10 03:00:00,14.1,59.0,VSCS
2018-11,AS,2018-10-10 06:00:00,14.2,58.9,VSCS
2018-11,AS,2018-10-10 09:00:00,14.4,58.7,VSCS
2018-11,AS,2018-10-10 12:00:00,14.4,58.6,VSCS
2018-11,AS,2018-10-10 15:00:00,14.5,58.5,VSCS
2018-11,AS,2018-10-10 18:00:00,14.6,58.4,VSCS
2018-11,AS,2018-10-10 21:00:00,14.6,58.4,VSCS
2018-11,AS,2018-11-10 00:00:00,14.7,58.1,VSCS
2018-11,AS,2018-11-10 03:00:00,14.5,58.0,VSCS
2018-11,AS,2018-11-10 06:00:00,14.5,57.8,VSCS
2018-11,AS,2018-11-10 09:00:00,14.5,57.8,VSCS
2018-11,AS,2018-11-10 12:00:00,14.5,57.7,VSCS
2018-11,AS,2018-11-10 15:00:00,14.5,57.7,VSCS
2018-11,AS,2018-11-10 18:00:00,14.6,57.6,VSCS
2018-11,AS,2018-11-10 21:00:00,14.7,57.6,VSCS
2018-11,AS,2018-12-10 00:00:00,14.7,57.6,VSCS
2018-11,AS,2018-12-10 03:00:00,14.7,57.4,SCS
2018-11,AS,2018-12-10 06:00:00,14.7,57.3,SCS
2018-11,AS,2018-12-10 09:00:00,14.7,57.2,SCS
2018-11,AS,2018-12-10 12:00:00,14.7,57.1,SCS
2018-11,AS,2018-12-10 15:00:00,14.7,56.9,SCS
2018-11,AS,2018-12-10 18:00:00,14.8,56.6,CS
2018-11,AS,2018-12-10 21:00:00,14.8,56.3,CS
2018-11,AS,2018-10-13 00:00:00,14.8,56.0,CS
2018-11,AS,2018-10-13 03:00:00,14.8,55.6,CS
2018-11,AS,2018-10-13 06:00:00,14.9,55.2,CS
2018-11,AS,2018-10-13 09:00:00,14.9,54.8,CS
2018-11,AS,2018-10-13 12:00:00,14.9,54.4,CS
2018-11,AS,2018-10-13 15:00:00,14.9,54.0,CS
2018-11,AS,2018-10-13 18:00:00,15.0,53.7,CS
2018-11,AS,2018-10-13 21:00:00,15.1,53.3,CS
2018-11,AS,2018-10-14 00:00:00,15.3,52.8,CS
2018-11,AS,2018-10-14 03:00:00,15.6,52.5,CS
2018-11,AS,2018-10-14 06:00:00,15.9,52.1,CS
2018-11,AS,2018-10-14 09:00:00,15.9,51.7,DD
2018-11,AS,2018-10-14 12:00:00,15.9,51.2,DD
2018-11,AS,2018-10-14 18:00:00,16.2,50.7,D
2018-11,AS,2018-10-15 00:00:00,16.2,49.0,D
2018-12,BOB,2018-10-08 03:00:00,14.0,88.8,D
2018-12,BOB,2018-10-08 06:00:00,14.0,88.8,D
2018-12,BOB,2018-10-08 12:00:00,14.3,88.2,D
2018-12,BOB,2018-10-08 18:00:00,14.5,87.6,DD
2018-12,BOB,2018-10-09 00:00:00,14.7,87.1,DD
2018-12,BOB,2018-10-09 03:00:00,14.7,86.9,DD
2018-12,BOB,2018-10-09 06:00:00,14.8,86.7,CS
2018-12,BOB,2018-10-09 09:00:00,14.9,86.6,CS
2018-12,BOB,2018-10-09 12:00:00,15.1,86.4,CS
2018-12,BOB,2018-10-09 15:00:00,15.3,86.2,CS
2018-12,BOB,2018-10-09 18:00:00,15.5,86.0,CS
2018-12,BOB,2018-10-09 21:00:00,15.7,85.8,SCS
2018-12,BOB,2018-10-10 00:00:00,16.0,85.8,SCS
2018-12,BOB,2018-10-10 03:00:00,16.5,85.8,SCS
2018-12,BOB,2018-10-10 06:00:00,17.0,85.6,VSCS
2018-12,BOB,2018-10-10 09:00:00,17.3,85.4,VSCS
2018-12,BOB,2018-10-10 12:00:00,17.5,85.3,VSCS
2018-12,BOB,2018-10-10 15:00:00,17.7,85.2,VSCS
2018-12,BOB,2018-10-10 18:00:00,18.2,85.1,VSCS
2018-12,BOB,2018-10-10 21:00:00,18.6,84.7,VSCS
2018-12,BOB,2018-10-11 00:00:00,18.8,84.4,VSCS
2018-12,BOB,2018-10-11 03:00:00,19.0,84.1,VSCS
2018-12,BOB,2018-10-11 06:00:00,19.3,83.8,SCS
2018-12,BOB,2018-10-11 09:00:00,19.6,83.8,SCS
2018-12,BOB,2018-10-11 12:00:00,19.9,83.7,CS
2018-12,BOB,2018-10-11 15:00:00,20.1,84.0,CS
2018-12,BOB,2018-10-11 18:00:00,20.3,84.3,DD
2018-12,BOB,2018-10-12 00:00:00,20.5,84.7,DD
2018-12,BOB,2018-10-12 03:00:00,20.6,84.9,DD
2018-12,BOB,2018-10-12 06:00:00,20.8,85.2,DD
2018-12,BOB,2018-10-12 09:00:00,20.9,85.5,D
2018-12,BOB,2018-10-12 12:00:00,21.2,86.1,D
2018-12,BOB,2018-10-12 18:00:00,21.9,87.2,D
2018-12,BOB,2018-10-12 21:00:00,22.1,87.5,D
2018-13,BOB,2018-11-10 03:00:00,11.7,92.5,D
2018-13,BOB,2018-11-10 06:00:00,12.0,92.0,D
2018-13,BOB,2018-11-10 12:00:00,12.6,90.8,DD
2018-13,BOB,2018-11-10 18:00:00,13.0,89.9,DD
2018-13,BOB,2018-11-10 00:00:00,13.4,89.3,CS
2018-13,BOB,2018-11-11 03:00:00,13.5,88.9,CS
2018-13,BOB,2018-11-11 06:00:00,13.5,88.5,CS
2018-13,BOB,2018-11-11 09:00:00,13.5,88.2,CS
2018-13,BOB,2018-11-11 12:00:00,13.5,88.0,CS
2018-13,BOB,2018-11-11 15:00:00,13.5,87.7,CS
2018-13,BOB,2018-11-11 18:00:00,13.4,87.4,CS
2018-13,BOB,2018-11-11 21:00:00,13.5,87.2,CS
2018-13,BOB,2018-11-12 00:00:00,13.3,87.1,CS
2018-13,BOB,2018-11-12 03:00:00,13.1,87.0,CS
2018-13,BOB,2018-11-12 06:00:00,12.9,86.9,CS
2018-13,BOB,2018-11-12 09:00:00,12.9,86.9,CS
2018-13,BOB,2018-11-12 12:00:00,12.6,87.3,CS
2018-13,BOB,2018-11-12 15:00:00,12.9,87.5,CS
2018-13,BOB,2018-11-12 18:00:00,13.2,87.5,CS
2018-13,BOB,2018-11-12 21:00:00,13.2,87.3,CS
2018-13,BOB,2018-11-13 00:00:00,13.2,87.2,CS
2018-13,BOB,2018-11-13 03:00:00,13.3,87.1,CS
2018-13,BOB,2018-11-13 06:00:00,13.5,86.6,CS
2018-13,BOB,2018-11-13 09:00:00,13.4,86.4,CS
2018-13,BOB,2018-11-13 12:00:00,13.4,86.0,CS
2018-13,BOB,2018-11-13 15:00:00,13.2,85.8,CS
2018-13,BOB,2018-11-13 18:00:00,13.2,85.6,CS
2018-13,BOB,2018-11-13 21:00:00,13.1,85.5,CS
2018-13,BOB,2018-11-14 00:00:00,13.1,85.3,CS
2018-13,BOB,2018-11-14 03:00:00,13.0,85.1,CS
2018-13,BOB,2018-11-14 06:00:00,12.8,84.8,CS
2018-13,BOB,2018-11-14 09:00:00,12.6,84.6,CS
2018-13,BOB,2018-11-14 12:00:00,12.4,84.2,CS
2018-13,BOB,2018-11-14 15:00:00,12.2,84.2,CS
2018-13,BOB,2018-11-14 18:00:00,12.0,83.8,CS
2018-13,BOB,2018-11-14 21:00:00,11.8,83.4,CS
2018-13,BOB,2018-11-15 00:00:00,11.5,83.2,CS
2018-13,BOB,2018-11-15 03:00:00,11.3,82.6,SCS
2018-13,BOB,2018-11-15 06:00:00,11.2,82.0,SCS
2018-13,BOB,2018-11-15 09:00:00,11.0,81.5,SCS
2018-13,BOB,2018-11-15 12:00:00,10.8,81.2,SCS
2018-13,BOB,2018-11-15 15:00:00,10.6,80.7,VSCS
2018-13,BOB,2018-11-15 18:00:00,10.5,80.3,VSCS
2018-13,BOB,2018-11-15 21:00:00,10.4,79.7,VSCS
2018-13,BOB,2018-11-16 00:00:00,10.4,79.2,SCS
2018-13,BOB,2018-11-16 03:00:00,10.4,78.5,CS
2018-13,BOB,2018-11-16 06:00:00,10.5,77.6,DD
2018-13,BOB,2018-11-16 12:00:00,10.1,76.4,D
2018-13,BOB,2018-11-16 18:00:00,9.9,75.3,D
2018-13,BOB,2018-11-17 00:00:00,9.8,74.3,DD
2018-13,BOB,2018-11-17 03:00:00,9.8,73.7,DD
2018-13,BOB,2018-11-17 06:00:00,9.8,73.2,DD
2018-13,BOB,2018-11-17 12:00:00,9.9,71.7,DD
2018-13,BOB,2018-11-17 18:00:00,10.1,70.5,DD
2018-13,BOB,2018-11-18 00:00:00,10.3,69.6,DD
2018-13,BOB,2018-11-18 03:00:00,10.4,69.4,DD
2018-13,BOB,2018-11-18 06:00:00,10.5,69.0,DD
2018-13,BOB,2018-11-18 12:00:00,10.7,68.5,DD
2018-13,BOB,2018-11-18 18:00:00,10.8,67.5,DD
2018-13,BOB,2018-11-19 00:00:00,11.0,66.6,DD
2018-13,BOB,2018-11-19 03:00:00,11.1,66.3,DD
2018-13,BOB,2018-11-19 06:00:00,11.2,65.8,D
2018-13,BOB,2018-11-19 12:00:00,11.2,65.0,D
2018-14,BOB,2018-12-13 00:00:00,6.5,88.7,D
2018-14,BOB,2018-12-13 03:00:00,6.7,88.6,D
2018-14,BOB,2018-12-13 06:00:00,6.8,88.5,D
2018-14,BOB,2018-12-13 12:00:00,7.3,88.2,D
2018-14,BOB,2018-12-13 18:00:00,7.6,88.0,DD
2018-14,BOB,2018-12-14 03:00:00,8.5,87.4,DD
2018-14,BOB,2018-12-14 06:00:00,8.5,87.4,DD
2018-14,BOB,2018-12-14 12:00:00,8.6,86.8,DD
2018-14,BOB,2018-12-14 18:00:00,8.8,86.2,DD
2018-14,BOB,2018-12-15 00:00:00,9.0,85.5,DD
2018-14,BOB,2018-12-15 03:00:00,9.2,85.2,DD
2018-14,BOB,2018-12-15 06:00:00,9.4,85.1,DD
2018-14,BOB,2018-12-15 12:00:00,10.3,84.9,CS
2018-14,BOB,2018-12-15 15:00:00,10.7,84.7,CS
2018-14,BOB,2018-12-15 18:00:00,11.0,84.6,CS
2018-14,BOB,2018-12-15 21:00:00,11.1,84.5,CS
2018-14,BOB,2018-12-16 00:00:00,11.3,84.3,CS
2018-14,BOB,2018-12-16 03:00:00,11.8,84.1,CS
2018-14,BOB,2018-12-16 06:00:00,12.2,83.9,CS
2018-14,BOB,2018-12-16 12:00:00,13.3,83.0,SCS
2018-14,BOB,2018-12-16 15:00:00,13.8,82.7,SCS
2018-14,BOB,2018-12-16 18:00:00,14.0,82.5,SCS
2018-14,BOB,2018-12-16 21:00:00,14.5,82.2,SCS
2018-14,BOB,2018-12-17 00:00:00,15.2,82.2,SCS
2018-14,BOB,2018-12-17 03:00:00,15.8,82.2,CS
2018-14,BOB,2018-12-17 06:00:00,16.2,82.2,CS
2018-14,BOB,2018-12-17 09:00:00,16.7,82.3,CS
2018-14,BOB,2018-12-17 12:00:00,16.9,82.4,DD
2018-14,BOB,2018-12-17 15:00:00,17.3,82.5,DD
2018-14,BOB,2018-12-17 18:00:00,17.5,82.5,D
2019-??,BOB,2019-01-04 12:00:00,8.5,99.7,CS
2019-??,BOB,2019-01-04 15:00:00,8.6,99.5,CS
2019-??,BOB,2019-01-04 18:00:00,8.7,99.2,CS
2019-??,BOB,2019-01-04 21:00:00,8.8,99.0,CS
2019-??,BOB,2019-01-05 00:00:00,8.9,98.7,CS
2019-??,BOB,2019-01-05 03:00:00,9.1,98.1,CS
2019-??,BOB,2019-01-05 06:00:00,9.3,97.6,CS
2019-??,BOB,2019-01-05 09:00:00,9.5,97.3,CS
2019-??,BOB,2019-01-05 12:00:00,9.8,97.1,CS
2019-??,BOB,2019-01-05 15:00:00,10.1,96.8,CS
2019-??,BOB,2019-01-05 18:00:00,10.4,96.5,CS
2019-??,BOB,2019-01-05 21:00:00,10.7,96.0,CS
2019-??,BOB,2019-01-06 00:00:00,11.0,95.5,CS
2019-??,BOB,2019-01-06 03:00:00,11.1,94.6,CS
2019-??,BOB,2019-01-06 06:00:00,11.2,94.0,DD
2019-??,BOB,2019-01-06 12:00:00,11.5,92.9,DD
2019-??,BOB,2019-01-06 18:00:00,12.0,92.2,DD
2019-??,BOB,2019-01-07 00:00:00,12.6,92.0,D
2019-??,BOB,2019-01-07 03:00:00,12.8,92.0,D
2019-??,BOB,2019-01-07 06:00:00,12.8,92.0,D
2019-??,BOB,2019-01-07 12:00:00,13.1,92.0,D
2019-??,BOB,2019-01-07 18:00:00,13.1,92.0,D
2019-02,BOB,2019-04-26 03:00:00,2.7,89.7,D
2019-02,BOB,2019-04-26 06:00:00,3.0,89.4,D
2019-02,BOB,2019-04-26 12:00:00,3.2,89.2,D
2019-02,BOB,2019-04-26 18:00:00,3.7,88.8,D
2019-02,BOB,2019-04-27 00:00:00,4.5,88.8,DD
2019-02,BOB,2019-04-27 03:00:00,4.9,88.7,DD
2019-02,BOB,2019-04-27 06:00:00,5.2,88.6,CS
2019-02,BOB,2019-04-27 09:00:00,5.4,88.5,CS
2019-02,BOB,2019-04-27 12:00:00,5.9,88.5,CS
2019-02,BOB,2019-04-27 15:00:00,6.3,88.5,CS
2019-02,BOB,2019-04-27 18:00:00,6.6,88.2,CS
2019-02,BOB,2019-04-27 21:00:00,6.9,87.9,CS
2019-02,BOB,2019-04-28 00:00:00,7.3,87.9,CS
2019-02,BOB,2019-04-28 03:00:00,7.3,87.9,CS
2019-02,BOB,2019-04-28 06:00:00,7.4,87.8,CS
2019-02,BOB,2019-04-28 09:00:00,7.7,87.5,CS
2019-02,BOB,2019-04-28 12:00:00,8.2,87.0,CS
2019-02,BOB,2019-04-28 15:00:00,8.3,86.9,CS
2019-02,BOB,2019-04-28 18:00:00,8.4,86.9,CS
2019-02,BOB,2019-04-28 21:00:00,8.5,86.9,CS
2019-02,BOB,2019-04-29 00:00:00,8.6,86.9,CS
2019-02,BOB,2019-04-29 03:00:00,8.7,86.9,CS
2019-02,BOB,2019-04-29 06:00:00,9.2,86.9,CS
2019-02,BOB,2019-04-29 09:00:00,9.7,86.8,CS
2019-02,BOB,2019-04-29 12:00:00,10.1,86.7,SCS
2019-02,BOB,2019-04-29 15:00:00,10.4,86.7,SCS
2019-02,BOB,2019-04-29 18:00:00,10.8,86.6,SCS
2019-02,BOB,2019-04-29 21:00:00,11.1,86.5,VSCS
2019-02,BOB,2019-04-30 00:00:00,11.7,86.5,VSCS
2019-02,BOB,2019-04-30 03:00:00,12.3,86.2,VSCS
2019-02,BOB,2019-04-30 06:00:00,12.6,85.7,VSCS
2019-02,BOB,2019-04-30 09:00:00,13.0,85.3,VSCS
2019-02,BOB,2019-04-30 12:00:00,13.3,84.7,ESCS
2019-02,BOB,2019-04-30 15:00:00,13.4,84.5,ESCS
2019-02,BOB,2019-04-30 18:00:00,13.5,84.4,ESCS
2019-02,BOB,2019-04-30 21:00:00,13.6,84.2,ESCS
2019-02,BOB,2019-05-01 00:00:00,13.9,84.0,ESCS
2019-02,BOB,2019-05-01 03:00:00,14.1,83.9,ESCS
2019-02,BOB,2019-05-01 06:00:00,14.2,83.9,ESCS
2019-02,BOB,2019-05-01 09:00:00,14.5,84.1,ESCS
2019-02,BOB,2019-05-01 12:00:00,14.9,84.1,ESCS
2019-02,BOB,2019-05-01 15:00:00,15.1,84.1,ESCS
2019-02,BOB,2019-05-01 18:00:00,15.2,84.1,ESCS
2019-02,BOB,2019-05-01 21:00:00,15.5,84.2,ESCS
2019-02,BOB,2019-05-02 00:00:00,15.9,84.5,ESCS
2019-02,BOB,2019-05-02 03:00:00,16.2,84.6,ESCS
2019-02,BOB,2019-05-02 06:00:00,16.7,84.8,ESCS
2019-02,BOB,2019-05-02 09:00:00,17.1,84.8,ESCS
2019-02,BOB,2019-05-02 12:00:00,17.5,84.8,ESCS
2019-02,BOB,2019-05-02 15:00:00,17.8,84.9,ESCS
2019-02,BOB,2019-05-02 18:00:00,18.2,85.0,ESCS
2019-02,BOB,2019-05-02 21:00:00,18.6,85.2,ESCS
2019-02,BOB,2019-05-03 00:00:00,19.1,85.5,ESCS
2019-02,BOB,2019-05-03 03:00:00,19.6,85.7,ESCS
2019-02,BOB,2019-05-03 06:00:00,20.2,85.9,VSCS
2019-02,BOB,2019-05-03 09:00:00,20.6,86.0,VSCS
2019-02,BOB,2019-05-03 12:00:00,21.1,86.5,VSCS
2019-02,BOB,2019-05-03 15:00:00,21.5,86.7,SCS
2019-02,BOB,2019-05-03 18:00:00,21.9,87.1,SCS
2019-02,BOB,2019-05-03 21:00:00,22.5,87.9,SCS
2019-02,BOB,2019-05-04 00:00:00,23.1,88.2,CS
2019-02,BOB,2019-05-04 03:00:00,23.6,88.8,DD
2019-02,BOB,2019-05-04 06:00:00,24.3,89.3,D
2019-02,BOB,2019-05-04 12:00:00,25.2,90.7,D
2019-03,AS,2019-06-10 00:00:00,11.7,71.0,D
2019-03,AS,2019-06-10 03:00:00,12.5,71.0,D
2019-03,AS,2019-06-10 06:00:00,12.5,70.9,DD
2019-03,AS,2019-06-10 12:00:00,13.3,70.8,DD
2019-03,AS,2019-06-10 18:00:00,13.9,70.6,CS
2019-03,AS,2019-06-10 21:00:00,14.2,70.6,CS
2019-03,AS,2019-06-11 00:00:00,14.7,70.6,CS
2019-03,AS,2019-06-11 03:00:00,15.0,70.6,CS
2019-03,AS,2019-06-11 06:00:00,15.2,70.6,CS
2019-03,AS,2019-06-11 09:00:00,15.7,70.6,CS
2019-03,AS,2019-06-11 12:00:00,16.1,70.6,SCS
2019-03,AS,2019-06-11 15:00:00,16.7,70.6,SCS
2019-03,AS,2019-06-11 18:00:00,17.1,70.6,VSCS
2019-03,AS,2019-06-11 21:00:00,17.5,70.6,VSCS
2019-03,AS,2019-06-12 00:00:00,17.8,70.4,VSCS
2019-03,AS,2019-06-12 03:00:00,18.0,70.3,VSCS
2019-03,AS,2019-06-12 06:00:00,18.4,70.0,VSCS
2019-03,AS,2019-06-12 09:00:00,18.8,69.9,VSCS
2019-03,AS,2019-06-12 12:00:00,19.1,69.9,VSCS
2019-03,AS,2019-06-12 15:00:00,19.5,69.8,VSCS
2019-03,AS,2019-06-12 18:00:00,19.7,69.7,VSCS
2019-03,AS,2019-06-12 21:00:00,20.0,69.6,VSCS
2019-03,AS,2019-06-13 00:00:00,20.3,69.5,VSCS
2019-03,AS,2019-06-13 03:00:00,20.4,69.4,VSCS
2019-03,AS,2019-06-13 06:00:00,20.5,69.3,VSCS
2019-03,AS,2019-06-13 09:00:00,20.7,69.1,VSCS
2019-03,AS,2019-06-13 12:00:00,20.9,69.0,VSCS
2019-03,AS,2019-06-13 15:00:00,20.9,68.8,VSCS
2019-03,AS,2019-06-13 18:00:00,20.9,68.8,VSCS
2019-03,AS,2019-06-13 21:00:00,20.9,68.6,VSCS
2019-03,AS,2019-06-14 00:00:00,21.0,68.5,VSCS
2019-03,AS,2019-06-14 03:00:00,21.0,68.3,VSCS
2019-03,AS,2019-06-14 06:00:00,21.0,68.2,VSCS
2019-03,AS,2019-06-14 09:00:00,20.9,68.1,VSCS
2019-03,AS,2019-06-14 12:00:00,20.8,68.0,VSCS
2019-03,AS,2019-06-14 15:00:00,20.8,67.9,VSCS
2019-03,AS,2019-06-14 18:00:00,20.8,67.8,VSCS
2019-03,AS,2019-06-14 21:00:00,20.8,67.5,VSCS
2019-03,AS,2019-06-15 00:00:00,20.7,67.4,VSCS
2019-03,AS,2019-06-15 03:00:00,20.7,67.4,VSCS
2019-03,AS,2019-06-15 06:00:00,20.7,66.9,VSCS
2019-03,AS,2019-06-15 09:00:00,20.7,66.7,VSCS
2019-03,AS,2019-06-15 12:00:00,20.7,66.4,VSCS
2019-03,AS,2019-06-15 15:00:00,20.7,66.3,VSCS
2019-03,AS,2019-06-15 18:00:00,20.7,66.0,VSCS
2019-03,AS,2019-06-15 21:00:00,20.7,65.9,VSCS
2019-03,AS,2019-06-16 00:00:00,20.7,65.5,SCS
2019-03,AS,2019-06-16 03:00:00,20.8,65.2,SCS
2019-03,AS,2019-06-16 06:00:00,20.9,65.1,SCS
2019-03,AS,2019-06-16 09:00:00,20.9,65.0,SCS
2019-03,AS,2019-06-16 12:00:00,21.0,65.1,SCS
2019-03,AS,2019-06-16 15:00:00,21.2,65.5,CS
2019-03,AS,2019-06-16 18:00:00,21.3,66.0,CS
2019-03,AS,2019-06-16 21:00:00,21.5,66.4,CS
2019-03,AS,2019-06-17 00:00:00,21.7,66.7,CS
2019-03,AS,2019-06-17 03:00:00,21.8,66.8,DD
2019-03,AS,2019-06-17 06:00:00,22.0,67.0,DD
2019-03,AS,2019-06-17 09:00:00,22.2,67.4,D
2019-03,AS,2019-06-17 12:00:00,22.5,67.8,D
2019-04,BOB,2019-08-06 03:00:00,20.5,88.0,D
2019-04,BOB,2019-08-06 06:00:00,20.5,88.0,D
2019-04,BOB,2019-08-06 12:00:00,20.7,87.8,D
2019-04,BOB,2019-08-06 18:00:00,20.8,87.6,D
2019-04,BOB,2019-08-07 00:00:00,21.0,87.4,DD
2019-04,BOB,2019-08-07 03:00:00,21.1,87.4,DD
2019-04,BOB,2019-08-07 06:00:00,21.2,87.2,DD
2019-04,BOB,2019-08-07 12:00:00,21.9,86.5,DD
2019-04,BOB,2019-08-07 18:00:00,22.4,85.6,DD
2019-04,BOB,2019-08-08 00:00:00,22.8,84.0,D
2019-04,BOB,2019-08-08 03:00:00,23.0,82.9,D
2019-04,BOB,2019-08-08 06:00:00,23.4,81.9,D
2019-04,BOB,2019-08-08 12:00:00,23.6,80.2,D
2019-04,BOB,2019-08-08 18:00:00,23.6,79.8,D
2019-04,BOB,2019-08-09 00:00:00,23.6,78.6,D
2019-04,BOB,2019-08-09 03:00:00,23.8,77.3,D
2019-04,BOB,2019-08-09 06:00:00,24.0,76.1,D
2019-04,AS,2019-09-22 03:00:00,19.8,69.4,D
2019-04,AS,2019-09-22 06:00:00,20.0,69.0,D
2019-04,AS,2019-09-22 12:00:00,20.4,68.2,DD
2019-04,AS,2019-09-22 18:00:00,20.5,67.2,DD
2019-04,AS,2019-09-23 00:00:00,20.5,66.2,CS
2019-04,AS,2019-09-23 03:00:00,20.4,65.7,CS
2019-04,AS,2019-09-23 06:00:00,20.3,65.0,CS
2019-04,AS,2019-09-23 09:00:00,20.2,64.2,SCS
2019-04,AS,2019-09-23 12:00:00,20.2,63.7,SCS
2019-04,AS,2019-09-23 15:00:00,20.2,62.9,SCS
2019-04,AS,2019-09-23 18:00:00,20.2,62.3,SCS
2019-04,AS,2019-09-23 21:00:00,20.2,61.5,SCS
2019-04,AS,2019-09-24 00:00:00,20.1,61.0,VSCS
2019-04,AS,2019-09-24 03:00:00,20.1,60.3,VSCS
2019-04,AS,2019-09-24 06:00:00,20.0,59.5,VSCS
2019-04,AS,2019-09-24 09:00:00,19.9,58.9,VSCS
2019-04,AS,2019-09-24 12:00:00,19.8,58.3,VSCS
2019-04,AS,2019-09-24 15:00:00,19.7,57.6,SCS
2019-04,AS,2019-09-24 18:00:00,19.7,57.1,SCS
2019-04,AS,2019-09-24 21:00:00,19.6,56.6,CS
2019-04,AS,2019-09-25 00:00:00,19.6,55.9,CS
2019-04,AS,2019-09-25 03:00:00,19.5,55.5,DD
2019-04,AS,2019-09-25 06:00:00,19.3,55.0,D
2019-06,Land,2019-09-29 12:00:00,23.1,70.2,D
2019-06,Land,2019-09-29 18:00:00,23.1,70.2,D
2019-06,Land,2019-09-30 00:00:00,23.2,70.5,D
2019-06,Land,2019-09-30 03:00:00,23.4,70.7,D
2019-06,Land,2019-09-30 06:00:00,23.5,71.3,D
2019-06,Land,2019-09-30 12:00:00,23.5,71.9,D
2019-06,Land,2019-09-30 18:00:00,23.7,72.7,D
2019-06,Land,2019-10-01 00:00:00,24.0,74.1,D
2019-07,AS,2019-10-24 03:00:00,15.4,70.4,D
2019-07,AS,2019-10-24 06:00:00,15.4,70.4,D
2019-07,AS,2019-10-24 12:00:00,15.5,70.8,DD
2019-07,AS,2019-10-24 18:00:00,15.7,71.3,DD
2019-07,AS,2019-10-25 00:00:00,15.9,71.5,CS
2019-07,AS,2019-10-25 03:00:00,16.0,71.6,CS
2019-07,AS,2019-10-25 06:00:00,16.1,71.8,CS
2019-07,AS,2019-10-25 09:00:00,16.2,71.7,CS
2019-07,AS,2019-10-25 12:00:00,16.3,71.7,SCS
2019-07,AS,2019-10-25 15:00:00,16.3,71.7,SCS
2019-07,AS,2019-10-25 18:00:00,16.4,71.5,SCS
2019-07,AS,2019-10-25 21:00:00,16.5,71.2,SCS
2019-07,AS,2019-10-26 00:00:00,16.5,70.8,VSCS
2019-07,AS,2019-10-26 03:00:00,16.6,70.5,VSCS
2019-07,AS,2019-10-26 06:00:00,16.6,70.0,VSCS
2019-07,AS,2019-10-26 09:00:00,16.6,69.8,VSCS
2019-07,AS,2019-10-26 12:00:00,16.7,69.4,VSCS
2019-07,AS,2019-10-26 15:00:00,16.7,69.1,ESCS
2019-07,AS,2019-10-26 18:00:00,16.8,68.9,ESCS
2019-07,AS,2019-10-26 21:00:00,16.9,68.5,ESCS
2019-07,AS,2019-10-27 00:00:00,17.0,68.2,SuCS
2019-07,AS,2019-10-27 03:00:00,17.1,67.8,SuCS
2019-07,AS,2019-10-27 06:00:00,17.2,67.3,SuCS
2019-07,AS,2019-10-27 09:00:00,17.4,67.0,SuCS
2019-07,AS,2019-10-27 12:00:00,17.5,66.7,SuCS
2019-07,AS,2019-10-27 15:00:00,17.5,66.5,SuCS
2019-07,AS,2019-10-27 18:00:00,17.8,66.3,SuCS
2019-07,AS,2019-10-27 21:00:00,18.0,65.7,SuCS
2019-07,AS,2019-10-28 00:00:00,18.1,65.4,SuCS
2019-07,AS,2019-10-28 03:00:00,18.2,65.0,SuCS
2019-07,AS,2019-10-28 06:00:00,18.3,64.7,SuCS
2019-07,AS,2019-10-28 09:00:00,18.4,64.5,SuCS
2019-07,AS,2019-10-28 12:00:00,18.5,64.3,SuCS
2019-07,AS,2019-10-28 15:00:00,18.7,64.1,SuCS
2019-07,AS,2019-10-28 18:00:00,18.8,63.9,SuCS
2019-07,AS,2019-10-28 21:00:00,18.9,63.8,SuCS
2019-07,AS,2019-10-29 00:00:00,19.1,63.5,SuCS
2019-07,AS,2019-10-29 03:00:00,19.2,63.4,ESCS
2019-07,AS,2019-10-29 06:00:00,19.4,63.2,ESCS
2019-07,AS,2019-10-29 09:00:00,19.4,63.1,ESCS
2019-07,AS,2019-10-29 12:00:00,19.5,63.1,ESCS
2019-07,AS,2019-10-29 15:00:00,19.5,62.9,ESCS
2019-07,AS,2019-10-29 18:00:00,19.6,62.8,ESCS
2019-07,AS,2019-10-29 21:00:00,19.6,62.6,ESCS
2019-07,AS,2019-10-30 00:00:00,19.6,62.3,VSCS
2019-07,AS,2019-10-30 03:00:00,19.6,62.1,VSCS
2019-07,AS,2019-10-30 06:00:00,19.4,61.8,VSCS
2019-07,AS,2019-10-30 09:00:00,19.3,61.7,VSCS
2019-07,AS,2019-10-30 12:00:00,19.0,61.5,VSCS
2019-07,AS,2019-10-30 15:00:00,18.9,61.2,SCS
2019-07,AS,2019-10-30 18:00:00,18.7,61.0,SCS
2019-07,AS,2019-10-30 21:00:00,18.5,60.7,SCS
2019-07,AS,2019-10-31 00:00:00,18.4,60.5,SCS
2019-07,AS,2019-10-31 03:00:00,18.0,60.2,CS
2019-07,AS,2019-10-31 06:00:00,17.7,60.1,CS
2019-07,AS,2019-10-31 09:00:00,17.5,60.0,CS
2019-07,AS,2019-10-31 12:00:00,17.4,59.9,CS
2019-07,AS,2019-10-31 15:00:00,17.2,59.6,DD
2019-07,AS,2019-10-31 18:00:00,16.8,59.6,DD
2019-07,AS,2019-10-31 21:00:00,16.7,59.5,DD
2019-07,AS,2019-11-01 00:00:00,16.5,59.3,D
2019-07,AS,2019-11-01 03:00:00,16.3,59.0,D
2019-07,AS,2019-11-01 06:00:00,16.0,58.7,D
2019-07,AS,2019-11-01 09:00:00,15.8,58.4,D
2019-07,AS,2019-11-01 12:00:00,15.4,57.5,D
2019-07,AS,2019-11-01 15:00:00,15.0,57.4,D
2019-07,AS,2019-11-01 18:00:00,14.5,57.0,D
2019-07,AS,2019-11-01 21:00:00,14.0,56.4,D
2019-07,AS,2019-11-02 00:00:00,13.7,55.8,D
2019-07,AS,2019-11-02 03:00:00,13.5,55.0,D
2019-07,AS,2019-11-02 06:00:00,13.1,54.1,D
2019-07,AS,2019-11-02 09:00:00,12.5,53.8,D
2019-07,AS,2019-11-02 12:00:00,12.5,53.0,D
2019-07,AS,2019-11-02 15:00:00,12.0,52.5,D
2019-08,AS,2019-10-30 00:00:00,6.5,76.2,D
2019-08,AS,2019-10-30 03:00:00,8.0,75.0,D
2019-08,AS,2019-10-30 06:00:00,8.0,75.0,D
2019-08,AS,2019-10-30 09:00:00,8.5,74.5,DD
2019-08,AS,2019-10-30 12:00:00,9.0,74.1,CS
2019-08,AS,2019-10-30 15:00:00,9.6,73.8,CS
2019-08,AS,2019-10-30 18:00:00,10.2,73.3,CS
2019-08,AS,2019-10-30 21:00:00,10.6,73.1,CS
2019-08,AS,2019-10-31 00:00:00,11.0,73.0,CS
2019-08,AS,2019-10-31 03:00:00,11.5,72.8,CS
2019-08,AS,2019-10-31 06:00:00,11.9,72.8,SCS
2019-08,AS,2019-10-31 09:00:00,12.3,72.8,SCS
2019-08,AS,2019-10-31 12:00:00,12.8,72.4,SCS
2019-08,AS,2019-10-31 15:00:00,13.3,72.2,SCS
2019-08,AS,2019-10-31 18:00:00,13.7,72.1,SCS
2019-08,AS,2019-10-31 21:00:00,13.9,72.0,SCS
2019-08,AS,2019-11-01 00:00:00,14.6,71.7,SCS
2019-08,AS,2019-11-01 03:00:00,14.8,71.0,SCS
2019-08,AS,2019-11-01 06:00:00,15.2,70.5,SCS
2019-08,AS,2019-11-01 09:00:00,15.4,70.0,SCS
2019-08,AS,2019-11-01 12:00:00,15.6,69.5,SCS
2019-08,AS,2019-11-01 15:00:00,15.7,69.2,SCS
2019-08,AS,2019-11-01 18:00:00,15.9,69.1,SCS
2019-08,AS,2019-11-01 21:00:00,16.2,68.8,SCS
2019-08,AS,2019-11-02 00:00:00,16.3,68.5,SCS
2019-08,AS,2019-11-02 03:00:00,16.4,68.3,SCS
2019-08,AS,2019-11-02 06:00:00,16.5,68.2,SCS
2019-08,AS,2019-11-02 09:00:00,16.8,67.9,SCS
2019-08,AS,2019-11-02 12:00:00,17.0,67.6,SCS
2019-08,AS,2019-11-02 15:00:00,17.1,67.3,SCS
2019-08,AS,2019-11-02 18:00:00,17.2,67.0,SCS
2019-08,AS,2019-11-02 21:00:00,17.5,66.8,SCS
2019-08,AS,2019-11-03 00:00:00,17.6,66.5,SCS
2019-08,AS,2019-11-03 03:00:00,17.6,66.4,SCS
2019-08,AS,2019-11-03 06:00:00,17.6,66.2,SCS
2019-08,AS,2019-11-03 09:00:00,17.6,65.9,VSCS
2019-08,AS,2019-11-03 12:00:00,17.7,65.7,VSCS
2019-08,AS,2019-11-03 15:00:00,17.8,65.6,VSCS
2019-08,AS,2019-11-03 18:00:00,17.9,65.4,VSCS
2019-08,AS,2019-11-03 21:00:00,18.0,65.0,VSCS
2019-08,AS,2019-11-04 00:00:00,18.1,64.8,ESCS
2019-08,AS,2019-11-04 03:00:00,18.3,64.6,ESCS
2019-08,AS,2019-11-04 06:00:00,18.6,64.3,ESCS
2019-08,AS,2019-11-04 09:00:00,18.7,64.2,ESCS
2019-08,AS,2019-11-04 12:00:00,18.9,64.1,ESCS
2019-08,AS,2019-11-04 15:00:00,19.2,63.9,ESCS
2019-08,AS,2019-11-04 18:00:00,19.3,63.7,ESCS
2019-08,AS,2019-11-04 21:00:00,19.5,63.6,ESCS
2019-08,AS,2019-11-05 00:00:00,19.6,63.6,ESCS
2019-08,AS,2019-11-05 03:00:00,19.7,63.6,VSCS
2019-08,AS,2019-11-05 06:00:00,19.8,63.7,VSCS
2019-08,AS,2019-11-05 09:00:00,19.8,63.8,VSCS
2019-08,AS,2019-11-05 12:00:00,19.8,64.1,VSCS
2019-08,AS,2019-11-05 15:00:00,19.8,64.3,VSCS
2019-08,AS,2019-11-05 18:00:00,19.8,64.9,VSCS
2019-08,AS,2019-11-05 21:00:00,19.8,65.5,VSCS
2019-08,AS,2019-11-06 00:00:00,19.8,65.8,SCS
2019-08,AS,2019-11-06 03:00:00,19.8,66.3,SCS
2019-08,AS,2019-11-06 06:00:00,19.7,66.5,SCS
2019-08,AS,2019-11-06 09:00:00,19.6,67.1,SCS
2019-08,AS,2019-11-06 12:00:00,19.7,67.7,CS
2019-08,AS,2019-11-06 15:00:00,19.8,68.3,CS
2019-08,AS,2019-11-06 18:00:00,19.8,68.4,CS
2019-08,AS,2019-11-06 21:00:00,19.8,68.9,CS
2019-08,AS,2019-11-07 00:00:00,19.8,69.4,DD
2019-08,AS,2019-11-07 03:00:00,20.0,70.0,DD
2019-08,AS,2019-11-07 06:00:00,20.0,70.4,D
2019-08,AS,2019-11-07 09:00:00,20.2,70.6,D
2019-09,BOB,2019-11-05 00:00:00,13.1,91.5,D
2019-09,BOB,2019-11-05 03:00:00,13.1,91.0,D
2019-09,BOB,2019-11-05 06:00:00,13.1,90.7,D
2019-09,BOB,2019-11-05 12:00:00,13.2,90.1,D
2019-09,BOB,2019-11-05 18:00:00,13.3,89.8,D
2019-09,BOB,2019-11-06 00:00:00,13.4,89.7,DD
2019-09,BOB,2019-11-06 03:00:00,13.4,89.6,DD
2019-09,BOB,2019-11-06 06:00:00,13.4,89.4,DD
2019-09,BOB,2019-11-06 12:00:00,13.5,89.3,DD
2019-09,BOB,2019-11-06 18:00:00,13.8,89.3,CS
2019-09,BOB,2019-11-07 00:00:00,14.2,89.3,CS
2019-09,BOB,2019-11-07 03:00:00,14.7,89.3,CS
2019-09,BOB,2019-11-07 06:00:00,15.3,88.7,CS
2019-09,BOB,2019-11-07 09:00:00,15.5,88.4,CS
2019-09,BOB,2019-11-07 12:00:00,15.9,88.0,CS
2019-09,BOB,2019-11-07 15:00:00,16.2,87.9,SCS
2019-09,BOB,2019-11-07 18:00:00,16.4,87.8,SCS
2019-09,BOB,2019-11-07 21:00:00,16.6,87.7,SCS
2019-09,BOB,2019-11-08 00:00:00,16.9,87.6,VSCS
2019-09,BOB,2019-11-08 03:00:00,17.2,87.6,VSCS
2019-09,BOB,2019-11-08 06:00:00,17.6,87.6,VSCS
2019-09,BOB,2019-11-08 09:00:00,18.1,87.6,VSCS
2019-09,BOB,2019-11-08 12:00:00,18.5,87.6,VSCS
2019-09,BOB,2019-11-08 15:00:00,19.2,87.7,VSCS
2019-09,BOB,2019-11-08 18:00:00,19.3,87.6,VSCS
2019-09,BOB,2019-11-08 21:00:00,19.6,87.7,VSCS
2019-09,BOB,2019-11-09 00:00:00,20.0,87.6,VSCS
2019-09,BOB,2019-11-09 03:00:00,20.4,87.6,VSCS
2019-09,BOB,2019-11-09 06:00:00,20.6,87.8,VSCS
2019-09,BOB,2019-11-09 09:00:00,20.9,87.9,VSCS
2019-09,BOB,2019-11-09 12:00:00,21.2,88.1,VSCS
2019-09,BOB,2019-11-09 15:00:00,21.4,88.3,SCS
2019-09,BOB,2019-11-09 18:00:00,21.6,88.6,SCS
2019-09,BOB,2019-11-09 21:00:00,21.9,89.1,SCS
2019-09,BOB,2019-11-10 00:00:00,22.1,89.5,CS
2019-09,BOB,2019-11-10 03:00:00,22.2,89.7,CS
2019-09,BOB,2019-11-10 06:00:00,22.3,90.0,CS
2019-09,BOB,2019-11-10 09:00:00,22.4,90.1,DD
2019-09,BOB,2019-11-10 12:00:00,22.5,90.4,DD
2019-09,BOB,2019-11-10 18:00:00,22.7,91.2,DD
2019-09,BOB,2019-11-11 00:00:00,23.1,91.9,D
2019-10,AS,2019-12-02 12:00:00,5.7,56.6,D
2019-10,AS,2019-12-02 18:00:00,6.1,56.5,D
2019-10,AS,2019-12-03 00:00:00,6.5,56.5,DD
2019-10,AS,2019-12-03 03:00:00,6.8,56.4,DD
2019-10,AS,2019-12-03 06:00:00,7.0,56.3,DD
2019-10,AS,2019-12-03 12:00:00,7.0,56.5,DD
2019-10,AS,2019-12-03 18:00:00,7.0,56.6,DD
2019-10,AS,2019-12-04 00:00:00,7.2,56.6,DD
2019-10,AS,2019-12-04 03:00:00,7.4,56.6,DD
2019-10,AS,2019-12-04 06:00:00,7.4,56.6,DD
2019-10,AS,2019-12-04 12:00:00,7.4,56.6,DD
2019-10,AS,2019-12-04 18:00:00,8.5,56.7,DD
2019-10,AS,2019-12-05 00:00:00,9.2,56.4,CS
2019-10,AS,2019-12-05 03:00:00,9.2,56.4,CS
2019-10,AS,2019-12-05 06:00:00,9.5,56.3,CS
2019-10,AS,2019-12-05 09:00:00,9.5,55.6,CS
2019-10,AS,2019-12-05 12:00:00,9.6,55.1,CS
2019-10,AS,2019-12-05 15:00:00,9.6,54.9,CS
2019-10,AS,2019-12-05 18:00:00,9.3,54.5,CS
2019-10,AS,2019-12-05 21:00:00,9.0,54.0,CS
2019-10,AS,2019-12-06 00:00:00,8.5,53.3,CS
2019-10,AS,2019-12-06 03:00:00,8.3,53.0,CS
2019-10,AS,2019-12-06 06:00:00,8.0,52.6,CS
2019-10,AS,2019-12-06 09:00:00,7.9,52.6,CS
2019-10,AS,2019-12-06 12:00:00,7.9,52.3,CS
2019-10,AS,2019-12-06 15:00:00,7.7,51.8,CS
2019-10,AS,2019-12-06 18:00:00,7.5,51.3,CS
2019-10,AS,2019-12-06 21:00:00,7.5,50.9,CS
2019-10,AS,2019-12-07 00:00:00,7.4,49.8,CS
2019-10,AS,2019-12-07 03:00:00,7.4,49.5,DD
2019-10,AS,2019-12-07 06:00:00,7.4,48.9,DD
2019-10,AS,2019-12-07 09:00:00,7.3,48.3,D
2019-11,AS,2019-12-03 18:00:00,12.7,71.0,D
2019-11,AS,2019-12-04 00:00:00,14.0,70.0,DD
2019-11,AS,2019-12-04 03:00:00,14.7,69.5,DD
2019-11,AS,2019-12-04 06:00:00,14.9,69.1,DD
2019-11,AS,2019-12-04 12:00:00,14.9,68.4,DD
2019-11,AS,2019-12-04 18:00:00,15.0,68.0,DD
2019-11,AS,2019-12-05 00:00:00,15.1,67.9,D
2019-11,AS,2019-12-05 03:00:00,15.2,67.5,D
2019-11,AS,2019-12-05 06:00:00,15.4,67.2,D
2019-12,AS,2019-12-08 09:00:00,9.4,62.2,D
2019-12,AS,2019-12-08 12:00:00,9.6,61.6,D
2019-12,AS,2019-12-08 18:00:00,10.0,61.0,D
2019-12,AS,2019-12-09 00:00:00,10.4,60.4,DD
2019-12,AS,2019-12-09 03:00:00,10.5,60.0,DD
2019-12,AS,2019-12-09 06:00:00,10.6,59.4,DD
2019-12,AS,2019-12-09 12:00:00,10.6,58.5,D
2019-12,AS,2019-12-09 18:00:00,10.6,57.0,D
2019-12,AS,2019-12-10 00:00:00,10.6,55.7,D
2019-12,AS,2019-12-10 03:00:00,10.6,55.2,D
2020-01,BOB,2020-05-16 00:00:00,10.4,87.0,D
2020-01,BOB,2020-05-16 03:00:00,10.7,86.5,D
2020-01,BOB,2020-05-16 06:00:00,10.9,86.3,D
2020-01,BOB,2020-05-16 09:00:00,10.9,86.3,DD
2020-01,BOB,2020-05-16 12:00:00,10.9,86.3,CS
2020-01,BOB,2020-05-16 15:00:00,11.0,86.2,CS
2020-01,BOB,2020-05-16 18:00:00,11.1,86.1,CS
2020-01,BOB,2020-05-16 21:00:00,11.3,86.1,CS
2020-01,BOB,2020-05-17 00:00:00,11.4,86.0,CS
2020-01,BOB,2020-05-17 03:00:00,11.4,86.0,SCS
2020-01,BOB,2020-05-17 06:00:00,11.5,86.0,SCS
2020-01,BOB,2020-05-17 09:00:00,11.7,86.0,VSCS
2020-01,BOB,2020-05-17 12:00:00,12.0,86.0,VSCS
2020-01,BOB,2020-05-17 15:00:00,12.8,86.2,VSCS
2020-01,BOB,2020-05-17 18:00:00,12.5,86.1,VSCS
2020-01,BOB,2020-05-17 21:00:00,12.9,86.4,ESCS
2020-01,BOB,2020-05-18 00:00:00,13.2,86.3,ESCS
2020-01,BOB,2020-05-18 03:00:00,13.3,86.2,ESCS
2020-01,BOB,2020-05-18 06:00:00,13.4,86.2,SuCS
2020-01,BOB,2020-05-18 09:00:00,13.7,86.2,SuCS
2020-01,BOB,2020-05-18 12:00:00,14.0,86.3,SuCS
2020-01,BOB,2020-05-18 15:00:00,14.5,86.4,SuCS
2020-01,BOB,2020-05-18 18:00:00,14.9,86.5,SuCS
2020-01,BOB,2020-05-18 21:00:00,15.2,86.6,SuCS
2020-01,BOB,2020-05-19 00:00:00,15.6,86.7,SuCS
2020-01,BOB,2020-05-19 03:00:00,16.0,86.8,SuCS
2020-01,BOB,2020-05-19 06:00:00,16.5,86.9,ESCS
2020-01,BOB,2020-05-19 09:00:00,17.0,86.9,ESCS
2020-01,BOB,2020-05-19 12:00:00,17.4,87.0,ESCS
2020-01,BOB,2020-05-19 15:00:00,18.1,87.1,ESCS
2020-01,BOB,2020-05-19 18:00:00,18.4,87.2,ESCS
2020-01,BOB,2020-05-19 21:00:00,18.7,87.2,ESCS
2020-01,BOB,2020-05-20 00:00:00,19.1,87.5,ESCS
2020-01,BOB,2020-05-20 03:00:00,19.8,87.7,ESCS
2020-01,BOB,2020-05-20 06:00:00,20.6,88.0,ESCS
2020-01,BOB,2020-05-20 09:00:00,21.4,88.1,ESCS
2020-01,BOB,2020-05-20 12:00:00,21.9,88.4,VSCS
2020-01,BOB,2020-05-20 15:00:00,22.7,88.6,VSCS
2020-01,BOB,2020-05-20 18:00:00,23.3,89.0,SCS
2020-01,BOB,2020-05-20 21:00:00,24.2,89.0,CS
2020-01,BOB,2020-05-21 00:00:00,24.2,89.3,CS
2020-01,BOB,2020-05-21 03:00:00,24.7,89.5,CS
2020-01,BOB,2020-05-21 06:00:00,25.0,89.6,DD
2020-01,BOB,2020-05-21 12:00:00,25.4,89.6,D
2020-02,AS,2020-05-29 09:00:00,17.3,54.3,D
2020-02,AS,2020-05-29 12:00:00,17.3,54.3,D
2020-02,AS,2020-05-29 18:00:00,17.3,54.3,D
2020-02,AS,2020-05-30 00:00:00,17.3,54.2,D
2020-02,AS,2020-05-30 03:00:00,17.3,54.2,D
2020-02,AS,2020-05-30 06:00:00,17.2,54.0,D
2020-02,AS,2020-05-30 12:00:00,17.2,54.0,D
2020-02,AS,2020-05-30 18:00:00,17.2,54.0,D
2020-02,AS,2020-05-31 00:00:00,17.1,53.8,D
2020-02,AS,2020-05-31 03:00:00,17.1,53.8,D
2020-02,AS,2020-05-31 06:00:00,17.0,53.5,D
2020-02,AS,2020-05-31 12:00:00,16.9,53.1,D
2020-02,AS,2020-05-31 18:00:00,16.8,52.9,D
2020-03,AS,2020-06-01 00:00:00,13.0,71.4,D
2020-03,AS,2020-06-01 03:00:00,13.2,71.4,D
2020-03,AS,2020-06-01 06:00:00,13.7,71.3,D
2020-03,AS,2020-06-01 12:00:00,14.2,71.2,D
2020-03,AS,2020-06-01 18:00:00,14.4,71.2,D
2020-03,AS,2020-06-02 00:00:00,15.0,71.2,DD
2020-03,AS,2020-06-02 03:00:00,15.3,71.2,DD
2020-03,AS,2020-06-02 06:00:00,15.6,71.2,CS
2020-03,AS,2020-06-02 09:00:00,16.0,71.2,CS
2020-03,AS,2020-06-02 12:00:00,16.3,71.3,CS
2020-03,AS,2020-06-02 15:00:00,16.0,71.4,CS
2020-03,AS,2020-06-02 18:00:00,16.8,71.6,CS
2020-03,AS,2020-06-02 21:00:00,17.1,71.8,CS
2020-03,AS,2020-06-03 00:00:00,17.3,72.1,SCS
2020-03,AS,2020-06-03 03:00:00,17.6,72.3,SCS
2020-03,AS,2020-06-03 06:00:00,18.1,72.8,SCS
2020-03,AS,2020-06-03 09:00:00,18.5,73.2,SCS
2020-03,AS,2020-06-03 12:00:00,19.0,73.7,CS
2020-03,AS,2020-06-03 15:00:00,19.6,74.0,DD
2020-03,AS,2020-06-03 18:00:00,19.8,74.8,DD
2020-03,AS,2020-06-04 00:00:00,20.5,76.0,D
2020-03,AS,2020-06-04 03:00:00,21.2,76.9,D
2020-03,AS,2020-06-04 06:00:00,21.8,77.6,D
2020-04,BOB,2020-10-11 00:00:00,15.3,86.5,D
2020-04,BOB,2020-10-11 03:00:00,15.4,86.2,D
2020-04,BOB,2020-10-11 06:00:00,15.4,85.8,D
2020-04,BOB,2020-10-11 12:00:00,15.5,85.4,D
2020-04,BOB,2020-10-11 18:00:00,15.6,85.2,D
2020-04,BOB,2020-10-12 00:00:00,15.7,85.0,D
2020-04,BOB,2020-10-12 03:00:00,15.7,85.0,DD
2020-04,BOB,2020-10-12 06:00:00,15.9,84.8,DD
2020-04,BOB,2020-10-12 12:00:00,16.1,84.6,DD
2020-04,BOB,2020-10-12 18:00:00,16.5,83.4,DD
2020-04,BOB,2020-10-13 00:00:00,16.9,82.5,DD
2020-04,BOB,2020-10-13 03:00:00,17.0,82.1,DD
2020-04,BOB,2020-10-13 06:00:00,17.3,81.5,D
2020-04,BOB,2020-10-13 12:00:00,17.5,80.5,D
2020-04,BOB,2020-10-13 18:00:00,17.6,79.5,D
2020-04,BOB,2020-10-14 00:00:00,17.7,78.1,D
2020-04,BOB,2020-10-14 03:00:00,17.7,77.5,D
2020-04,BOB,2020-10-14 06:00:00,17.7,77.0,D
2020-05,AS,2020-10-17 03:00:00,17.8,69.0,D
2020-05,AS,2020-10-17 06:00:00,17.8,68.2,D
2020-05,AS,2020-10-17 12:00:00,17.8,67.5,D
2020-05,AS,2020-10-17 18:00:00,17.8,66.8,D
2020-05,AS,2020-10-18 00:00:00,17.8,66.4,D
2020-05,AS,2020-10-18 03:00:00,17.8,65.8,D
2020-05,AS,2020-10-18 06:00:00,17.8,65.3,D
2020-05,AS,2020-10-18 12:00:00,17.8,64.8,D
2020-05,AS,2020-10-18 18:00:00,17.8,64.3,D
2020-06,BOB,2020-10-22 03:00:00,18.7,87.0,D
2020-06,BOB,2020-10-22 06:00:00,19.0,87.0,D
2020-06,BOB,2020-10-22 12:00:00,19.7,87.3,D
2020-06,BOB,2020-10-22 18:00:00,20.2,87.6,D
2020-06,BOB,2020-10-23 00:00:00,21.2,88.2,D
2020-06,BOB,2020-10-23 03:00:00,21.4,88.4,D
2020-06,BOB,2020-10-23 06:00:00,21.7,88.5,D
2020-06,BOB,2020-10-23 09:00:00,22.5,89.1,D
2020-06,BOB,2020-10-23 12:00:00,23.3,89.5,D
2020-06,BOB,2020-10-23 18:00:00,24.0,89.9,D
2020-07,BOB,2020-11-22 21:00:00,8.5,85.3,D
2020-07,BOB,2020-11-23 00:00:00,9.3,84.5,D
2020-07,BOB,2020-11-23 03:00:00,9.5,84.2,D
2020-07,BOB,2020-11-23 06:00:00,9.6,84.0,D
2020-07,BOB,2020-11-23 12:00:00,9.8,83.6,DD
2020-07,BOB,2020-11-23 18:00:00,10.0,83.3,DD
2020-07,BOB,2020-11-24 00:00:00,10.0,83.0,CS
2020-07,BOB,2020-11-24 03:00:00,10.0,83.0,CS
2020-07,BOB,2020-11-24 06:00:00,10.0,82.7,CS
2020-07,BOB,2020-11-24 09:00:00,10.0,82.6,CS
2020-07,BOB,2020-11-24 12:00:00,10.1,82.5,CS
2020-07,BOB,2020-11-24 15:00:00,10.1,82.4,CS
2020-07,BOB,2020-11-24 18:00:00,10.2,82.3,SCS
2020-07,BOB,2020-11-24 21:00:00,10.3,82.2,SCS
2020-07,BOB,2020-11-25 00:00:00,10.5,82.0,SCS
2020-07,BOB,2020-11-25 03:00:00,10.7,81.7,SCS
2020-07,BOB,2020-11-25 06:00:00,11.0,81.3,SCS
2020-07,BOB,2020-11-25 09:00:00,11.2,81.0,VSCS
2020-07,BOB,2020-11-25 12:00:00,11.4,80.7,VSCS
2020-07,BOB,2020-11-25 15:00:00,11.7,80.4,VSCS
2020-07,BOB,2020-11-25 18:00:00,12.0,80.1,VSCS
2020-07,BOB,2020-11-25 21:00:00,12.1,79.9,SCS
2020-07,BOB,2020-11-26 00:00:00,12.3,79.7,SCS
2020-07,BOB,2020-11-26 03:00:00,12.6,79.4,CS
2020-07,BOB,2020-11-26 06:00:00,12.9,79.3,CS
2020-07,BOB,2020-11-26 09:00:00,13.3,79.3,DD
2020-07,BOB,2020-11-26 12:00:00,13.6,79.4,DD
2020-07,BOB,2020-11-26 18:00:00,14.0,79.6,D
2020-08,AS,2020-11-21 18:00:00,11.2,57.4,D
2020-08,AS,2020-11-22 00:00:00,11.1,55.4,DD
2020-08,AS,2020-11-22 03:00:00,10.7,53.8,CS
2020-08,AS,2020-11-22 06:00:00,10.4,52.7,SCS
2020-08,AS,2020-11-22 09:00:00,10.4,52.0,VSCS
2020-08,AS,2020-11-22 12:00:00,10.4,51.5,VSCS
2020-08,AS,2020-11-22 15:00:00,10.4,51.0,VSCS
2020-08,AS,2020-11-22 18:00:00,10.4,50.5,VSCS
2020-08,AS,2020-11-22 21:00:00,10.4,50.1,SCS
2020-08,AS,2020-11-23 00:00:00,10.5,50.0,CS
2020-08,AS,2020-11-23 03:00:00,10.7,49.7,CS
2020-08,AS,2020-11-23 06:00:00,10.9,49.2,DD
2020-08,AS,2020-11-23 12:00:00,11.3,48.5,DD
2020-08,AS,2020-11-23 18:00:00,11.7,47.5,DD
2020-08,AS,2020-11-24 00:00:00,11.6,47.0,D
2020-08,AS,2020-11-24 03:00:00,11.6,46.8,D
2020-09,BOB,2020-11-30 00:00:00,7.5,88.0,D
2020-09,BOB,2020-11-30 03:00:00,7.7,87.7,D
2020-09,BOB,2020-11-30 06:00:00,7.8,87.4,D
2020-09,BOB,2020-11-30 12:00:00,7.7,87.0,D
2020-09,BOB,2020-11-30 18:00:00,7.8,86.6,D
2020-09,BOB,2020-12-01 00:00:00,7.8,86.0,DD
2020-09,BOB,2020-12-01 03:00:00,7.8,85.7,DD
2020-09,BOB,2020-12-01 06:00:00,7.8,85.3,DD
2020-09,BOB,2020-12-01 12:00:00,7.9,84.8,CS
2020-09,BOB,2020-12-01 15:00:00,7.9,84.5,CS
2020-09,BOB,2020-12-01 18:00:00,8.1,84.2,CS
2020-09,BOB,2020-12-01 21:00:00,8.4,83.4,CS
2020-09,BOB,2020-12-02 00:00:00,8.6,83.0,CS
2020-09,BOB,2020-12-02 03:00:00,8.7,82.5,CS
2020-09,BOB,2020-12-02 06:00:00,8.8,82.2,CS
2020-09,BOB,2020-12-02 09:00:00,8.8,81.8,CS
2020-09,BOB,2020-12-02 12:00:00,8.8,81.4,CS
2020-09,BOB,2020-12-02 15:00:00,8.8,81.4,CS
2020-09,BOB,2020-12-02 18:00:00,8.9,80.9,CS
2020-09,BOB,2020-12-02 21:00:00,9.0,80.8,CS
2020-09,BOB,2020-12-03 00:00:00,9.0,80.3,CS
2020-09,BOB,2020-12-03 03:00:00,9.1,80.2,CS
2020-09,BOB,2020-12-03 06:00:00,9.2,79.7,CS
2020-09,BOB,2020-12-03 09:00:00,9.2,79.3,CS
2020-09,BOB,2020-12-03 12:00:00,9.2,79.1,DD
2020-09,BOB,2020-12-03 15:00:00,9.2,78.8,DD
2020-09,BOB,2020-12-03 18:00:00,9.1,78.6,DD
2020-09,BOB,2020-12-03 21:00:00,9.1,78.6,DD
2020-09,BOB,2020-12-04 00:00:00,9.1,78.6,DD
2020-09,BOB,2020-12-04 03:00:00,9.1,78.6,DD
2020-09,BOB,2020-12-04 06:00:00,9.1,78.6,DD
2020-09,BOB,2020-12-04 12:00:00,9.1,78.6,D
2020-09,BOB,2020-12-04 18:00:00,9.1,78.6,D
2020-09,BOB,2020-12-05 00:00:00,9.1,78.6,D
2020-09,BOB,2020-12-05 03:00:00,9.1,78.6,D
2021-01,BOB,2021-04-02 00:00:00,11.0,96.3,D
2021-01,BOB,2021-04-02 03:00:00,11.0,96.3,D
2021-01,BOB,2021-04-02 06:00:00,11.2,96.4,D
2021-01,BOB,2021-04-02 12:00:00,11.8,96.8,D
2021-01,BOB,2021-04-02 18:00:00,12.3,97.2,D
2021-01,BOB,2021-04-03 00:00:00,13.0,97.5,D
2021-01,BOB,2021-04-03 03:00:00,13.2,97.6,D
2021-02,AS,2021-05-14 03:00:00,10.5,72.3,D
2021-02,AS,2021-05-14 06:00:00,11.0,72.5,D
2021-02,AS,2021-05-14 09:00:00,11.5,72.5,D
2021-02,AS,2021-05-14 12:00:00,11.6,72.6,DD
2021-02,AS,2021-05-14 18:00:00,12.2,72.6,CS
2021-02,AS,2021-05-14 21:00:00,12.2,72.6,CS
2021-02,AS,2021-05-15 00:00:00,12.7,72.5,CS
2021-02,AS,2021-05-15 03:00:00,12.8,72.5,CS
2021-02,AS,2021-05-15 06:00:00,13.2,72.6,CS
2021-02,AS,2021-05-15 09:00:00,13.5,72.7,CS
2021-02,AS,2021-05-15 12:00:00,13.8,72.7,SCS
2021-02,AS,2021-05-15 15:00:00,14.2,72.7,SCS
2021-02,AS,2021-05-15 18:00:00,14.5,72.6,SCS
2021-02,AS,2021-05-15 21:00:00,14.7,72.7,SCS
2021-02,AS,2021-05-16 00:00:00,15.0,72.7,VSCS
2021-02,AS,2021-05-16 03:00:00,15.3,72.7,VSCS
2021-02,AS,2021-05-16 06:00:00,15.7,72.7,VSCS
2021-02,AS,2021-05-16 09:00:00,16.2,72.6,VSCS
2021-02,AS,2021-05-16 12:00:00,16.7,72.5,VSCS
2021-02,AS,2021-05-16 15:00:00,17.2,72.3,VSCS
2021-02,AS,2021-05-16 18:00:00,17.5,72.0,VSCS
2021-02,AS,2021-05-16 21:00:00,18.0,71.7,ESCS
2021-02,AS,2021-05-17 00:00:00,18.5,71.5,ESCS
2021-02,AS,2021-05-17 03:00:00,18.8,71.5,ESCS
2021-02,AS,2021-05-17 06:00:00,19.2,71.4,ESCS
2021-02,AS,2021-05-17 09:00:00,19.6,71.4,ESCS
2021-02,AS,2021-05-17 12:00:00,20.1,71.3,ESCS
2021-02,AS,2021-05-17 15:00:00,20.5,71.2,ESCS
2021-02,AS,2021-05-17 18:00:00,20.9,71.1,VSCS
2021-02,AS,2021-05-17 21:00:00,21.3,71.2,VSCS
2021-02,AS,2021-05-18 00:00:00,21.5,71.2,VSCS
2021-02,AS,2021-05-18 03:00:00,21.6,71.3,SCS
2021-02,AS,2021-05-18 06:00:00,22.0,71.5,CS
2021-02,AS,2021-05-18 09:00:00,22.5,71.8,CS
2021-02,AS,2021-05-18 12:00:00,23.1,72.3,CS
2021-02,AS,2021-05-18 15:00:00,23.6,72.6,DD
2021-02,AS,2021-05-18 18:00:00,24.1,73.0,DD
2021-02,AS,2021-05-19 00:00:00,24.5,73.3,D
2021-02,AS,2021-05-19 03:00:00,24.9,73.7,D
2021-02,AS,2021-05-19 06:00:00,25.8,74.8,D
2021-03,BOB,2021-05-23 06:00:00,16.1,90.2,D
2021-03,BOB,2021-05-23 12:00:00,16.2,89.9,D
2021-03,BOB,2021-05-23 18:00:00,16.3,89.7,DD
2021-03,BOB,2021-05-24 00:00:00,16.3,89.7,CS
2021-03,BOB,2021-05-24 03:00:00,16.5,89.6,CS
2021-03,BOB,2021-05-24 06:00:00,16.4,89.6,CS
2021-03,BOB,2021-05-24 09:00:00,16.8,89.5,CS
2021-03,BOB,2021-05-24 12:00:00,17.1,89.3,CS
2021-03,BOB,2021-05-24 15:00:00,17.4,89.2,CS
2021-03,BOB,2021-05-24 18:00:00,17.6,89.0,SCS
2021-03,BOB,2021-05-24 21:00:00,17.8,88.9,SCS
2021-03,BOB,2021-05-25 00:00:00,18.0,88.6,SCS
2021-03,BOB,2021-05-25 03:00:00,18.3,88.3,SCS
2021-03,BOB,2021-05-25 06:00:00,18.7,88.0,SCS
2021-03,BOB,2021-05-25 09:00:00,19.1,88.1,SCS
2021-03,BOB,2021-05-25 12:00:00,19.5,88.0,VSCS
2021-03,BOB,2021-05-25 15:00:00,19.8,87.9,VSCS
2021-03,BOB,2021-05-25 18:00:00,20.1,87.8,VSCS
2021-03,BOB,2021-05-25 21:00:00,20.4,87.6,VSCS
2021-03,BOB,2021-05-26 00:00:00,20.8,87.3,VSCS
2021-03,BOB,2021-05-26 03:00:00,21.2,87.1,VSCS
2021-03,BOB,2021-05-26 06:00:00,21.4,86.9,VSCS
2021-03,BOB,2021-05-26 09:00:00,21.6,86.7,SCS
2021-03,BOB,2021-05-26 12:00:00,21.8,86.6,CS
2021-03,BOB,2021-05-26 15:00:00,22.2,86.2,CS
2021-03,BOB,2021-05-26 18:00:00,22.5,86.0,DD
2021-03,BOB,2021-05-27 00:00:00,22.8,85.8,DD
2021-03,BOB,2021-05-27 03:00:00,23.1,85.7,DD
2021-03,BOB,2021-05-27 06:00:00,23.5,85.6,D
2021-03,BOB,2021-05-27 12:00:00,24.3,85.3,D
2021-03,BOB,2021-05-27 18:00:00,24.7,84.8,D
2021-04,BOB,2021-09-12 12:00:00,20.3,87.4,D
2021-04,BOB,2021-09-12 18:00:00,20.4,87.1,D
2021-04,BOB,2021-09-13 00:00:00,20.6,87.0,DD
2021-04,BOB,2021-09-13 03:00:00,20.9,86.5,DD
2021-04,BOB,2021-09-13 06:00:00,21.1,86.2,DD
2021-04,BOB,2021-09-13 12:00:00,21.4,85.5,DD
2021-04,BOB,2021-09-13 18:00:00,21.6,84.8,DD
2021-04,BOB,2021-09-14 00:00:00,22.0,83.6,DD
2021-04,BOB,2021-09-14 03:00:00,22.1,83.4,D
2021-04,BOB,2021-09-14 06:00:00,22.4,83.0,D
2021-04,BOB,2021-09-14 12:00:00,22.7,82.5,D
2021-04,BOB,2021-09-14 18:00:00,23.0,82.0,D
2021-05,BOB,2021-09-24 12:00:00,18.3,91.2,D
2021-05,BOB,2021-09-24 18:00:00,18.4,90.4,D
2021-05,BOB,2021-09-25 00:00:00,18.4,89.7,DD
2021-05,BOB,2021-09-25 03:00:00,18.4,89.3,DD
2021-05,BOB,2021-09-25 06:00:00,18.4,88.7,DD
2021-05,BOB,2021-09-25 12:00:00,18.3,88.3,CS
2021-05,BOB,2021-09-25 15:00:00,18.3,88.1,CS
2021-05,BOB,2021-09-25 18:00:00,18.3,87.9,CS
2021-05,BOB,2021-09-25 21:00:00,18.3,87.6,CS
2021-05,BOB,2021-09-25 09:00:00,18.4,85.3,CS
2021-05,BOB,2021-09-27 00:00:00,18.4,82.8,DD
2021-05,BOB,2021-09-27 03:00:00,18.4,82.5,DD
2021-05,BOB,2021-09-27 06:00:00,18.5,82.0,DD
2021-05,BOB,2021-09-27 12:00:00,18.6,80.1,D
2021-05,BOB,2021-09-27 18:00:00,18.7,79.4,D
2021-05,BOB,2021-09-28 00:00:00,19.0,78.2,D
2021-05,BOB,2021-09-28 03:00:00,19.4,77.3,D
2021-06,AS,2021-09-30 00:00:00,22.7,69.5,D
2021-06,AS,2021-09-30 03:00:00,22.7,68.6,D
2021-06,AS,2021-09-30 06:00:00,22.8,68.2,D
2021-06,AS,2021-09-30 12:00:00,23.1,67.4,D
2021-06,AS,2021-09-30 18:00:00,23.1,66.8,DD
2021-06,AS,2021-10-01 00:00:00,23.2,65.5,CS
2021-06,AS,2021-10-01 03:00:00,23.2,64.9,CS
2021-06,AS,2021-10-01 06:00:00,23.2,64.5,CS
2021-06,AS,2021-10-01 09:00:00,23.3,64.1,CS
2021-06,AS,2021-10-01 12:00:00,23.4,63.7,SCS
2021-06,AS,2021-10-01 15:00:00,23.6,63.4,SCS
2021-06,AS,2021-10-01 18:00:00,23.6,63.2,SCS
2021-06,AS,2021-10-01 21:00:00,23.8,62.8,SCS
2021-06,AS,2021-10-02 00:00:00,23.8,62.4,SCS
2021-06,AS,2021-10-02 03:00:00,23.9,62.1,SCS
2021-06,AS,2021-10-02 06:00:00,24.1,61.8,SCS
2021-06,AS,2021-10-02 09:00:00,24.3,61.3,SCS
2021-06,AS,2021-10-02 12:00:00,24.5,60.7,SCS
2021-06,AS,2021-10-02 15:00:00,24.5,60.4,SCS
2021-06,AS,2021-10-02 18:00:00,24.4,60.0,SCS
2021-06,AS,2021-10-02 21:00:00,24.4,59.7,SCS
2021-06,AS,2021-10-03 00:00:00,24.3,59.5,SCS
2021-06,AS,2021-10-03 03:00:00,24.2,59.0,SCS
2021-06,AS,2021-10-03 06:00:00,24.1,58.6,SCS
2021-06,AS,2021-10-03 09:00:00,24.1,58.3,SCS
2021-06,AS,2021-10-03 12:00:00,24.0,58.0,SCS
2021-06,AS,2021-10-03 15:00:00,24.0,57.7,SCS
2021-06,AS,2021-10-03 18:00:00,23.9,57.3,SCS
2021-06,AS,2021-10-03 21:00:00,23.8,57.2,SCS
2021-06,AS,2021-10-04 00:00:00,23.7,56.8,CS
2021-06,AS,2021-10-04 03:00:00,23.5,56.4,DD
2021-06,AS,2021-10-04 06:00:00,23.3,56.0,D
2021-07,AS,2021-10-07 03:00:00,14.0,67.5,D
2021-07,AS,2021-10-07 06:00:00,14.2,67.2,D
2021-07,AS,2021-10-07 12:00:00,14.3,67.0,D
2021-07,AS,2021-10-07 18:00:00,14.5,66.8,D
2021-07,AS,2021-10-08 00:00:00,14.6,66.6,D
2021-07,AS,2021-10-08 03:00:00,14.7,66.4,D
2021-07,AS,2021-10-08 06:00:00,14.7,66.2,D
2021-07,AS,2021-10-08 12:00:00,14.6,65.9,D
2021-07,AS,2021-10-08 18:00:00,14.5,65.8,D
2021-08,BOB,2021-11-10 12:00:00,10.6,83.4,D
2021-08,BOB,2021-11-10 18:00:00,11.3,82.3,D
2021-08,BOB,2021-11-11 00:00:00,12.0,81.5,D
2021-08,BOB,2021-11-11 03:00:00,12.3,81.2,D
2021-08,BOB,2021-11-11 06:00:00,12.6,80.8,D
2021-08,BOB,2021-11-11 12:00:00,12.9,80.3,D
2021-08,BOB,2021-11-11 18:00:00,13.1,79.8,D
2021-09,BOB,2021-11-18 03:00:00,11.0,82.3,D
2021-09,BOB,2021-11-18 06:00:00,11.2,81.7,D
2021-09,BOB,2021-11-18 12:00:00,11.8,80.9,D
2021-09,BOB,2021-11-18 18:00:00,12.2,80.5,D
2021-09,BOB,2021-11-19 00:00:00,12.5,80.0,D
2021-09,BOB,2021-11-19 03:00:00,12.7,79.7,D
2021-10,BOB,2021-12-02 12:00:00,11.0,89.0,D
2021-10,BOB,2021-12-02 18:00:00,12.0,87.5,D
2021-10,BOB,2021-12-03 00:00:00,13.4,86.4,DD
2021-10,BOB,2021-12-03 03:00:00,14.0,86.0,DD
2021-10,BOB,2021-12-03 06:00:00,14.5,85.6,CS
2021-10,BOB,2021-12-03 09:00:00,15.0,85.3,CS
2021-10,BOB,2021-12-03 12:00:00,15.5,85.0,CS
2021-10,BOB,2021-12-03 15:00:00,15.7,85.0,CS
2021-10,BOB,2021-12-03 18:00:00,15.9,84.8,CS
2021-10,BOB,2021-12-03 21:00:00,16.0,84.9,CS
2021-10,BOB,2021-12-04 00:00:00,16.2,84.7,CS
2021-10,BOB,2021-12-04 03:00:00,16.3,84.7,CS
2021-10,BOB,2021-12-04 06:00:00,16.4,84.7,CS
2021-10,BOB,2021-12-04 09:00:00,16.5,84.7,CS
2021-10,BOB,2021-12-04 12:00:00,16.9,84.8,DD
2021-10,BOB,2021-12-04 18:00:00,17.5,85.0,DD
2021-10,BOB,2021-12-05 00:00:00,17.9,85.5,DD
2021-10,BOB,2021-12-05 03:00:00,18.7,85.7,DD
2021-10,BOB,2021-12-05 06:00:00,19.1,85.9,DD
2021-10,BOB,2021-12-05 09:00:00,19.5,86.2,D
2021-10,BOB,2021-12-05 12:00:00,20.1,86.9,D
2021-10,BOB,2021-12-05 18:00:00,20.6,87.3,D
2022-01,BOB,2022-03-03 00:00:00,5.3,84.0,D
2022-01,BOB,2022-03-03 03:00:00,5.6,83.7,D
2022-01,BOB,2022-03-03 06:00:00,6.1,83.4,D
2022-01,BOB,2022-03-03 12:00:00,7.1,83.3,D
2022-01,BOB,2022-03-03 18:00:00,7.8,83.1,D
2022-01,BOB,2022-03-04 00:00:00,8.5,83.0,D
2022-01,BOB,2022-03-04 03:00:00,8.9,82.9,D
2022-01,BOB,2022-03-04 06:00:00,9.2,82.8,D
2022-01,BOB,2022-03-04 12:00:00,10.0,82.7,DD
2022-01,BOB,2022-03-04 18:00:00,10.3,82.6,DD
2022-01,BOB,2022-03-05 00:00:00,11.0,82.6,DD
2022-01,BOB,2022-03-05 03:00:00,11.4,82.6,DD
2022-01,BOB,2022-03-05 06:00:00,11.6,82.6,DD
2022-01,BOB,2022-03-05 12:00:00,11.7,82.5,DD
2022-01,BOB,2022-03-05 18:00:00,11.5,82.4,D
2022-01,BOB,2022-03-06 00:00:00,11.2,82.2,D
2022-02,BOB,2022-03-20 00:00:00,9.8,92.5,D
2022-02,BOB,2022-03-20 03:00:00,10.1,92.6,D
2022-02,BOB,2022-03-20 06:00:00,10.4,92.9,D
2022-02,BOB,2022-03-20 12:00:00,10.9,93.2,D
2022-02,BOB,2022-03-20 18:00:00,11.3,93.4,D
2022-02,BOB,2022-03-21 00:00:00,11.9,93.7,DD
2022-02,BOB,2022-03-21 03:00:00,12.3,93.8,DD
2022-02,BOB,2022-03-21 06:00:00,12.6,93.9,DD
2022-02,BOB,2022-03-21 12:00:00,13.3,94.0,DD
2022-02,BOB,2022-03-21 18:00:00,14.0,94.0,DD
2022-02,BOB,2022-03-22 00:00:00,14.9,94.2,DD
2022-02,BOB,2022-03-22 03:00:00,15.2,94.2,DD
2022-02,BOB,2022-03-22 06:00:00,15.8,94.2,DD
2022-02,BOB,2022-03-22 09:00:00,16.3,94.3,DD
2022-02,BOB,2022-03-22 12:00:00,16.6,94.4,D
2022-02,BOB,2022-03-22 18:00:00,17.6,94.5,D
2022-02,BOB,2022-03-23 00:00:00,19.0,94.6,D
2022-03,BOB,2022-05-07 06:00:00,9.4,91.3,D
2022-03,BOB,2022-05-07 12:00:00,10.3,90.4,DD
2022-03,BOB,2022-05-07 18:00:00,10.8,90.1,DD
2022-03,BOB,2022-05-08 00:00:00,11.3,89.3,CS
2022-03,BOB,2022-05-08 03:00:00,11.5,89.0,CS
2022-03,BOB,2022-05-08 06:00:00,11.8,88.7,CS
2022-03,BOB,2022-05-08 09:00:00,12.0,88.4,CS
2022-03,BOB,2022-05-08 12:00:00,12.3,88.2,SCS
2022-03,BOB,2022-05-08 15:00:00,12.7,87.8,SCS
2022-03,BOB,2022-05-08 18:00:00,13.1,87.5,SCS
2022-03,BOB,2022-05-08 21:00:00,13.5,87.1,SCS
2022-03,BOB,2022-05-09 00:00:00,13.9,86.8,SCS
2022-03,BOB,2022-05-09 03:00:00,14.2,86.5,SCS
2022-03,BOB,2022-05-09 06:00:00,14.6,86.3,SCS
2022-03,BOB,2022-05-09 09:00:00,14.7,86.0,SCS
2022-03,BOB,2022-05-09 12:00:00,14.9,85.8,SCS
2022-03,BOB,2022-05-09 15:00:00,15.0,85.5,SCS
2022-03,BOB,2022-05-09 18:00:00,15.1,85.2,SCS
2022-03,BOB,2022-05-09 21:00:00,15.2,84.9,SCS
2022-03,BOB,2022-05-10 00:00:00,15.3,84.6,SCS
2022-03,BOB,2022-05-10 03:00:00,15.4,84.0,SCS
2022-03,BOB,2022-05-10 06:00:00,15.5,83.5,SCS
2022-03,BOB,2022-05-10 09:00:00,15.6,83.1,SCS
2022-03,BOB,2022-05-10 12:00:00,15.7,82.8,SCS
2022-03,BOB,2022-05-10 15:00:00,15.8,82.4,SCS
2022-03,BOB,2022-05-10 18:00:00,15.9,82.1,SCS
2022-03,BOB,2022-05-10 21:00:00,16.0,81.9,CS
2022-03,BOB,2022-05-11 00:00:00,16.1,81.8,CS
2022-03,BOB,2022-05-11 03:00:00,16.1,81.6,CS
2022-03,BOB,2022-05-11 06:00:00,16.2,81.5,CS
2022-03,BOB,2022-05-11 09:00:00,16.2,81.4,CS
2022-03,BOB,2022-05-11 12:00:00,16.3,81.4,DD
2022-03,BOB,2022-05-11 15:00:00,16.3,81.3,DD
2022-03,BOB,2022-05-11 18:00:00,16.3,81.2,DD
2022-03,BOB,2022-05-12 00:00:00,16.2,80.9,D
2022-04,BOB,2022-05-20 03:00:00,16.3,97.3,D
2022-04,BOB,2022-05-20 06:00:00,16.4,97.4,D
2022-04,BOB,2022-05-20 09:00:00,16.8,97.6,D
2022-04,BOB,2022-05-20 12:00:00,17.1,97.8,D
2022-04,BOB,2022-05-20 18:00:00,17.4,98.0,D
2022-05,AS,2022-07-16 03:00:00,21.6,69.0,D
2022-05,AS,2022-07-16 06:00:00,21.9,68.9,D
2022-05,AS,2022-07-16 12:00:00,22.1,68.8,D
2022-05,AS,2022-07-16 18:00:00,22.6,68.7,D
2022-05,AS,2022-07-17 00:00:00,22.8,68.5,D
2022-05,AS,2022-07-17 03:00:00,23.0,68.2,D
2022-05,AS,2022-07-17 06:00:00,23.2,67.8,D
2022-05,AS,2022-07-17 12:00:00,23.4,67.4,D
2022-05,AS,2022-07-17 18:00:00,23.4,66.3,D
2022-06,LAND,2022-08-09 03:00:00,20.8,85.6,D
2022-06,LAND,2022-08-09 06:00:00,20.8,85.3,D
2022-06,LAND,2022-08-09 12:00:00,21.2,84.2,D
2022-06,LAND,2022-08-09 18:00:00,21.5,83.3,D
2022-07,AS,2022-08-12 03:00:00,22.5,66.5,D
2022-07,AS,2022-08-12 06:00:00,22.4,66.0,D
2022-07,AS,2022-08-12 12:00:00,22.3,65.2,D
2022-07,AS,2022-08-12 18:00:00,22.2,64.5,D
2022-07,AS,2022-08-13 00:00:00,22.1,63.8,D
2022-07,AS,2022-08-13 03:00:00,22.0,63.6,D
2022-07,AS,2022-08-13 06:00:00,22.0,63.4,D
2022-08,BOB,2022-08-14 03:00:00,21.7,87.8,D
2022-08,BOB,2022-08-14 06:00:00,21.8,87.5,D
2022-08,BOB,2022-08-14 12:00:00,22.1,86.0,D
2022-08,BOB,2022-08-14 18:00:00,22.2,84.0,D
2022-08,BOB,2022-08-15 00:00:00,22.4,82.8,D
2022-08,BOB,2022-08-15 03:00:00,22.6,82.0,D
2022-08,BOB,2022-08-15 06:00:00,22.8,81.1,D
2022-08,BOB,2022-08-15 12:00:00,23.3,79.8,D
2022-08,BOB,2022-08-15 18:00:00,23.6,79.0,D
2022-08,BOB,2022-08-16 00:00:00,24.3,77.6,D
2022-08,BOB,2022-08-16 03:00:00,24.7,76.5,D
2022-08,BOB,2022-08-16 06:00:00,24.9,76.1,D
2022-09,BOB,2022-08-19 00:00:00,20.5,89.7,D
2022-09,BOB,2022-08-19 03:00:00,20.8,89.2,D
2022-09,BOB,2022-08-19 06:00:00,21.1,88.8,DD
2022-09,BOB,2022-08-19 12:00:00,21.5,88.1,DD
2022-09,BOB,2022-08-19 15:00:00,21.8,87.6,DD
2022-09,BOB,2022-08-19 18:00:00,22.1,87.0,DD
2022-09,BOB,2022-08-20 00:00:00,22.5,86.0,DD
2022-09,BOB,2022-08-20 03:00:00,22.6,85.6,DD
2022-09,BOB,2022-08-20 06:00:00,22.9,84.8,DD
2022-09,BOB,2022-08-20 12:00:00,23.3,83.6,DD
2022-09,BOB,2022-08-20 18:00:00,23.5,82.9,DD
2022-09,BOB,2022-08-21 00:00:00,23.7,82.2,D
2022-09,BOB,2022-08-21 03:00:00,23.8,81.7,D
2022-09,BOB,2022-08-21 06:00:00,24.0,81.2,D
2022-09,BOB,2022-08-21 12:00:00,24.2,80.5,D
2022-09,BOB,2022-08-21 18:00:00,24.25,79.8,D
2022-09,BOB,2022-08-22 00:00:00,24.3,79.1,D
2022-09,BOB,2022-08-22 03:00:00,24.3,78.4,D
2022-09,BOB,2022-08-22 06:00:00,24.4,77.8,D
2022-09,BOB,2022-08-22 12:00:00,24.4,77.4,D
2022-09,BOB,2022-08-22 18:00:00,24.6,76.6,D
2022-09,BOB,2022-08-23 00:00:00,24.8,76.2,D
2022-10,LAND,2022-09-11 00:00:00,19.5,84.7,D
2022-10,LAND,2022-09-11 03:00:00,19.7,84.0,D
2022-10,LAND,2022-09-11 06:00:00,19.8,83.3,D
2022-10,LAND,2022-09-11 12:00:00,19.9,81.7,D
2022-10,LAND,2022-09-11 18:00:00,20.1,81.2,D
2022-10,LAND,2022-09-12 00:00:00,20.8,80.8,D
2022-10,BOB,2022-10-22 03:00:00,12.7,92.4,D
2022-10,BOB,2022-10-22 06:00:00,13.7,91.3,D
2022-10,BOB,2022-10-22 12:00:00,14.2,90.5,D
2022-10,BOB,2022-10-22 18:00:00,14.9,89.8,D
2022-10,BOB,2022-10-23 00:00:00,15.3,89.0,DD
2022-10,BOB,2022-10-23 03:00:00,15.6,88.4,DD
2022-10,BOB,2022-10-23 06:00:00,15.9,88.2,DD
2022-10,BOB,2022-10-23 12:00:00,16.5,88.1,CS
2022-10,BOB,2022-10-23 15:00:00,17.0,88.2,CS
2022-10,BOB,2022-10-23 18:00:00,17.3,88.3,CS
2022-10,BOB,2022-10-23 21:00:00,17.5,88.4,CS
2022-10,BOB,2022-10-24 00:00:00,18.0,88.6,CS
2022-10,BOB,2022-10-24 03:00:00,18.7,88.9,CS
2022-10,BOB,2022-10-24 06:00:00,19.3,89.2,CS
2022-10,BOB,2022-10-24 09:00:00,19.9,89.7,CS
2022-10,BOB,2022-10-24 12:00:00,20.5,89.8,CS
2022-10,BOB,2022-10-24 15:00:00,21.4,90.2,CS
2022-10,BOB,2022-10-24 18:00:00,23.5,90.8,CS
2022-10,BOB,2022-10-24 21:00:00,24.3,91.0,DD
2022-10,BOB,2022-10-25 00:00:00,24.5,91.1,D
2022-10,BOB,2022-11-20 00:00:00,10.0,85.5,D
2022-10,BOB,2022-11-20 03:00:00,10.0,85.5,D
2022-10,BOB,2022-11-20 06:00:00,10.3,85.3,D
2022-10,BOB,2022-11-20 12:00:00,10.9,85.0,D
2022-10,BOB,2022-11-20 18:00:00,11.4,84.6,D
2022-10,BOB,2022-11-21 00:00:00,11.9,84.2,D
2022-10,BOB,2022-11-21 03:00:00,12.1,84.0,D
2022-10,BOB,2022-11-21 06:00:00,12.6,83.4,D
2022-10,BOB,2022-11-21 12:00:00,12.9,82.0,D
2022-10,BOB,2022-11-21 18:00:00,13.0,81.7,D
2022-10,BOB,2022-11-22 00:00:00,13.1,81.4,D
2022-13,BOB,2022-12-06 12:00:00,8.2,88.2,D
2022-13,BOB,2022-12-06 18:00:00,8.4,87.0,D
2022-13,BOB,2022-12-07 00:00:00,8.6,86.3,DD
2022-13,BOB,2022-12-07 03:00:00,8.7,85.7,DD
2022-13,BOB,2022-12-07 06:00:00,8.7,85.5,DD
2022-13,BOB,2022-12-07 12:00:00,8.9,85.0,DD
2022-13,BOB,2022-12-07 18:00:00,9.2,84.6,CS
2022-13,BOB,2022-12-07 21:00:00,9.3,84.4,CS
2022-13,BOB,2022-12-08 00:00:00,9.4,84.1,CS
2022-13,BOB,2022-12-08 03:00:00,9.5,83.8,CS
2022-13,BOB,2022-12-08 06:00:00,9.7,83.5,CS
2022-13,BOB,2022-12-08 09:00:00,9.8,83.2,CS
2022-13,BOB,2022-12-08 12:00:00,10.1,82.9,SCS
2022-13,BOB,2022-12-08 15:00:00,10.4,82.6,SCS
2022-13,BOB,2022-12-08 18:00:00,10.6,82.3,SCS
2022-13,BOB,2022-12-08 21:00:00,10.7,82.0,SCS
2022-13,BOB,2022-12-09 00:00:00,11.0,81.7,SCS
2022-13,BOB,2022-12-09 03:00:00,11.1,81.5,CS
2022-13,BOB,2022-12-09 06:00:00,11.4,81.3,CS
2022-13,BOB,2022-12-09 09:00:00,11.7,81.0,CS
2022-13,BOB,2022-12-09 12:00:00,12.0,80.8,CS
2022-13,BOB,2022-12-09 15:00:00,12.2,80.6,CS
2022-13,BOB,2022-12-09 18:00:00,12.5,80.3,CS
2022-13,BOB,2022-12-09 21:00:00,12.8,80.0,CS
2022-13,BOB,2022-12-10 00:00:00,12.9,79.7,DD
2022-13,BOB,2022-12-10 03:00:00,12.8,79.5,DD
2022-13,BOB,2022-12-10 06:00:00,12.7,79.3,D
2022-14,AS,2022-12-14 09:00:00,13.5,69.6,D
2022-14,AS,2022-12-14 12:00:00,13.7,69.2,D
2022-14,AS,2022-12-14 18:00:00,13.8,68.7,D
2022-14,AS,2022-12-15 00:00:00,13.9,68.2,DD
2022-14,AS,2022-12-15 03:00:00,13.9,67.8,DD
2022-14,AS,2022-12-15 12:00:00,14.1,66.8,DD
2022-14,AS,2022-12-15 18:00:00,14.1,65.8,DD
2022-14,AS,2022-12-16 00:00:00,14.0,65.2,DD
2022-14,AS,2022-12-16 03:00:00,13.9,64.7,DD
2022-14,AS,2022-12-16 06:00:00,13.8,64.4,DD
2022-14,AS,2022-12-16 12:00:00,14.0,63.8,D
2022-14,AS,2022-12-16 18:00:00,14.1,63.0,D
2022-14,AS,2022-12-17 00:00:00,14.1,62.2,D
2022-14,AS,2022-12-17 03:00:00,14.0,61.9,D
2022-14,AS,2022-12-17 06:00:00,13.9,61.4,D
2022-15,BOB,2022-12-22 03:00:00,9.0,85.0,D
2022-15,BOB,2022-12-22 06:00:00,9.5,84.8,D
2022-15,BOB,2022-12-22 12:00:00,9.8,84.5,D
2022-15,BOB,2022-12-22 18:00:00,10.1,84.2,D
2022-15,BOB,2022-12-23 00:00:00,10.1,84.2,D
2022-15,BOB,2022-12-23 03:00:00,10.1,84.2,D
2022-15,BOB,2022-12-23 06:00:00,10.4,84.8,D
2022-15,BOB,2022-12-23 12:00:00,10.6,85.4,D
2022-15,BOB,2022-12-23 18:00:00,10.4,85.3,D
2022-15,BOB,2022-12-24 00:00:00,10.8,84.5,D
2022-15,BOB,2022-12-24 03:00:00,10.7,84.2,D
2022-15,BOB,2022-12-24 06:00:00,10.4,83.7,D
2022-15,BOB,2022-12-24 12:00:00,9.7,83.0,D
2022-15,BOB,2022-12-24 18:00:00,9.3,82.5,D
2022-15,BOB,2022-12-25 00:00:00,9.0,82.2,D
2022-15,BOB,2022-12-25 03:00:00,8.8,82.0,D
2022-15,BOB,2022-12-25 06:00:00,8.5,81.6,D
2023-01,BOB,2023-01-30 03:00:00,7.7,87.2,D
2023-01,BOB,2023-01-30 06:00:00,7.9,86.6,D
2023-01,BOB,2023-01-30 12:00:00,8.0,86.0,D
2023-01,BOB,2023-01-30 18:00:00,8.1,85.3,D
2023-01,BOB,2023-01-31 00:00:00,8.2,84.8,D
2023-01,BOB,2023-01-31 03:00:00,8.4,84.3,D
2023-01,BOB,2023-01-31 06:00:00,8.6,83.9,D
2023-01,BOB,2023-01-31 12:00:00,8.6,83.5,D
2023-01,BOB,2023-01-31 18:00:00,8.3,82.9,D
2023-01,BOB,2023-02-01 00:00:00,8.2,82.7,D
2023-01,BOB,2023-02-01 03:00:00,8.2,82.5,D
2023-01,BOB,2023-02-01 06:00:00,8.2,82.5,D
2023-01,BOB,2023-02-01 12:00:00,8.2,82.3,D
2023-01,BOB,2023-02-01 18:00:00,8.1,82.1,D
2023-01,BOB,2023-02-02 00:00:00,7.6,81.4,D
2023-01,BOB,2023-02-02 03:00:00,7.2,81.1,D
2023-01,BOB,2023-02-02 06:00:00,6.8,80.8,D
2023-01,BOB,2023-02-02 12:00:00,6.3,80.3,D
2023-02,BOB,2023-05-09 12:00:00,8.3,89.5,D
2023-02,BOB,2023-05-09 18:00:00,8.5,89.3,D
2023-02,BOB,2023-05-10 00:00:00,8.5,89.0,DD
2023-02,BOB,2023-05-10 03:00:00,8.8,88.9,DD
2023-02,BOB,2023-05-10 06:00:00,9.1,88.7,DD
2023-02,BOB,2023-05-10 12:00:00,10.0,88.4,DD
2023-02,BOB,2023-05-10 18:00:00,10.8,88.2,DD
2023-02,BOB,2023-05-11 00:00:00,11.2,88.1,CS
2023-02,BOB,2023-05-11 03:00:00,11.4,88.0,CS
2023-02,BOB,2023-05-11 06:00:00,11.6,88.0,CS
2023-02,BOB,2023-05-11 09:00:00,11.8,88.0,CS
2023-02,BOB,2023-05-11 12:00:00,12.2,88.0,SCS
2023-02,BOB,2023-05-11 15:00:00,12.5,88.1,SCS
2023-02,BOB,2023-05-11 18:00:00,12.7,88.1,SCS
2023-02,BOB,2023-05-11 21:00:00,12.9,88.1,SCS
2023-02,BOB,2023-05-12 00:00:00,13.2,88.1,VSCS
2023-02,BOB,2023-05-12 03:00:00,13.6,88.2,VSCS
2023-02,BOB,2023-05-12 06:00:00,14.0,88.3,VSCS
2023-02,BOB,2023-05-12 09:00:00,14.3,88.4,VSCS
2023-02,BOB,2023-05-12 12:00:00,14.6,88.6,VSCS
2023-02,BOB,2023-05-12 18:00:00,15.1,88.8,ESCS
2023-02,BOB,2023-05-12 21:00:00,15.2,88.9,ESCS
2023-02,BOB,2023-05-13 00:00:00,15.4,89.1,ESCS
2023-02,BOB,2023-05-13 03:00:00,15.7,89.5,ESCS
2023-02,BOB,2023-05-13 06:00:00,16.0,90.0,ESCS
2023-02,BOB,2023-05-13 09:00:00,16.4,90.3,ESCS
2023-02,BOB,2023-05-13 12:00:00,16.9,90.8,ESCS
2023-02,BOB,2023-05-13 15:00:00,17.4,90.9,ESCS
2023-02,BOB,2023-05-13 18:00:00,17.9,91.0,ESCS
2023-02,BOB,2023-05-13 21:00:00,18.3,91.3,ESCS
2023-02,BOB,2023-05-14 00:00:00,18.7,91.5,ESCS
2023-02,BOB,2023-05-14 03:00:00,19.3,91.9,ESCS
2023-02,BOB,2023-05-14 06:00:00,19.9,92.5,ESCS
2023-02,BOB,2023-05-14 09:00:00,20.5,92.9,ESCS
2023-02,BOB,2023-05-14 12:00:00,21.1,93.3,VSCS
2023-02,BOB,2023-05-14 15:00:00,21.8,93.8,SCS
2023-02,BOB,2023-05-14 18:00:00,22.7,94.6,SCS
2023-02,BOB,2023-05-14 21:00:00,23.5,95.3,CS
2023-02,BOB,2023-05-15 00:00:00,23.9,97.8,D
2023-03,AS,2023-06-06 00:00:00,11.3,66.0,D
2023-03,AS,2023-06-06 03:00:00,11.5,66.0,D
2023-03,AS,2023-06-06 06:00:00,11.9,66.0,DD
2023-03,AS,2023-06-06 12:00:00,12.1,66.0,CS
2023-03,AS,2023-06-06 15:00:00,12.3,66.0,CS
2023-03,AS,2023-06-06 18:00:00,12.5,66.0,CS
2023-03,AS,2023-06-06 21:00:00,12.5,66.0,CS
2023-03,AS,2023-06-07 00:00:00,12.6,66.1,SCS
2023-03,AS,2023-06-07 03:00:00,12.7,66.2,SCS
2023-03,AS,2023-06-07 06:00:00,12.8,66.3,VSCS
2023-03,AS,2023-06-07 09:00:00,13.1,66.3,VSCS
2023-03,AS,2023-06-07 12:00:00,13.3,66.2,VSCS
2023-03,AS,2023-06-07 15:00:00,13.4,66.2,VSCS
2023-03,AS,2023-06-07 18:00:00,13.6,66.0,VSCS
2023-03,AS,2023-06-07 21:00:00,13.7,66.0,VSCS
2023-03,AS,2023-06-08 00:00:00,13.9,66.0,VSCS
2023-03,AS,2023-06-08 03:00:00,14.0,66.0,VSCS
2023-03,AS,2023-06-08 06:00:00,14.1,66.0,VSCS
2023-03,AS,2023-06-08 09:00:00,14.3,66.0,VSCS
2023-03,AS,2023-06-08 12:00:00,14.4,66.0,VSCS
2023-03,AS,2023-06-08 15:00:00,14.5,66.0,VSCS
2023-03,AS,2023-06-08 18:00:00,14.6,66.0,VSCS
2023-03,AS,2023-06-08 21:00:00,14.6,66.0,VSCS
2023-03,AS,2023-06-09 00:00:00,14.7,66.2,VSCS
2023-03,AS,2023-06-09 03:00:00,14.8,66.4,VSCS
2023-03,AS,2023-06-09 06:00:00,15.0,66.6,VSCS
2023-03,AS,2023-06-09 09:00:00,15.3,66.9,VSCS
2023-03,AS,2023-06-09 12:00:00,15.5,67.1,VSCS
2023-03,AS,2023-06-09 15:00:00,15.7,67.3,VSCS
2023-03,AS,2023-06-09 18:00:00,16.0,67.4,VSCS
2023-03,AS,2023-06-09 21:00:00,16.3,67.4,VSCS
2023-03,AS,2023-06-10 00:00:00,16.5,67.4,VSCS
2023-03,AS,2023-06-10 03:00:00,16.7,67.4,VSCS
2023-03,AS,2023-06-10 06:00:00,16.8,67.4,VSCS
2023-03,AS,2023-06-10 09:00:00,16.9,67.4,VSCS
2023-03,AS,2023-06-10 12:00:00,17.1,67.3,VSCS
2023-03,AS,2023-06-10 15:00:00,17.3,67.3,VSCS
2023-03,AS,2023-06-10 18:00:00,17.4,67.3,VSCS
2023-03,AS,2023-06-10 21:00:00,17.6,67.3,VSCS
2023-03,AS,2023-06-11 00:00:00,17.9,67.4,ESCS
2023-03,AS,2023-06-11 03:00:00,18.0,67.6,ESCS
2023-03,AS,2023-06-11 06:00:00,18.2,67.7,ESCS
2023-03,AS,2023-06-11 09:00:00,18.4,67.7,ESCS
2023-03,AS,2023-06-11 12:00:00,18.6,67.7,ESCS
2023-03,AS,2023-06-11 15:00:00,18.7,67.7,ESCS
2023-03,AS,2023-06-11 18:00:00,18.9,67.7,ESCS
2023-03,AS,2023-06-11 21:00:00,19.0,67.7,ESCS
2023-03,AS,2023-06-12 00:00:00,19.2,67.7,ESCS
2023-03,AS,2023-06-12 03:00:00,19.4,67.7,ESCS
2023-03,AS,2023-06-12 06:00:00,19.6,67.6,ESCS
2023-03,AS,2023-06-12 09:00:00,19.7,67.5,ESCS
2023-03,AS,2023-06-12 12:00:00,19.9,67.3,ESCS
2023-03,AS,2023-06-12 15:00:00,20.0,67.2,ESCS
2023-03,AS,2023-06-12 18:00:00,20.1,67.2,VSCS
2023-03,AS,2023-06-12 21:00:00,20.3,67.2,VSCS
2023-03,AS,2023-06-13 00:00:00,20.6,67.0,VSCS
2023-03,AS,2023-06-13 03:00:00,20.9,66.9,VSCS
2023-03,AS,2023-06-13 06:00:00,21.0,66.7,VSCS
2023-03,AS,2023-06-13 09:00:00,21.1,66.5,VSCS
2023-03,AS,2023-06-13 12:00:00,21.3,66.5,VSCS
2023-03,AS,2023-06-13 15:00:00,21.4,66.4,VSCS
2023-03,AS,2023-06-13 18:00:00,21.7,66.3,VSCS
2023-03,AS,2023-06-13 21:00:00,21.7,66.3,VSCS
2023-03,AS,2023-06-14 00:00:00,21.8,66.3,VSCS
2023-03,AS,2023-06-14 03:00:00,21.8,66.3,VSCS
2023-03,AS,2023-06-14 06:00:00,21.8,66.3,VSCS
2023-03,AS,2023-06-14 09:00:00,21.9,66.5,VSCS
2023-03,AS,2023-06-14 12:00:00,22.0,66.7,VSCS
2023-03,AS,2023-06-14 15:00:00,22.1,66.8,VSCS
2023-03,AS,2023-06-14 18:00:00,22.2,66.9,VSCS
2023-03,AS,2023-06-14 21:00:00,22.3,66.9,VSCS
2023-03,AS,2023-06-15 00:00:00,22.4,67.0,VSCS
2023-03,AS,2023-06-15 03:00:00,22.6,67.1,VSCS
2023-03,AS,2023-06-15 06:00:00,22.7,67.3,VSCS
2023-03,AS,2023-06-15 09:00:00,22.8,67.6,VSCS
2023-03,AS,2023-06-15 12:00:00,22.9,68.0,VSCS
2023-03,AS,2023-06-15 15:00:00,23.1,68.3,VSCS
2023-03,AS,2023-06-15 18:00:00,23.3,68.6,SCS
2023-03,AS,2023-06-15 21:00:00,23.4,68.9,SCS
2023-03,AS,2023-06-16 00:00:00,23.4,69.2,SCS
2023-03,AS,2023-06-16 03:00:00,23.5,69.5,CS
2023-03,AS,2023-06-16 06:00:00,23.7,69.8,CS
2023-03,AS,2023-06-16 09:00:00,23.9,70.0,CS
2023-03,AS,2023-06-16 12:00:00,24.2,70.3,CS
2023-03,AS,2023-06-16 15:00:00,24.5,70.7,CS
2023-03,AS,2023-06-16 18:00:00,24.6,70.9,DD
2023-03,AS,2023-06-17 00:00:00,24.7,71.2,DD
2023-03,AS,2023-06-17 03:00:00,25.0,71.5,DD
2023-03,AS,2023-06-17 06:00:00,25.3,71.9,DD
2023-03,AS,2023-06-17 12:00:00,25.6,72.5,D
2023-03,AS,2023-06-17 18:00:00,25.8,72.8,D
2023-03,AS,2023-06-18 00:00:00,26.0,73.3,D
2023-03,AS,2023-06-18 03:00:00,26.2,73.8,D
2023-03,AS,2023-06-18 06:00:00,26.3,74.0,D
2023-03,AS,2023-06-18 12:00:00,26.3,74.7,D
2023-03,AS,2023-06-18 18:00:00,26.3,75.2,D
2023-03,AS,2023-06-19 00:00:00,26.3,76.0,D
2023-04,BOB,2023-08-01 00:00:00,20.5,91.5,D
2023-04,BOB,2023-08-01 03:00:00,21.2,91.2,DD
2023-04,BOB,2023-08-01 06:00:00,21.6,90.7,DD
2023-04,BOB,2023-08-01 12:00:00,22.5,89.5,DD
2023-04,BOB,2023-08-01 18:00:00,22.8,89.0,DD
2023-04,BOB,2023-08-02 00:00:00,23.1,87.4,DD
2023-04,BOB,2023-08-02 03:00:00,23.2,87.1,DD
2023-04,BOB,2023-08-02 06:00:00,23.3,86.3,DD
2023-04,BOB,2023-08-02 12:00:00,23.3,85.1,D
2023-04,BOB,2023-08-02 18:00:00,23.3,84.1,D
2023-04,BOB,2023-08-03 00:00:00,23.4,83.4,D
2023-04,BOB,2023-08-03 03:00:00,23.5,83.1,D
2023-04,BOB,2023-08-03 06:00:00,23.5,83.1,D
2023-05,AS,2023-09-30 03:00:00,15.9,72.8,D
2023-05,AS,2023-09-30 06:00:00,16.4,73.1,D
2023-05,AS,2023-09-30 12:00:00,16.6,73.2,D
2023-05,AS,2023-09-30 18:00:00,16.8,73.5,D
2023-05,AS,2023-10-01 00:00:00,17.0,74.0,D
2023-06,AS,2023-10-20 03:00:00,9.3,61.7,D
2023-06,AS,2023-10-20 06:00:00,9.3,61.5,D
2023-06,AS,2023-10-20 12:00:00,9.4,61.3,DD
2023-06,AS,2023-10-20 18:00:00,9.5,60.7,DD
2023-06,AS,2023-10-21 00:00:00,9.9,59.4,CS
2023-06,AS,2023-10-21 03:00:00,10.1,58.8,CS
2023-06,AS,2023-10-21 06:00:00,10.3,58.4,SCS
2023-06,AS,2023-10-21 09:00:00,10.2,57.9,SCS
2023-06,AS,2023-10-21 12:00:00,10.6,57.4,SCS
2023-06,AS,2023-10-21 15:00:00,11.1,57.0,VSCS
2023-06,AS,2023-10-21 18:00:00,11.3,56.6,VSCS
2023-06,AS,2023-10-21 21:00:00,11.7,56.1,VSCS
2023-06,AS,2023-10-22 00:00:00,12.0,56.0,VSCS
2023-06,AS,2023-10-22 03:00:00,12.3,55.4,ESCS
2023-06,AS,2023-10-22 06:00:00,12.6,55.1,ESCS
2023-06,AS,2023-10-22 09:00:00,12.9,54.7,ESCS
2023-06,AS,2023-10-22 12:00:00,13.3,54.4,ESCS
2023-06,AS,2023-10-22 15:00:00,13.6,54.1,ESCS
2023-06,AS,2023-10-22 18:00:00,13.8,53.9,ESCS
2023-06,AS,2023-10-22 21:00:00,14.1,53.6,ESCS
2023-06,AS,2023-10-23 00:00:00,14.4,53.5,ESCS
2023-06,AS,2023-10-23 03:00:00,14.7,53.2,VSCS
2023-06,AS,2023-10-23 06:00:00,15.0,52.9,VSCS
2023-06,AS,2023-10-23 09:00:00,15.1,52.8,VSCS
2023-06,AS,2023-10-23 12:00:00,15.4,52.7,VSCS
2023-06,AS,2023-10-23 15:00:00,15.6,52.5,VSCS
2023-06,AS,2023-10-23 18:00:00,15.8,52.3,VSCS
2023-06,AS,2023-10-23 21:00:00,15.9,52.2,VSCS
2023-06,AS,2023-10-24 00:00:00,15.9,52.1,SCS
2023-06,AS,2023-10-24 03:00:00,16.0,51.8,SCS
2023-06,AS,2023-10-24 06:00:00,16.1,51.5,CS
2023-06,AS,2023-10-24 09:00:00,16.1,51.3,DD
2023-06,AS,2023-10-24 12:00:00,16.2,51.0,D
2023-07,BOB,2023-10-21 18:00:00,14.7,86.4,D
2023-07,BOB,2023-10-21 21:00:00,14.8,86.3,D
2023-07,BOB,2023-10-22 00:00:00,14.9,86.3,D
2023-07,BOB,2023-10-22 03:00:00,15.0,86.2,D
2023-07,BOB,2023-10-22 06:00:00,15.3,86.2,D
2023-07,BOB,2023-10-22 09:00:00,15.6,86.2,D
2023-07,BOB,2023-10-22 12:00:00,15.8,86.3,DD
2023-07,BOB,2023-10-22 15:00:00,16.4,86.4,DD
2023-07,BOB,2023-10-22 18:00:00,16.4,86.5,DD
2023-07,BOB,2023-10-22 21:00:00,16.4,86.6,DD
2023-07,BOB,2023-10-23 00:00:00,16.7,86.7,DD
2023-07,BOB,2023-10-23 03:00:00,17.0,86.8,DD
2023-07,BOB,2023-10-23 06:00:00,17.4,87.0,DD
2023-07,BOB,2023-10-23 09:00:00,17.9,87.2,DD
2023-07,BOB,2023-10-23 12:00:00,18.3,87.3,CS
2023-07,BOB,2023-10-23 15:00:00,18.7,87.6,CS
2023-07,BOB,2023-10-23 18:00:00,19.1,88.0,CS
2023-07,BOB,2023-10-23 21:00:00,19.3,88.4,SCS
2023-07,BOB,2023-10-24 00:00:00,19.7,88.8,SCS
2023-07,BOB,2023-10-24 03:00:00,20.0,89.5,VSCS
2023-07,BOB,2023-10-24 06:00:00,20.3,90.0,VSCS
2023-07,BOB,2023-10-24 09:00:00,20.6,90.4,VSCS
2023-07,BOB,2023-10-24 12:00:00,20.8,90.8,SCS
2023-07,BOB,2023-10-24 15:00:00,21.3,91.3,SCS
2023-07,BOB,2023-10-24 18:00:00,21.6,91.6,SCS
2023-07,BOB,2023-10-25 21:00:00,22.0,92.0,CS
2023-07,BOB,2023-10-25 00:00:00,22.2,92.2,CS
2023-07,BOB,2023-10-25 03:00:00,22.4,92.4,DD
2023-07,BOB,2023-10-25 06:00:00,22.7,92.7,D
2023-08,BOB,2023-11-15 03:00:00,14.5,86.8,D
2023-08,BOB,2023-11-15 06:00:00,14.7,86.6,D
2023-08,BOB,2023-11-15 12:00:00,15.3,86.4,D
2023-08,BOB,2023-11-15 18:00:00,16.0,86.4,D
2023-08,BOB,2023-11-16 00:00:00,16.9,86.8,DD
2023-08,BOB,2023-11-16 03:00:00,17.4,87.0,DD
2023-08,BOB,2023-11-16 06:00:00,17.9,87.3,DD
2023-08,BOB,2023-11-16 12:00:00,18.6,87.7,DD
2023-08,BOB,2023-11-16 18:00:00,19.1,88.0,DD
2023-08,BOB,2023-11-17 00:00:00,20.1,88.5,CS
2023-08,BOB,2023-11-17 03:00:00,20.7,89.1,CS
2023-08,BOB,2023-11-17 06:00:00,21.2,89.5,CS
2023-08,BOB,2023-11-17 09:00:00,21.8,90.0,SCS
2023-08,BOB,2023-11-17 12:00:00,22.8,90.8,CS
2023-08,BOB,2023-11-17 15:00:00,23.1,91.1,CS
2023-08,BOB,2023-11-17 18:00:00,23.3,91.3,DD
2023-08,BOB,2023-11-18 00:00:00,23.7,91.7,D
2023-09,BOB,2023-12-01 00:00:00,9.1,86.4,D
2023-09,BOB,2023-12-01 03:00:00,9.3,86.2,D
2023-09,BOB,2023-12-01 06:00:00,9.5,86.0,D
2023-09,BOB,2023-12-01 12:00:00,10.0,85.7,D
2023-09,BOB,2023-12-01 18:00:00,10.3,85.1,D
2023-09,BOB,2023-12-02 03:00:00,10.6,83.6,DD
2023-09,BOB,2023-12-02 06:00:00,10.7,83.2,DD
2023-09,BOB,2023-12-02 12:00:00,10.9,83.1,DD
2023-09,BOB,2023-12-02 18:00:00,11.1,82.7,DD
2023-09,BOB,2023-12-03 00:00:00,11.4,82.5,CS
2023-09,BOB,2023-12-03 03:00:00,11.5,82.4,CS
2023-09,BOB,2023-12-03 06:00:00,11.8,82.2,CS
2023-09,BOB,2023-12-03 09:00:00,12.0,82.1,CS
2023-09,BOB,2023-12-03 12:00:00,12.2,82.0,CS
2023-09,BOB,2023-12-03 15:00:00,12.4,81.9,CS
2023-09,BOB,2023-12-03 18:00:00,12.8,81.6,CS
2023-09,BOB,2023-12-03 21:00:00,13.0,81.4,CS
2023-09,BOB,2023-12-04 00:00:00,13.1,81.2,CS
2023-09,BOB,2023-12-04 03:00:00,13.3,81.0,SCS
2023-09,BOB,2023-12-04 06:00:00,13.5,80.8,SCS
2023-09,BOB,2023-12-04 09:00:00,13.7,80.7,SCS
2023-09,BOB,2023-12-04 12:00:00,14.0,80.5,SCS
2023-09,BOB,2023-12-04 15:00:00,14.3,80.4,SCS
2023-09,BOB,2023-12-04 18:00:00,14.5,80.3,SCS
2023-09,BOB,2023-12-04 21:00:00,14.7,80.2,SCS
2023-09,BOB,2023-12-05 00:00:00,14.9,80.2,SCS
2023-09,BOB,2023-12-05 03:00:00,15.2,80.2,SCS
2023-09,BOB,2023-12-05 06:00:00,15.5,80.3,SCS
2023-09,BOB,2023-12-05 09:00:00,15.8,80.3,SCS
2023-09,BOB,2023-12-05 12:00:00,16.0,80.3,CS
2023-09,BOB,2023-12-05 15:00:00,16.4,80.4,CS
2023-09,BOB,2023-12-05 18:00:00,16.8,80.4,DD
2023-09,BOB,2023-12-06 00:00:00,17.4,80.5,D
2024-01,BOB,2024-05-24 00:00:00,15.0,88.4,D
2024-01,BOB,2024-05-24 03:00:00,15.5,88.7,D
2024-01,BOB,2024-05-24 06:00:00,15.8,88.9,D
2024-01,BOB,2024-05-24 12:00:00,16.2,89.1,D
2024-01,BOB,2024-05-24 18:00:00,16.8,89.4,D
2024-01,BOB,2024-05-25 00:00:00,17.6,89.7,DD
2024-01,BOB,2024-05-25 03:00:00,18.0,89.7,DD
2024-01,BOB,2024-05-25 06:00:00,18.2,89.7,DD
2024-01,BOB,2024-05-25 12:00:00,18.8,89.5,CS
2024-01,BOB,2024-05-25 15:00:00,19.1,89.5,CS
2024-01,BOB,2024-05-25 18:00:00,19.3,89.4,CS
2024-01,BOB,2024-05-25 21:00:00,19.4,89.4,CS
2024-01,BOB,2024-05-26 00:00:00,19.5,89.4,SCS
2024-01,BOB,2024-05-26 03:00:00,19.8,89.3,SCS
2024-01,BOB,2024-05-26 06:00:00,20.2,89.2,SCS
2024-01,BOB,2024-05-26 09:00:00,20.6,89.2,SCS
2024-01,BOB,2024-05-26 12:00:00,21.1,89.2,SCS
2024-01,BOB,2024-05-26 15:00:00,21.4,89.2,SCS
2024-01,BOB,2024-05-26 18:00:00,21.7,89.2,SCS
2024-01,BOB,2024-05-26 21:00:00,22.0,89.2,SCS
2024-01,BOB,2024-05-27 00:00:00,22.5,89.2,CS
2024-01,BOB,2024-05-27 03:00:00,22.8,89.2,CS
2024-01,BOB,2024-05-27 06:00:00,23.0,89.2,CS
2024-01,BOB,2024-05-27 09:00:00,23.3,89.4,CS
2024-01,BOB,2024-05-27 12:00:00,23.6,89.7,CS
2024-01,BOB,2024-05-27 15:00:00,23.8,90.2,DD
2024-01,BOB,2024-05-27 18:00:00,24.0,90.5,DD
2024-01,BOB,2024-05-28 00:00:00,24.4,91.1,D
2024-01,BOB,2024-05-28 03:00:00,24.7,91.5,D
2024-01,BOB,2024-05-28 06:00:00,25.1,91.8,D
2024-02,BOB,2024-07-19 03:00:00,19.1,86.2,D
2024-02,BOB,2024-07-19 06:00:00,19.2,86.0,D
2024-02,BOB,2024-07-19 12:00:00,19.4,85.7,D
2024-02,BOB,2024-07-19 18:00:00,19.5,85.6,D
2024-02,BOB,2024-07-20 00:00:00,19.6,85.5,D
2024-02,BOB,2024-07-20 03:00:00,19.6,85.5,D
2024-02,BOB,2024-07-20 06:00:00,19.7,85.4,D
2024-03,Land,2024-08-02 12:00:00,24.2,85.2,D
2024-03,Land,2024-08-02 18:00:00,24.2,84.9,D
2024-03,Land,2024-08-03 00:00:00,24.3,84.6,D
2024-03,Land,2024-08-03 03:00:00,24.4,84.4,DD
2024-03,Land,2024-08-03 06:00:00,24.5,84.2,DD
2024-03,Land,2024-08-03 12:00:00,24.8,83.0,DD
2024-03,Land,2024-08-03 18:00:00,24.8,81.5,DD
2024-03,Land,2024-08-04 00:00:00,24.9,81.0,DD
2024-03,Land,2024-08-04 03:00:00,25.0,80.7,DD
2024-03,Land,2024-08-04 06:00:00,25.3,79.6,DD
2024-03,Land,2024-08-04 12:00:00,25.8,78.4,DD
2024-03,Land,2024-08-04 18:00:00,26.0,77.6,DD
2024-03,Land,2024-08-05 00:00:00,26.3,76.2,D
2024-03,Land,2024-08-05 03:00:00,26.5,75.6,D
2024-03,Land,2024-08-05 06:00:00,26.8,75.2,D
2024-03,Land,2024-08-05 12:00:00,27.6,73.5,D
2024-03,Land,2024-08-05 18:00:00,28.8,72.0,D
2024-04,Land,2024-08-25 00:00:00,24.5,77.3,D
2024-04,Land,2024-08-25 03:00:00,24.6,76.9,D
2024-04,Land,2024-08-25 06:00:00,24.6,76.5,D
2024-04,Land,2024-08-25 12:00:00,24.4,75.6,D
2024-04,Land,2024-08-25 18:00:00,24.3,74.7,DD
2024-04,Land,2024-08-26 00:00:00,24.2,74.2,DD
2024-04,Land,2024-08-26 03:00:00,24.1,74.0,DD
2024-04,Land,2024-08-26 06:00:00,23.8,73.6,DD
2024-04,Land,2024-08-26 12:00:00,23.8,73.0,DD
2024-04,Land,2024-08-26 18:00:00,23.8,72.4,DD
2024-04,Land,2024-08-27 00:00:00,23.8,72.2,DD
2024-04,Land,2024-08-27 03:00:00,23.8,72.0,DD
2024-04,Land,2024-08-27 06:00:00,23.7,71.7,DD
2024-04,Land,2024-08-27 12:00:00,23.7,71.0,DD
2024-04,Land,2024-08-27 18:00:00,23.7,70.6,DD
2024-04,Land,2024-08-28 00:00:00,23.7,70.0,DD
2024-04,Land,2024-08-28 03:00:00,23.7,69.7,DD
2024-04,Land,2024-08-28 06:00:00,23.7,69.7,DD
2024-04,Land,2024-08-28 12:00:00,23.7,69.7,DD
2024-04,Land,2024-08-28 18:00:00,23.7,69.7,DD
2024-04,Land,2024-08-29 00:00:00,23.7,69.5,DD
2024-04,Land,2024-08-29 03:00:00,23.7,69.4,DD
2024-04,Land,2024-08-29 06:00:00,23.7,69.4,DD
2024-04,Land,2024-08-29 12:00:00,23.6,69.2,DD
2024-04,Land,2024-08-29 18:00:00,23.6,69.0,DD
2024-04,Land,2024-08-30 00:00:00,23.5,68.4,DD
2024-04,Land,2024-08-30 03:00:00,23.5,68.2,DD
2024-04,Land,2024-08-30 06:00:00,23.5,67.9,CS
2024-04,Land,2024-08-30 09:00:00,23.5,67.5,CS
2024-04,Land,2024-08-30 12:00:00,23.5,67.2,CS
2024-04,Land,2024-08-30 15:00:00,23.5,67.0,CS
2024-04,Land,2024-08-30 18:00:00,23.6,66.4,CS
2024-04,Land,2024-08-30 21:00:00,23.6,66.2,CS
2024-04,Land,2024-08-31 00:00:00,23.6,65.8,CS
2024-04,Land,2024-08-31 03:00:00,23.6,65.3,CS
2024-04,Land,2024-08-31 06:00:00,23.6,64.9,CS
2024-04,Land,2024-08-31 09:00:00,23.6,64.4,CS
2024-04,Land,2024-08-31 12:00:00,23.6,64.4,CS
2024-04,Land,2024-08-31 15:00:00,23.6,63.7,CS
2024-04,Land,2024-08-31 18:00:00,23.5,63.7,CS
2024-04,Land,2024-08-31 21:00:00,23.4,63.0,CS
2024-04,Land,2024-09-01 00:00:00,23.2,62.6,CS
2024-04,Land,2024-09-01 03:00:00,23.0,62.3,CS
2024-04,Land,2024-09-01 06:00:00,22.7,62.0,CS
2024-04,Land,2024-09-01 09:00:00,22.5,61.8,CS
2024-04,Land,2024-09-01 12:00:00,22.2,61.7,DD
2024-04,Land,2024-09-01 18:00:00,21.7,61.5,DD
2024-04,Land,2024-09-02 00:00:00,21.2,61.3,D
2024-04,Land,2024-09-02 03:00:00,20.9,61.2,D
2024-05,BOB,2024-08-31 00:00:00,17.5,84.6,D
2024-05,BOB,2024-08-31 03:00:00,17.7,84.5,D
2024-05,BOB,2024-08-31 06:00:00,17.9,84.3,D
2024-05,BOB,2024-08-31 12:00:00,18.1,84.0,D
2024-05,BOB,2024-08-31 18:00:00,18.2,83.8,D
2024-05,BOB,2024-09-01 00:00:00,18.5,83.0,D
2024-05,BOB,2024-09-01 03:00:00,18.7,82.4,D
2024-05,BOB,2024-09-01 06:00:00,18.7,82.1,D
2024-05,BOB,2024-09-01 12:00:00,19.0,81.2,D
2024-05,BOB,2024-09-01 18:00:00,19.3,80.4,D
2024-05,BOB,2024-09-02 00:00:00,19.6,80.0,D
2024-05,BOB,2024-09-02 03:00:00,19.7,79.7,D
2024-05,BOB,2024-09-02 06:00:00,19.8,79.5,D
2024-06,BOB,2024-09-08 00:00:00,17.9,87.0,D
2024-06,BOB,2024-09-08 03:00:00,18.2,86.8,D
2024-06,BOB,2024-09-08 06:00:00,18.4,86.7,D
2024-06,BOB,2024-09-08 12:00:00,18.6,86.4,D
2024-06,BOB,2024-09-08 18:00:00,18.9,86.3,DD
2024-06,BOB,2024-09-09 00:00:00,19.3,86.2,DD
2024-06,BOB,2024-09-09 03:00:00,19.6,86.2,DD
2024-06,BOB,2024-09-09 06:00:00,20.0,86.0,DD
2024-06,BOB,2024-09-09 12:00:00,20.8,85.1,DD
2024-06,BOB,2024-09-09 18:00:00,21.3,84.4,D
2024-06,BOB,2024-09-10 00:00:00,21.7,83.3,D
2024-06,BOB,2024-09-10 03:00:00,21.8,82.8,D
2024-06,BOB,2024-09-10 06:00:00,21.9,82.1,D
2024-07,Land,2024-09-11 03:00:00,24.0,80.0,D
2024-07,Land,2024-09-11 06:00:00,24.2,79.9,D
2024-07,Land,2024-09-11 12:00:00,25.0,79.6,D
2024-07,Land,2024-09-11 18:00:00,26.2,78.2,D
2024-07,Land,2024-09-12 00:00:00,26.7,78.3,D
2024-07,Land,2024-09-12 03:00:00,27.0,78.5,D
2024-07,Land,2024-09-12 06:00:00,27.3,78.7,D
2024-07,Land,2024-09-12 12:00:00,27.5,79.1,D
2024-07,Land,2024-09-12 18:00:00,27.7,79.5,D
2024-07,Land,2024-09-13 00:00:00,28.2,79.3,D
2024-08,BOB,2024-09-13 12:00:00,22.0,90.8,D
2024-08,BOB,2024-09-13 18:00:00,22.3,90.4,D
2024-08,BOB,2024-09-14 00:00:00,22.5,89.6,DD
2024-08,BOB,2024-09-14 03:00:00,22.7,88.8,DD
2024-08,BOB,2024-09-14 06:00:00,22.4,88.3,DD
2024-08,BOB,2024-09-14 12:00:00,22.4,88.5,DD
2024-08,BOB,2024-09-14 18:00:00,22.6,88.5,DD
2024-08,BOB,2024-09-15 00:00:00,22.6,88.0,DD
2024-08,BOB,2024-09-15 03:00:00,22.6,87.8,DD
2024-08,BOB,2024-09-15 06:00:00,22.7,87.6,DD
2024-08,BOB,2024-09-15 12:00:00,22.8,87.4,DD
2024-08,BOB,2024-09-15 18:00:00,22.9,87.2,DD
2024-08,BOB,2024-09-16 00:00:00,23.0,87.0,DD
2024-08,BOB,2024-09-16 03:00:00,23.1,86.7,DD
2024-08,BOB,2024-09-16 06:00:00,23.2,86.4,DD
2024-08,BOB,2024-09-16 12:00:00,23.3,85.2,DD
2024-08,BOB,2024-09-16 18:00:00,23.4,84.6,DD
2024-08,BOB,2024-09-17 00:00:00,23.6,84.2,D
2024-08,BOB,2024-09-17 03:00:00,23.7,83.7,D
2024-08,BOB,2024-09-17 06:00:00,23.7,82.7,D
2024-08,BOB,2024-09-17 12:00:00,24.0,81.3,D
2024-08,BOB,2024-09-17 18:00:00,24.2,80.3,D
2024-09,AS,2024-10-13 12:00:00,15.6,65.0,D
2024-09,AS,2024-10-13 18:00:00,15.7,64.7,D
2024-09,AS,2024-10-14 00:00:00,15.8,64.5,D
2024-09,AS,2024-10-14 03:00:00,15.8,64.3,D
2024-09,AS,2024-10-14 06:00:00,16.0,64.0,D
2024-09,AS,2024-10-14 12:00:00,16.1,62.0,D
2024-09,AS,2024-10-14 18:00:00,16.1,61.5,D
2024-09,AS,2024-10-15 00:00:00,16.1,61.0,D
2024-09,AS,2024-10-15 03:00:00,16.8,60.5,D
2024-09,AS,2024-10-15 06:00:00,17.5,59.8,D
2024-09,AS,2024-10-15 12:00:00,18.3,58.8,D
2024-10,BOB,2024-10-15 12:00:00,11.4,84.4,D
2024-10,BOB,2024-10-15 18:00:00,11.8,84.0,D
2024-10,BOB,2024-10-16 00:00:00,12.1,83.4,D
2024-10,BOB,2024-10-16 03:00:00,12.3,83.0,D
2024-10,BOB,2024-10-16 06:00:00,12.5,82.7,D
2024-10,BOB,2024-10-16 12:00:00,12.9,81.9,D
2024-10,BOB,2024-10-16 18:00:00,13.4,80.8,D
2024-11,BOB,2024-10-22 00:00:00,15.4,91.6,D
2024-11,BOB,2024-10-22 03:00:00,15.5,91.4,D
2024-11,BOB,2024-10-22 06:00:00,15.5,91.3,D
2024-11,BOB,2024-10-22 12:00:00,15.6,90.9,DD
2024-11,BOB,2024-10-22 18:00:00,15.8,90.5,DD
2024-11,BOB,2024-10-23 00:00:00,16.2,89.8,CS
2024-11,BOB,2024-10-23 03:00:00,16.5,89.6,CS
2024-11,BOB,2024-10-23 06:00:00,16.7,89.2,CS
2024-11,BOB,2024-10-23 09:00:00,16.9,89.1,CS
2024-11,BOB,2024-10-23 12:00:00,17.2,88.9,CS
2024-11,BOB,2024-10-23 15:00:00,17.6,88.7,CS
2024-11,BOB,2024-10-23 18:00:00,17.9,88.5,SCS
2024-11,BOB,2024-10-23 21:00:00,18.3,88.3,SCS
2024-11,BOB,2024-10-24 00:00:00,18.6,88.2,SCS
2024-11,BOB,2024-10-24 03:00:00,18.9,88.0,SCS
2024-11,BOB,2024-10-24 06:00:00,19.2,87.8,SCS
2024-11,BOB,2024-10-24 09:00:00,19.4,87.6,SCS
2024-11,BOB,2024-10-24 12:00:00,19.8,87.5,SCS
2024-11,BOB,2024-10-24 15:00:00,20.1,87.3,SCS
2024-11,BOB,2024-10-24 18:00:00,20.5,87.1,SCS
2024-11,BOB,2024-10-24 21:00:00,20.7,87.0,SCS
2024-11,BOB,2024-10-25 00:00:00,21.0,86.8,SCS
2024-11,BOB,2024-10-25 03:00:00,21.2,86.7,CS
2024-11,BOB,2024-10-25 06:00:00,21.3,86.6,CS
2024-11,BOB,2024-10-25 09:00:00,21.4,86.4,DD
2024-11,BOB,2024-10-25 12:00:00,21.4,86.3,DD
2024-11,BOB,2024-10-25 18:00:00,21.4,86.2,D
2024-12,BOB,2024-11-25 03:00:00,5.0,85.3,D
2024-12,BOB,2024-11-25 06:00:00,5.1,84.5,D
2024-12,BOB,2024-11-25 12:00:00,5.2,83.5,D
2024-12,BOB,2024-11-25 18:00:00,5.5,83.2,D
2024-12,BOB,2024-11-26 00:00:00,6.0,82.9,D
2024-12,BOB,2024-11-26 03:00:00,6.3,82.8,DD
2024-12,BOB,2024-11-26 06:00:00,6.6,82.8,DD
2024-12,BOB,2024-11-26 12:00:00,7.0,82.7,DD
2024-12,BOB,2024-11-26 18:00:00,7.5,82.6,DD
2024-12,BOB,2024-11-27 00:00:00,8.2,82.4,DD
2024-12,BOB,2024-11-27 03:00:00,8.5,82.3,DD
2024-12,BOB,2024-11-27 06:00:00,8.7,82.2,DD
2024-12,BOB,2024-11-27 12:00:00,8.9,82.2,DD
2024-12,BOB,2024-11-27 18:00:00,9.0,82.2,DD
2024-12,BOB,2024-11-28 00:00:00,9.0,82.2,DD
2024-12,BOB,2024-11-28 03:00:00,9.1,82.3,DD
2024-12,BOB,2024-11-28 06:00:00,9.3,82.4,DD
2024-12,BOB,2024-11-28 12:00:00,9.6,82.7,DD
2024-12,BOB,2024-11-28 18:00:00,10.1,82.8,DD
2024-12,BOB,2024-11-29 00:00:00,10.4,82.7,DD
2024-12,BOB,2024-11-29 03:00:00,10.6,82.6,DD
2024-12,BOB,2024-11-29 06:00:00,10.9,82.5,DD
2024-12,BOB,2024-11-29 09:00:00,11.2,82.2,CS
2024-12,BOB,2024-11-29 12:00:00,11.5,81.9,CS
2024-12,BOB,2024-11-29 15:00:00,11.6,81.7,CS
2024-12,BOB,2024-11-29 18:00:00,11.8,81.7,CS
2024-12,BOB,2024-11-29 21:00:00,11.9,81.5,CS
2024-12,BOB,2024-11-30 00:00:00,12.2,81.2,CS
2024-12,BOB,2024-11-30 03:00:00,12.3,80.9,CS
2024-12,BOB,2024-11-30 06:00:00,12.3,80.7,CS
2024-12,BOB,2024-11-30 09:00:00,12.3,80.5,CS
2024-12,BOB,2024-11-30 12:00:00,12.3,80.3,CS
2024-12,BOB,2024-11-30 15:00:00,12.2,80.1,CS
2024-12,BOB,2024-11-30 18:00:00,12.0,79.8,CS
2024-12,BOB,2024-11-30 21:00:00,12.0,79.8,CS
2024-12,BOB,2024-12-01 00:00:00,12.0,79.8,CS
2024-12,BOB,2024-12-01 03:00:00,12.0,79.8,CS
2024-12,BOB,2024-12-01 06:00:00,12.0,79.8,DD
2024-12,BOB,2024-12-01 12:00:00,12.1,79.6,D
2024-12,BOB,2024-12-01 18:00:00,12.1,79.2,D
2024-13,BOB,2024-12-20 12:00:00,13.7,83.5,D
2024-13,BOB,2024-12-20 18:00:00,13.9,83.7,D
2024-13,BOB,2024-12-21 00:00:00,13.9,84.2,D
2024-13,BOB,2024-12-21 03:00:00,14.0,84.5,D
2024-13,BOB,2024-12-21 06:00:00,14.1,84.6,D
2025-01,AS,2025-05-24 00:00:00,17.0,73.0,D
2025-01,AS,2025-05-24 03:00:00,17.0,73.2,D
2025-01,AS,2025-05-24 06:00:00,17.0,73.3,D
2025-01,AS,2025-05-24 12:00:00,17.2,74.3,D
2025-01,AS,2025-05-24 18:00:00,17.4,75.3,D
2025-01,BOB,2025-05-29 00:00:00,20.8,88.3,D
2025-01,BOB,2025-05-29 03:00:00,21.3,88.3,DD
2025-01,BOB,2025-05-29 06:00:00,22.0,88.4,DD
2025-01,BOB,2025-05-29 12:00:00,22.2,88.6,DD
2025-01,BOB,2025-05-29 18:00:00,23.0,89.2,DD
2025-01,BOB,2025-05-30 00:00:00,24.1,89.4,D
2025-01,BOB,2025-05-30 03:00:00,24.3,89.6,D
2025-01,BOB,2025-05-30 06:00:00,25.1,90.2,D
2025-01,LAND,2025-07-14 06:00:00,23.0,88.8,D
2025-01,LAND,2025-07-14 12:00:00,23.3,88.4,D
2025-01,LAND,2025-07-14 18:00:00,23.5,88.0,D
2025-01,LAND,2025-07-15 00:00:00,24.0,86.7,D
2025-01,LAND,2025-07-15 03:00:00,27.4,75.4,D
2025-01,LAND,2025-07-15 06:00:00,27.7,75.0,D
2025-01,LAND,2025-07-15 12:00:00,29.0,73.7,D
2025-01,LAND,2025-07-15 18:00:00,29.2,73.5,D
2025-01,LAND,2025-07-17 00:00:00,25.2,81.8,D
2025-01,LAND,2025-07-17 03:00:00,25.2,81.5,D
2025-01,LAND,2025-07-17 06:00:00,25.3,81.2,D
2025-01,LAND,2025-07-17 12:00:00,25.6,80.3,D
2025-01,LAND,2025-07-17 18:00:00,25.8,79.8,D
2025-01,LAND,2025-07-18 00:00:00,26.3,79.0,D
2025-01,LAND,2025-07-18 03:00:00,26.4,78.5,D
2025-01,LAND,2025-07-18 06:00:00,26.4,78.0,D
2025-01,LAND,2025-07-18 12:00:00,27.0,77.2,D
2025-01,LAND,2025-07-18 18:00:00,27.2,76.5,D
2025-01,LAND,2025-07-19 00:00:00,27.4,75.1,D
2025-01,LAND,2025-07-19 03:00:00,27.5,74.6,D
2025-01,LAND,2025-07-19 06:00:00,27.5,74.2,D
2025-01,LAND,2025-07-19 12:00:00,27.5,73.7,D
2025-01,LAND,2025-07-19 18:00:00,27.5,73.0,D
2025-06,BOB,2025-07-25 00:00:00,21.4,89.5,D
2025-06,BOB,2025-07-25 03:00:00,21.7,88.8,D
2025-06,BOB,2025-07-25 06:00:00,22.0,88.4,D
2025-06,BOB,2025-07-25 12:00:00,22.6,87.4,D
2025-06,BOB,2025-07-25 18:00:00,23.0,86.6,D
2025-06,BOB,2025-07-26 00:00:00,23.3,85.0,D
2025-06,BOB,2025-07-26 03:00:00,23.3,84.0,D
2025-06,BOB,2025-07-26 06:00:00,23.3,82.3,D
2025-06,BOB,2025-07-26 12:00:00,23.3,81.7,D
2025-06,BOB,2025-07-26 18:00:00,23.3,81.0,D
2025-07,BOB,2025-08-18 12:00:00,18.9,85.0,D
2025-07,BOB,2025-08-18 18:00:00,19.0,84.9,D
2025-07,BOB,2025-08-19 00:00:00,19.3,84.8,D
2025-07,BOB,2025-08-19 03:00:00,19.8,84.0,D
2025-07,BOB,2025-08-19 06:00:00,20.0,83.3,D
2025-07,LAND,2025-09-06 18:00:00,25.0,72.5,D
2025-07,LAND,2025-09-07 00:00:00,24.3,72.2,D
2025-07,LAND,2025-09-07 03:00:00,24.2,71.8,D
2025-07,LAND,2025-09-07 06:00:00,24.3,71.4,DD
2025-07,LAND,2025-09-07 12:00:00,24.5,71.2,DD
2025-07,LAND,2025-09-07 18:00:00,24.6,71.0,DD
2025-07,LAND,2025-09-08 00:00:00,24.8,70.7,DD
2025-07,LAND,2025-09-08 03:00:00,25.0,70.5,DD
2025-07,LAND,2025-09-08 06:00:00,25.3,70.2,DD
2025-07,LAND,2025-09-08 12:00:00,25.8,69.5,DD
2025-07,LAND,2025-09-08 18:00:00,25.9,69.0,D
2025-07,LAND,2025-09-09 00:00:00,25.8,68.7,D
2025-07,LAND,2025-09-09 03:00:00,25.4,68.4,D
2025-07,LAND,2025-09-09 06:00:00,25.2,68.2,D
2025-07,LAND,2025-09-09 12:00:00,25.0,67.7,D
2025-07,LAND,2025-09-09 18:00:00,24.9,67.1,D
2025-07,LAND,2025-09-10 00:00:00,24.8,66.3,D
2025-07,LAND,2025-09-10 03:00:00,24.8,65.8,D
2025-07,LAND,2025-09-10 06:00:00,24.8,65.3,D
2025-07,LAND,2025-09-10 12:00:00,24.8,64.4,D
2025-07,LAND,2025-09-10 18:00:00,24.8,63.5,D
2025-09,BOB,2025-09-26 12:00:00,19.3,86.1,D
2025-09,BOB,2025-09-26 18:00:00,19.3,85.5,D
2025-09,BOB,2025-09-27 00:00:00,19.3,84.8,D
2025-09,BOB,2025-09-27 03:00:00,19.3,84.2,D
2025-09,BOB,2025-09-27 06:00:00,19.3,83.4,D
2025-09,BOB,2025-09-27 12:00:00,19.7,81.5,D
2025-09,BOB,2025-09-27 18:00:00,20.3,79.5,D
2025-09,BOB,2025-09-28 00:00:00,20.3,77.0,D
2025-09,BOB,2025-09-28 06:00:00,15.8,86.5,D
2025-09,BOB,2025-09-28 12:00:00,16.3,86.3,D
2025-09,BOB,2025-09-28 18:00:00,16.8,86.0,DD
2025-09,BOB,2025-09-28 03:00:00,18.0,85.6,DD
2025-09,AS,2025-10-03 00:00:00,21.3,67.2,DD
2025-09,AS,2025-10-03 03:00:00,21.5,67.0,DD
2025-09,AS,2025-10-03 06:00:00,21.7,66.8,CS
2025-09,AS,2025-10-03 09:00:00,21.8,66.6,CS
2025-09,AS,2025-10-03 12:00:00,22.0,66.4,CS
2025-09,AS,2025-10-03 15:00:00,22.1,66.2,CS
2025-09,AS,2025-10-03 18:00:00,22.0,65.8,CS
2025-09,AS,2025-10-03 21:00:00,22.0,65.6,CS
2025-09,AS,2025-10-04 00:00:00,22.0,65.0,SCS
2025-09,AS,2025-10-04 03:00:00,22.0,64.5,SCS
2025-09,AS,2025-10-04 06:00:00,21.9,64.2,SCS
2025-09,AS,2025-10-04 09:00:00,21.8,63.8,SCS
2025-09,AS,2025-10-04 12:00:00,21.7,63.6,SCS
2025-09,AS,2025-10-04 15:00:00,21.5,63.0,SCS
2025-09,AS,2025-10-04 18:00:00,21.3,62.7,SCS
2025-09,AS,2025-10-04 21:00:00,21.1,62.3,SCS
2025-09,AS,2025-10-05 00:00:00,21.0,61.8,SCS
2025-09,AS,2025-10-05 03:00:00,20.9,61.3,SCS
2025-09,AS,2025-10-05 06:00:00,20.7,61.1,SCS
2025-09,AS,2025-10-05 09:00:00,20.5,61.0,SCS
2025-09,AS,2025-10-05 12:00:00,20.2,60.7,SCS
2025-09,AS,2025-10-05 15:00:00,20.0,60.6,SCS
2025-09,AS,2025-10-05 18:00:00,19.8,60.6,SCS
2025-09,AS,2025-10-05 21:00:00,19.7,60.5,SCS
2025-09,AS,2025-10-06 00:00:00,19.7,60.5,CS
2025-09,AS,2025-10-06 03:00:00,19.7,60.4,CS
2025-09,AS,2025-10-06 06:00:00,19.7,60.3,CS
2025-09,AS,2025-10-06 09:00:00,19.6,60.3,CS
2025-09,AS,2025-10-06 12:00:00,19.6,60.2,CS
2025-09,AS,2025-10-06 15:00:00,19.6,60.1,CS
2025-09,AS,2025-10-06 18:00:00,19.5,60.1,DD
2025-09,AS,2025-10-07 00:00:00,19.2,60.3,DD
2025-09,AS,2025-10-07 03:00:00,19.0,60.5,D
2025-09,AS,2025-10-07 06:00:00,18.9,60.7,D
2025-09,AS,2025-10-07 12:00:00,9.3,67.4,D
2025-09,AS,2025-10-07 18:00:00,9.5,67.6,D
2025-09,BOB,2025-10-07 21:00:00,11.9,85.5,CS
2025-09,BOB,2025-10-07 09:00:00,13.0,84.2,CS
2025-09,BOB,2025-10-07 15:00:00,13.6,83.8,CS
2026-01,BOB,2026-01-07 03:00:00,4.8,88.2,D
2026-01,BOB,2026-01-07 06:00:00,4.9,87.6,D
2026-01,BOB,2026-01-07 12:00:00,5.0,86.8,D
2026-01,BOB,2026-01-07 18:00:00,5.2,86.0,D
2026-01,BOB,2026-01-08 00:00:00,5.4,85.3,DD
2026-01,BOB,2026-01-08 03:00:00,5.5,84.8,DD
2026-01,BOB,2026-01-08 06:00:00,5.7,84.5,DD
2026-01,BOB,2026-01-08 12:00:00,6.3,84.0,DD
2026-01,BOB,2026-01-08 18:00:00,6.7,83.6,DD
2026-01,BOB,2026-01-09 00:00:00,7.0,83.4,DD
2026-01,BOB,2026-01-09 03:00:00,7.4,83.2,DD
2026-01,BOB,2026-01-09 06:00:00,7.8,83.0,DD
2026-01,BOB,2026-01-09 12:00:00,8.3,82.6,DD
2026-01,BOB,2026-01-09 18:00:00,8.5,82.2,DD
2026-01,BOB,2026-01-10 00:00:00,8.8,81.6,D
2026-01,BOB,2026-01-10 03:00:00,9.1,81.2,D
2026-01,BOB,2026-01-10 06:00:00,9.2,81.0,D
2026-01,BOB,2026-01-10 12:00:00,9.3,80.8,D
